{"resourceType":"ImplementationGuide","id":"de.gematik.eflow-chargeitem","text":{"status":"generated","div":"<div xmlns=\"http://www.w3.org/1999/xhtml\"><p class=\"res-header-id\"><b>Generated Narrative: ImplementationGuide de.gematik.eflow-chargeitem</b></p><a name=\"de.gematik.eflow-chargeitem\"> </a><a name=\"hcde.gematik.eflow-chargeitem\"> </a><h2>gemIG_eRp_ChargeItem</h2><p>The official URL for this implementation guide is: </p><pre>https://gematik.de/fhir/erpchrg/ImplementationGuide/de.gematik.eflow-chargeitem</pre></div>"},"url":"https://gematik.de/fhir/erpchrg/ImplementationGuide/de.gematik.eflow-chargeitem","version":"1.1.0-draft","name":"gemIG_eRp_ChargeItem","title":"Abrechnungsinformationen des E-Rezepte für PKV-Versicherte","status":"draft","date":"2026-02-20T13:40:45+00:00","publisher":"gematik GmbH","contact":[{"name":"gematik GmbH","telecom":[{"system":"url","value":"https://gematik.de"},{"system":"email","value":"erp-umsetzung@gematik.de"}]}],"jurisdiction":[{"coding":[{"system":"urn:iso:std:iso:3166","code":"DE","display":"Germany"}]}],"packageId":"de.gematik.eflow-chargeitem","license":"CC0-1.0","fhirVersion":["4.0.1"],"dependsOn":[{"id":"hl7tx","extension":[{"url":"http://hl7.org/fhir/tools/StructureDefinition/implementationguide-dependency-comment","valueMarkdown":"Automatically added as a dependency - all IGs depend on HL7 Terminology"}],"uri":"http://terminology.hl7.org/ImplementationGuide/hl7.terminology","packageId":"hl7.terminology.r4","version":"7.0.1"},{"id":"hl7ext","extension":[{"url":"http://hl7.org/fhir/tools/StructureDefinition/implementationguide-dependency-comment","valueMarkdown":"Automatically added as a dependency - all IGs depend on the HL7 Extension Pack"}],"uri":"http://hl7.org/fhir/extensions/ImplementationGuide/hl7.fhir.uv.extensions","packageId":"hl7.fhir.uv.extensions.r4","version":"5.2.0"},{"id":"de_basisprofil_r4","uri":"http://fhir.org/packages/de.basisprofil.r4/ImplementationGuide/de.basisprofil.r4","packageId":"de.basisprofil.r4","version":"1.5.2"},{"id":"de_gematik_ti","uri":"https://gematik.de/fhir/ti/ImplementationGuide/de.gematik.ti","packageId":"de.gematik.ti","version":"1.2.0"}],"definition":{"extension":[{"extension":[{"url":"code","valueString":"copyrightyear"},{"url":"value","valueString":"2026+"}],"url":"http://hl7.org/fhir/tools/StructureDefinition/ig-parameter"},{"extension":[{"url":"code","valueString":"releaselabel"},{"url":"value","valueString":"ci-build"}],"url":"http://hl7.org/fhir/tools/StructureDefinition/ig-parameter"},{"extension":[{"url":"code","valueString":"no-narrative"},{"url":"value","valueString":"StructureDefinition/*"}],"url":"http://hl7.org/fhir/tools/StructureDefinition/ig-parameter"},{"extension":[{"url":"code","valueString":"no-narrative"},{"url":"value","valueString":"Bundle/*"}],"url":"http://hl7.org/fhir/tools/StructureDefinition/ig-parameter"},{"extension":[{"url":"code","valueString":"no-narrative"},{"url":"value","valueString":"OperationOutcome/*"}],"url":"http://hl7.org/fhir/tools/StructureDefinition/ig-parameter"},{"extension":[{"url":"code","valueString":"no-narrative"},{"url":"value","valueString":"Medication/*"}],"url":"http://hl7.org/fhir/tools/StructureDefinition/ig-parameter"},{"extension":[{"url":"code","valueString":"no-narrative"},{"url":"value","valueString":"MedicationRequest/*"}],"url":"http://hl7.org/fhir/tools/StructureDefinition/ig-parameter"},{"extension":[{"url":"code","valueString":"no-narrative"},{"url":"value","valueString":"MedicationDispense/*"}],"url":"http://hl7.org/fhir/tools/StructureDefinition/ig-parameter"},{"extension":[{"url":"code","valueString":"no-narrative"},{"url":"value","valueString":"Parameters/*"}],"url":"http://hl7.org/fhir/tools/StructureDefinition/ig-parameter"},{"extension":[{"url":"code","valueString":"no-narrative"},{"url":"value","valueString":"CapabilityStatement/*"}],"url":"http://hl7.org/fhir/tools/StructureDefinition/ig-parameter"},{"extension":[{"url":"code","valueString":"no-narrative"},{"url":"value","valueString":"Provenance/*"}],"url":"http://hl7.org/fhir/tools/StructureDefinition/ig-parameter"},{"extension":[{"url":"code","valueString":"autoload-resources"},{"url":"value","valueString":"true"}],"url":"http://hl7.org/fhir/tools/StructureDefinition/ig-parameter"},{"extension":[{"url":"code","valueString":"path-liquid"},{"url":"value","valueString":"template/liquid"}],"url":"http://hl7.org/fhir/tools/StructureDefinition/ig-parameter"},{"extension":[{"url":"code","valueString":"path-liquid"},{"url":"value","valueString":"input/liquid"}],"url":"http://hl7.org/fhir/tools/StructureDefinition/ig-parameter"},{"extension":[{"url":"code","valueString":"path-qa"},{"url":"value","valueString":"temp/qa"}],"url":"http://hl7.org/fhir/tools/StructureDefinition/ig-parameter"},{"extension":[{"url":"code","valueString":"path-temp"},{"url":"value","valueString":"temp/pages"}],"url":"http://hl7.org/fhir/tools/StructureDefinition/ig-parameter"},{"extension":[{"url":"code","valueString":"path-output"},{"url":"value","valueString":"output"}],"url":"http://hl7.org/fhir/tools/StructureDefinition/ig-parameter"},{"extension":[{"url":"code","valueString":"path-suppressed-warnings"},{"url":"value","valueString":"input/ignoreWarnings.txt"}],"url":"http://hl7.org/fhir/tools/StructureDefinition/ig-parameter"},{"extension":[{"url":"code","valueString":"path-history"},{"url":"value","valueString":"https://gematik.de/fhir/erpchrg/history.html"}],"url":"http://hl7.org/fhir/tools/StructureDefinition/ig-parameter"},{"extension":[{"url":"code","valueString":"template-html"},{"url":"value","valueString":"template-page.html"}],"url":"http://hl7.org/fhir/tools/StructureDefinition/ig-parameter"},{"extension":[{"url":"code","valueString":"template-md"},{"url":"value","valueString":"template-page-md.html"}],"url":"http://hl7.org/fhir/tools/StructureDefinition/ig-parameter"},{"extension":[{"url":"code","valueString":"apply-contact"},{"url":"value","valueString":"true"}],"url":"http://hl7.org/fhir/tools/StructureDefinition/ig-parameter"},{"extension":[{"url":"code","valueString":"apply-context"},{"url":"value","valueString":"true"}],"url":"http://hl7.org/fhir/tools/StructureDefinition/ig-parameter"},{"extension":[{"url":"code","valueString":"apply-copyright"},{"url":"value","valueString":"true"}],"url":"http://hl7.org/fhir/tools/StructureDefinition/ig-parameter"},{"extension":[{"url":"code","valueString":"apply-jurisdiction"},{"url":"value","valueString":"true"}],"url":"http://hl7.org/fhir/tools/StructureDefinition/ig-parameter"},{"extension":[{"url":"code","valueString":"apply-license"},{"url":"value","valueString":"true"}],"url":"http://hl7.org/fhir/tools/StructureDefinition/ig-parameter"},{"extension":[{"url":"code","valueString":"apply-publisher"},{"url":"value","valueString":"true"}],"url":"http://hl7.org/fhir/tools/StructureDefinition/ig-parameter"},{"extension":[{"url":"code","valueString":"apply-version"},{"url":"value","valueString":"true"}],"url":"http://hl7.org/fhir/tools/StructureDefinition/ig-parameter"},{"extension":[{"url":"code","valueString":"apply-wg"},{"url":"value","valueString":"true"}],"url":"http://hl7.org/fhir/tools/StructureDefinition/ig-parameter"},{"extension":[{"url":"code","valueString":"active-tables"},{"url":"value","valueString":"true"}],"url":"http://hl7.org/fhir/tools/StructureDefinition/ig-parameter"},{"extension":[{"url":"code","valueString":"fmm-definition"},{"url":"value","valueString":"http://hl7.org/fhir/versions.html#maturity"}],"url":"http://hl7.org/fhir/tools/StructureDefinition/ig-parameter"},{"extension":[{"url":"code","valueString":"propagate-status"},{"url":"value","valueString":"true"}],"url":"http://hl7.org/fhir/tools/StructureDefinition/ig-parameter"},{"extension":[{"url":"code","valueString":"excludelogbinaryformat"},{"url":"value","valueString":"true"}],"url":"http://hl7.org/fhir/tools/StructureDefinition/ig-parameter"},{"extension":[{"url":"code","valueString":"tabbed-snapshots"},{"url":"value","valueString":"true"}],"url":"http://hl7.org/fhir/tools/StructureDefinition/ig-parameter"},{"url":"http://hl7.org/fhir/tools/StructureDefinition/ig-internal-dependency","valueCode":"hl7.fhir.uv.tools.r4#0.9.0"},{"extension":[{"url":"code","valueCode":"copyrightyear"},{"url":"value","valueString":"2026+"}],"url":"http://hl7.org/fhir/tools/StructureDefinition/ig-parameter"},{"extension":[{"url":"code","valueCode":"releaselabel"},{"url":"value","valueString":"ci-build"}],"url":"http://hl7.org/fhir/tools/StructureDefinition/ig-parameter"},{"extension":[{"url":"code","valueCode":"no-narrative"},{"url":"value","valueString":"StructureDefinition/*"}],"url":"http://hl7.org/fhir/tools/StructureDefinition/ig-parameter"},{"extension":[{"url":"code","valueCode":"no-narrative"},{"url":"value","valueString":"Bundle/*"}],"url":"http://hl7.org/fhir/tools/StructureDefinition/ig-parameter"},{"extension":[{"url":"code","valueCode":"no-narrative"},{"url":"value","valueString":"OperationOutcome/*"}],"url":"http://hl7.org/fhir/tools/StructureDefinition/ig-parameter"},{"extension":[{"url":"code","valueCode":"no-narrative"},{"url":"value","valueString":"Medication/*"}],"url":"http://hl7.org/fhir/tools/StructureDefinition/ig-parameter"},{"extension":[{"url":"code","valueCode":"no-narrative"},{"url":"value","valueString":"MedicationRequest/*"}],"url":"http://hl7.org/fhir/tools/StructureDefinition/ig-parameter"},{"extension":[{"url":"code","valueCode":"no-narrative"},{"url":"value","valueString":"MedicationDispense/*"}],"url":"http://hl7.org/fhir/tools/StructureDefinition/ig-parameter"},{"extension":[{"url":"code","valueCode":"no-narrative"},{"url":"value","valueString":"Parameters/*"}],"url":"http://hl7.org/fhir/tools/StructureDefinition/ig-parameter"},{"extension":[{"url":"code","valueCode":"no-narrative"},{"url":"value","valueString":"CapabilityStatement/*"}],"url":"http://hl7.org/fhir/tools/StructureDefinition/ig-parameter"},{"extension":[{"url":"code","valueCode":"no-narrative"},{"url":"value","valueString":"Provenance/*"}],"url":"http://hl7.org/fhir/tools/StructureDefinition/ig-parameter"},{"extension":[{"url":"code","valueCode":"autoload-resources"},{"url":"value","valueString":"true"}],"url":"http://hl7.org/fhir/tools/StructureDefinition/ig-parameter"},{"extension":[{"url":"code","valueCode":"path-liquid"},{"url":"value","valueString":"template/liquid"}],"url":"http://hl7.org/fhir/tools/StructureDefinition/ig-parameter"},{"extension":[{"url":"code","valueCode":"path-liquid"},{"url":"value","valueString":"input/liquid"}],"url":"http://hl7.org/fhir/tools/StructureDefinition/ig-parameter"},{"extension":[{"url":"code","valueCode":"path-qa"},{"url":"value","valueString":"temp/qa"}],"url":"http://hl7.org/fhir/tools/StructureDefinition/ig-parameter"},{"extension":[{"url":"code","valueCode":"path-temp"},{"url":"value","valueString":"temp/pages"}],"url":"http://hl7.org/fhir/tools/StructureDefinition/ig-parameter"},{"extension":[{"url":"code","valueCode":"path-output"},{"url":"value","valueString":"output"}],"url":"http://hl7.org/fhir/tools/StructureDefinition/ig-parameter"},{"extension":[{"url":"code","valueCode":"path-suppressed-warnings"},{"url":"value","valueString":"input/ignoreWarnings.txt"}],"url":"http://hl7.org/fhir/tools/StructureDefinition/ig-parameter"},{"extension":[{"url":"code","valueCode":"path-history"},{"url":"value","valueString":"https://gematik.de/fhir/erpchrg/history.html"}],"url":"http://hl7.org/fhir/tools/StructureDefinition/ig-parameter"},{"extension":[{"url":"code","valueCode":"template-html"},{"url":"value","valueString":"template-page.html"}],"url":"http://hl7.org/fhir/tools/StructureDefinition/ig-parameter"},{"extension":[{"url":"code","valueCode":"template-md"},{"url":"value","valueString":"template-page-md.html"}],"url":"http://hl7.org/fhir/tools/StructureDefinition/ig-parameter"},{"extension":[{"url":"code","valueCode":"apply-contact"},{"url":"value","valueString":"true"}],"url":"http://hl7.org/fhir/tools/StructureDefinition/ig-parameter"},{"extension":[{"url":"code","valueCode":"apply-context"},{"url":"value","valueString":"true"}],"url":"http://hl7.org/fhir/tools/StructureDefinition/ig-parameter"},{"extension":[{"url":"code","valueCode":"apply-copyright"},{"url":"value","valueString":"true"}],"url":"http://hl7.org/fhir/tools/StructureDefinition/ig-parameter"},{"extension":[{"url":"code","valueCode":"apply-jurisdiction"},{"url":"value","valueString":"true"}],"url":"http://hl7.org/fhir/tools/StructureDefinition/ig-parameter"},{"extension":[{"url":"code","valueCode":"apply-license"},{"url":"value","valueString":"true"}],"url":"http://hl7.org/fhir/tools/StructureDefinition/ig-parameter"},{"extension":[{"url":"code","valueCode":"apply-publisher"},{"url":"value","valueString":"true"}],"url":"http://hl7.org/fhir/tools/StructureDefinition/ig-parameter"},{"extension":[{"url":"code","valueCode":"apply-version"},{"url":"value","valueString":"true"}],"url":"http://hl7.org/fhir/tools/StructureDefinition/ig-parameter"},{"extension":[{"url":"code","valueCode":"apply-wg"},{"url":"value","valueString":"true"}],"url":"http://hl7.org/fhir/tools/StructureDefinition/ig-parameter"},{"extension":[{"url":"code","valueCode":"active-tables"},{"url":"value","valueString":"true"}],"url":"http://hl7.org/fhir/tools/StructureDefinition/ig-parameter"},{"extension":[{"url":"code","valueCode":"fmm-definition"},{"url":"value","valueString":"http://hl7.org/fhir/versions.html#maturity"}],"url":"http://hl7.org/fhir/tools/StructureDefinition/ig-parameter"},{"extension":[{"url":"code","valueCode":"propagate-status"},{"url":"value","valueString":"true"}],"url":"http://hl7.org/fhir/tools/StructureDefinition/ig-parameter"},{"extension":[{"url":"code","valueCode":"excludelogbinaryformat"},{"url":"value","valueString":"true"}],"url":"http://hl7.org/fhir/tools/StructureDefinition/ig-parameter"},{"extension":[{"url":"code","valueCode":"tabbed-snapshots"},{"url":"value","valueString":"true"}],"url":"http://hl7.org/fhir/tools/StructureDefinition/ig-parameter"},{"extension":[{"url":"code","valueCode":"copyrightyear"},{"url":"value","valueString":"2026+"}],"url":"http://hl7.org/fhir/tools/StructureDefinition/ig-parameter"},{"extension":[{"url":"code","valueCode":"releaselabel"},{"url":"value","valueString":"ci-build"}],"url":"http://hl7.org/fhir/tools/StructureDefinition/ig-parameter"},{"extension":[{"url":"code","valueCode":"no-narrative"},{"url":"value","valueString":"StructureDefinition/*"}],"url":"http://hl7.org/fhir/tools/StructureDefinition/ig-parameter"},{"extension":[{"url":"code","valueCode":"no-narrative"},{"url":"value","valueString":"Bundle/*"}],"url":"http://hl7.org/fhir/tools/StructureDefinition/ig-parameter"},{"extension":[{"url":"code","valueCode":"no-narrative"},{"url":"value","valueString":"OperationOutcome/*"}],"url":"http://hl7.org/fhir/tools/StructureDefinition/ig-parameter"},{"extension":[{"url":"code","valueCode":"no-narrative"},{"url":"value","valueString":"Medication/*"}],"url":"http://hl7.org/fhir/tools/StructureDefinition/ig-parameter"},{"extension":[{"url":"code","valueCode":"no-narrative"},{"url":"value","valueString":"MedicationRequest/*"}],"url":"http://hl7.org/fhir/tools/StructureDefinition/ig-parameter"},{"extension":[{"url":"code","valueCode":"no-narrative"},{"url":"value","valueString":"MedicationDispense/*"}],"url":"http://hl7.org/fhir/tools/StructureDefinition/ig-parameter"},{"extension":[{"url":"code","valueCode":"no-narrative"},{"url":"value","valueString":"Parameters/*"}],"url":"http://hl7.org/fhir/tools/StructureDefinition/ig-parameter"},{"extension":[{"url":"code","valueCode":"no-narrative"},{"url":"value","valueString":"CapabilityStatement/*"}],"url":"http://hl7.org/fhir/tools/StructureDefinition/ig-parameter"},{"extension":[{"url":"code","valueCode":"no-narrative"},{"url":"value","valueString":"Provenance/*"}],"url":"http://hl7.org/fhir/tools/StructureDefinition/ig-parameter"},{"extension":[{"url":"code","valueCode":"autoload-resources"},{"url":"value","valueString":"true"}],"url":"http://hl7.org/fhir/tools/StructureDefinition/ig-parameter"},{"extension":[{"url":"code","valueCode":"path-liquid"},{"url":"value","valueString":"template/liquid"}],"url":"http://hl7.org/fhir/tools/StructureDefinition/ig-parameter"},{"extension":[{"url":"code","valueCode":"path-liquid"},{"url":"value","valueString":"input/liquid"}],"url":"http://hl7.org/fhir/tools/StructureDefinition/ig-parameter"},{"extension":[{"url":"code","valueCode":"path-qa"},{"url":"value","valueString":"temp/qa"}],"url":"http://hl7.org/fhir/tools/StructureDefinition/ig-parameter"},{"extension":[{"url":"code","valueCode":"path-temp"},{"url":"value","valueString":"temp/pages"}],"url":"http://hl7.org/fhir/tools/StructureDefinition/ig-parameter"},{"extension":[{"url":"code","valueCode":"path-output"},{"url":"value","valueString":"output"}],"url":"http://hl7.org/fhir/tools/StructureDefinition/ig-parameter"},{"extension":[{"url":"code","valueCode":"path-suppressed-warnings"},{"url":"value","valueString":"input/ignoreWarnings.txt"}],"url":"http://hl7.org/fhir/tools/StructureDefinition/ig-parameter"},{"extension":[{"url":"code","valueCode":"path-history"},{"url":"value","valueString":"https://gematik.de/fhir/erpchrg/history.html"}],"url":"http://hl7.org/fhir/tools/StructureDefinition/ig-parameter"},{"extension":[{"url":"code","valueCode":"template-html"},{"url":"value","valueString":"template-page.html"}],"url":"http://hl7.org/fhir/tools/StructureDefinition/ig-parameter"},{"extension":[{"url":"code","valueCode":"template-md"},{"url":"value","valueString":"template-page-md.html"}],"url":"http://hl7.org/fhir/tools/StructureDefinition/ig-parameter"},{"extension":[{"url":"code","valueCode":"apply-contact"},{"url":"value","valueString":"true"}],"url":"http://hl7.org/fhir/tools/StructureDefinition/ig-parameter"},{"extension":[{"url":"code","valueCode":"apply-context"},{"url":"value","valueString":"true"}],"url":"http://hl7.org/fhir/tools/StructureDefinition/ig-parameter"},{"extension":[{"url":"code","valueCode":"apply-copyright"},{"url":"value","valueString":"true"}],"url":"http://hl7.org/fhir/tools/StructureDefinition/ig-parameter"},{"extension":[{"url":"code","valueCode":"apply-jurisdiction"},{"url":"value","valueString":"true"}],"url":"http://hl7.org/fhir/tools/StructureDefinition/ig-parameter"},{"extension":[{"url":"code","valueCode":"apply-license"},{"url":"value","valueString":"true"}],"url":"http://hl7.org/fhir/tools/StructureDefinition/ig-parameter"},{"extension":[{"url":"code","valueCode":"apply-publisher"},{"url":"value","valueString":"true"}],"url":"http://hl7.org/fhir/tools/StructureDefinition/ig-parameter"},{"extension":[{"url":"code","valueCode":"apply-version"},{"url":"value","valueString":"true"}],"url":"http://hl7.org/fhir/tools/StructureDefinition/ig-parameter"},{"extension":[{"url":"code","valueCode":"apply-wg"},{"url":"value","valueString":"true"}],"url":"http://hl7.org/fhir/tools/StructureDefinition/ig-parameter"},{"extension":[{"url":"code","valueCode":"active-tables"},{"url":"value","valueString":"true"}],"url":"http://hl7.org/fhir/tools/StructureDefinition/ig-parameter"},{"extension":[{"url":"code","valueCode":"fmm-definition"},{"url":"value","valueString":"http://hl7.org/fhir/versions.html#maturity"}],"url":"http://hl7.org/fhir/tools/StructureDefinition/ig-parameter"},{"extension":[{"url":"code","valueCode":"propagate-status"},{"url":"value","valueString":"true"}],"url":"http://hl7.org/fhir/tools/StructureDefinition/ig-parameter"},{"extension":[{"url":"code","valueCode":"excludelogbinaryformat"},{"url":"value","valueString":"true"}],"url":"http://hl7.org/fhir/tools/StructureDefinition/ig-parameter"},{"extension":[{"url":"code","valueCode":"tabbed-snapshots"},{"url":"value","valueString":"true"}],"url":"http://hl7.org/fhir/tools/StructureDefinition/ig-parameter"}],"grouping":[{"id":"-dyn-capabilitystatement","name":"Behavior: Capability Statements","description":"The following artifacts define the specific capabilities that different types of systems are expected to have in order to comply with this implementation guide.  Systems conforming to this implementation guide are expected to declare conformance to one or more of the following capability statements."},{"id":"-str-profile","name":"Structures: Resource Profiles","description":"These define constraints on FHIR resources for systems conforming to this implementation guide."},{"id":"-str-extension","name":"Structures: Extension Definitions","description":"These define constraints on FHIR data types for systems conforming to this implementation guide."},{"id":"-term-valueset","name":"Terminology: Value Sets","description":"These define sets of codes used by systems conforming to this implementation guide."},{"id":"-term-codesystem","name":"Terminology: Code Systems","description":"These define new code systems used by systems conforming to this implementation guide."},{"id":"-ex-example","name":"Example: Example Instances","description":"These are example instances that show what data produced and consumed by systems conforming with this implementation guide might look like."}],"resource":[{"extension":[{"url":"http://hl7.org/fhir/tools/StructureDefinition/resource-sort","valueInteger":999999999},{"url":"http://hl7.org/fhir/StructureDefinition/implementationguide-page","valueUri":"CapabilityStatement-erp-fachdienst-client.html"}],"reference":{"reference":"CapabilityStatement/erp-fachdienst-client"},"name":"ERPCHRG CapabilityStatement für Clients des E-Rezept-Fachdienst","description":"Dieses CapabilityStatement legt die Anforderungen an Clients des E-Rezept-Fachdienst für PKV-Abrechnungsinformationen fest.","exampleBoolean":false,"groupingId":"-dyn-capabilitystatement"},{"extension":[{"url":"http://hl7.org/fhir/tools/StructureDefinition/resource-sort","valueInteger":999999999},{"url":"http://hl7.org/fhir/StructureDefinition/implementationguide-page","valueUri":"CapabilityStatement-erp-fachdienst-server-erpchrg.html"}],"reference":{"reference":"CapabilityStatement/erp-fachdienst-server-erpchrg"},"name":"ERPCHRG CapabilityStatement für den E-Rezept-Fachdienst","description":"CapabilityStatement für den E-Rezept-Fachdienst (PKV-Abrechnungsinformationen)","exampleBoolean":false,"groupingId":"-dyn-capabilitystatement"},{"extension":[{"url":"http://hl7.org/fhir/tools/StructureDefinition/resource-sort","valueInteger":999999999},{"url":"http://hl7.org/fhir/StructureDefinition/implementationguide-page","valueUri":"StructureDefinition-GEM-ERPCHRG-PR-PAR-Patch-ChargeItem-Input.html"}],"reference":{"reference":"StructureDefinition/GEM-ERPCHRG-PR-PAR-Patch-ChargeItem-Input"},"name":"GEM ERPCHRG PR PAR Patch ChargeItem Input Parameter","description":"This profile defines the parameters for changing Information for the ChargeItem.","exampleBoolean":false,"groupingId":"-str-profile"},{"extension":[{"url":"http://hl7.org/fhir/tools/StructureDefinition/resource-sort","valueInteger":999999999},{"url":"http://hl7.org/fhir/StructureDefinition/implementationguide-page","valueUri":"StructureDefinition-GEM-ERPCHRG-PR-ChargeItem.html"}],"reference":{"reference":"StructureDefinition/GEM-ERPCHRG-PR-ChargeItem"},"name":"GEM_ERPCHRG_PR_ChargeItem","exampleBoolean":false,"groupingId":"-str-profile"},{"extension":[{"url":"http://hl7.org/fhir/tools/StructureDefinition/resource-sort","valueInteger":999999999},{"url":"http://hl7.org/fhir/StructureDefinition/implementationguide-page","valueUri":"StructureDefinition-GEM-ERPCHRG-PR-Consent.html"}],"reference":{"reference":"StructureDefinition/GEM-ERPCHRG-PR-Consent"},"name":"GEM_ERPCHRG_PR_Consent","exampleBoolean":false,"groupingId":"-str-profile"},{"extension":[{"url":"http://hl7.org/fhir/tools/StructureDefinition/resource-sort","valueInteger":999999999},{"url":"http://hl7.org/fhir/StructureDefinition/implementationguide-page","valueUri":"StructureDefinition-GEM-ERPCHRG-PR-Communication-ChargChangeReply.html"}],"reference":{"reference":"StructureDefinition/GEM-ERPCHRG-PR-Communication-ChargChangeReply"},"name":"Reply on change Request on ChargeItem from pharmacy to Patient","description":"Ressource used for the communication to reply to a change request on a ChargeItem","exampleBoolean":false,"groupingId":"-str-profile"},{"extension":[{"url":"http://hl7.org/fhir/tools/StructureDefinition/resource-sort","valueInteger":999999999},{"url":"http://hl7.org/fhir/StructureDefinition/implementationguide-page","valueUri":"StructureDefinition-GEM-ERPCHRG-PR-Communication-ChargChangeReq.html"}],"reference":{"reference":"StructureDefinition/GEM-ERPCHRG-PR-Communication-ChargChangeReq"},"name":"Request for Modification on ChargeItem","description":"Ressource used for the communication of Change Request on an existing ChargeItem between patient and pharmacy","exampleBoolean":false,"groupingId":"-str-profile"},{"extension":[{"url":"http://hl7.org/fhir/tools/StructureDefinition/resource-sort","valueInteger":999999999},{"url":"http://hl7.org/fhir/StructureDefinition/implementationguide-page","valueUri":"StructureDefinition-GEM-ERPCHRG-EX-MarkingFlag.html"}],"reference":{"reference":"StructureDefinition/GEM-ERPCHRG-EX-MarkingFlag"},"name":"GEM_ERPCHRG_EX_MarkingFlag","exampleBoolean":false,"groupingId":"-str-extension"},{"extension":[{"url":"http://hl7.org/fhir/tools/StructureDefinition/resource-sort","valueInteger":999999999},{"url":"http://hl7.org/fhir/StructureDefinition/implementationguide-page","valueUri":"ValueSet-GEM-ERPCHRG-VS-ConsentType.html"}],"reference":{"reference":"ValueSet/GEM-ERPCHRG-VS-ConsentType"},"name":"ValueSet of Consent Codes","description":"Type of Consents for the ePrescription.","exampleBoolean":false,"groupingId":"-term-valueset"},{"extension":[{"url":"http://hl7.org/fhir/tools/StructureDefinition/resource-sort","valueInteger":999999999},{"url":"http://hl7.org/fhir/StructureDefinition/implementationguide-page","valueUri":"CodeSystem-GEM-ERPCHRG-CS-ConsentType.html"}],"reference":{"reference":"CodeSystem/GEM-ERPCHRG-CS-ConsentType"},"name":"CodeSystem of types for a consent","description":"Type of patient consent.","exampleBoolean":false,"groupingId":"-term-codesystem"},{"extension":[{"url":"http://hl7.org/fhir/tools/StructureDefinition/resource-sort","valueInteger":999999999},{"url":"http://hl7.org/fhir/StructureDefinition/implementationguide-page","valueUri":"ChargeItem-ChargeItem-GET-Completed.html"}],"reference":{"reference":"ChargeItem/ChargeItem-GET-Completed"},"name":"ChargeItem with Bundles completed by Fachdienst","exampleCanonical":"https://gematik.de/fhir/erpchrg/StructureDefinition/GEM_ERPCHRG_PR_ChargeItem","groupingId":"-ex-example"},{"extension":[{"url":"http://hl7.org/fhir/tools/StructureDefinition/resource-sort","valueInteger":999999999},{"url":"http://hl7.org/fhir/StructureDefinition/implementationguide-page","valueUri":"ChargeItem-ChargeItem-POST-Binary.html"}],"reference":{"reference":"ChargeItem/ChargeItem-POST-Binary"},"name":"ChargeItem with contained Binary to Fachdienst","exampleCanonical":"https://gematik.de/fhir/erpchrg/StructureDefinition/GEM_ERPCHRG_PR_ChargeItem","groupingId":"-ex-example"},{"extension":[{"url":"http://hl7.org/fhir/tools/StructureDefinition/resource-sort","valueInteger":999999999},{"url":"http://hl7.org/fhir/StructureDefinition/implementationguide-page","valueUri":"Communication-b4cf7f71-3ade-40ab-97a9-929f95af29f2.html"}],"reference":{"reference":"Communication/b4cf7f71-3ade-40ab-97a9-929f95af29f2"},"name":"Communication message sent by patient to pharmacy to request the change of an existing ChargeItem by providing the AccessCode","exampleCanonical":"https://gematik.de/fhir/erpchrg/StructureDefinition/GEM_ERPCHRG_PR_Communication_ChargChangeReq","groupingId":"-ex-example"},{"extension":[{"url":"http://hl7.org/fhir/tools/StructureDefinition/resource-sort","valueInteger":999999999},{"url":"http://hl7.org/fhir/StructureDefinition/implementationguide-page","valueUri":"Communication-3bbc2209-9c23-4553-986e-a5c9f69a39fb.html"}],"reference":{"reference":"Communication/3bbc2209-9c23-4553-986e-a5c9f69a39fb"},"name":"Communication message sent by pharmacy to patient in response to a previous ChargeItem-related message","exampleCanonical":"https://gematik.de/fhir/erpchrg/StructureDefinition/GEM_ERPCHRG_PR_Communication_ChargChangeReply","groupingId":"-ex-example"},{"extension":[{"url":"http://hl7.org/fhir/tools/StructureDefinition/resource-sort","valueInteger":999999999},{"url":"http://hl7.org/fhir/StructureDefinition/implementationguide-page","valueUri":"Consent-0dcc5d4c-bf24-4c06-b02e-be5bc24587e2.html"}],"reference":{"reference":"Consent/0dcc5d4c-bf24-4c06-b02e-be5bc24587e2"},"name":"Consent to store digital ChargeItem","exampleCanonical":"https://gematik.de/fhir/erpchrg/StructureDefinition/GEM_ERPCHRG_PR_Consent","groupingId":"-ex-example"},{"extension":[{"url":"http://hl7.org/fhir/tools/StructureDefinition/resource-sort","valueInteger":999999999},{"url":"http://hl7.org/fhir/StructureDefinition/implementationguide-page","valueUri":"Consent-ChargeItemConsent-Request.html"}],"reference":{"reference":"Consent/ChargeItemConsent-Request"},"name":"Consent to store digital ChargeItem","exampleCanonical":"https://gematik.de/fhir/erpchrg/StructureDefinition/GEM_ERPCHRG_PR_Consent","groupingId":"-ex-example"},{"extension":[{"url":"http://hl7.org/fhir/tools/StructureDefinition/resource-sort","valueInteger":999999999},{"url":"http://hl7.org/fhir/StructureDefinition/implementationguide-page","valueUri":"Parameters-Example-Parameters-Patch-ChargeItem-1.html"}],"reference":{"reference":"Parameters/Example-Parameters-Patch-ChargeItem-1"},"name":"Example Parameters Patch Charge Item","exampleCanonical":"https://gematik.de/fhir/erpchrg/StructureDefinition/GEM_ERPCHRG_PR_PAR_Patch_ChargeItem_Input","groupingId":"-ex-example"},{"extension":[{"url":"http://hl7.org/fhir/tools/StructureDefinition/resource-sort","valueInteger":999999999},{"url":"http://hl7.org/fhir/StructureDefinition/implementationguide-page","valueUri":"Parameters-Example-Parameters-Patch-ChargeItem-2.html"}],"reference":{"reference":"Parameters/Example-Parameters-Patch-ChargeItem-2"},"name":"Example Parameters Patch Charge Item","exampleCanonical":"https://gematik.de/fhir/erpchrg/StructureDefinition/GEM_ERPCHRG_PR_PAR_Patch_ChargeItem_Input","groupingId":"-ex-example"}],"page":{"extension":[{"url":"http://hl7.org/fhir/tools/StructureDefinition/ig-page-name","valueUrl":"toc.html"}],"nameUrl":"toc.html","title":"Table of Contents","generation":"html","page":[{"extension":[{"url":"http://hl7.org/fhir/tools/StructureDefinition/ig-page-name","valueUrl":"index.html"}],"nameUrl":"index.html","title":"Implementation Guide E-Rezept-Fachdienst","generation":"markdown"},{"extension":[{"url":"http://hl7.org/fhir/tools/StructureDefinition/ig-page-name","valueUrl":"menu-fachlichkeit-ueberblick.html"}],"nameUrl":"menu-fachlichkeit-ueberblick.html","title":"Überblick zur Verordnung und Belieferung von Arzneimitteln","generation":"markdown","page":[{"extension":[{"url":"http://hl7.org/fhir/tools/StructureDefinition/ig-page-name","valueUrl":"menu-fachlichkeit-szenario-pkv.html"}],"nameUrl":"menu-fachlichkeit-szenario-pkv.html","title":"Szenarien für den PKV-Workflow","generation":"markdown"},{"extension":[{"url":"http://hl7.org/fhir/tools/StructureDefinition/ig-page-name","valueUrl":"menu-fachlichkeit-anwendungsfaelle.html"}],"nameUrl":"menu-fachlichkeit-anwendungsfaelle.html","title":"Anwendungsfälle für den Abrechnungsinformationen des E-Rezepts für PKV-Versicherte","generation":"markdown"}]},{"extension":[{"url":"http://hl7.org/fhir/tools/StructureDefinition/ig-page-name","valueUrl":"menu-technische-umsetzung-systemueberblick.html"}],"nameUrl":"menu-technische-umsetzung-systemueberblick.html","title":"Systemüberblick","generation":"markdown","page":[{"extension":[{"url":"http://hl7.org/fhir/tools/StructureDefinition/ig-page-name","valueUrl":"menu-technische-umsetzung-anwendungsfaelle.html"}],"nameUrl":"menu-technische-umsetzung-anwendungsfaelle.html","title":"Technische Anwendungsfälle","generation":"markdown"},{"extension":[{"url":"http://hl7.org/fhir/tools/StructureDefinition/ig-page-name","valueUrl":"menu-technische-umsetzung-verarbeitungsregeln.html"}],"nameUrl":"menu-technische-umsetzung-verarbeitungsregeln.html","title":"Verarbeitungsregeln für den E-Rezept-Fachdienst","generation":"markdown"}]},{"extension":[{"url":"http://hl7.org/fhir/tools/StructureDefinition/ig-page-name","valueUrl":"menu-schnittstellen-generelle-prinzipien.html"}],"nameUrl":"menu-schnittstellen-generelle-prinzipien.html","title":"Generelle Prinzipien","generation":"markdown"},{"extension":[{"url":"http://hl7.org/fhir/tools/StructureDefinition/ig-page-name","valueUrl":"menu-schnittstellen-datenschutz-und-sicherheit.html"}],"nameUrl":"menu-schnittstellen-datenschutz-und-sicherheit.html","title":"Datenschutz und Sicherheit","generation":"markdown"},{"extension":[{"url":"http://hl7.org/fhir/tools/StructureDefinition/ig-page-name","valueUrl":"query-api.html"}],"nameUrl":"query-api.html","title":"Query API","generation":"markdown","page":[{"extension":[{"url":"http://hl7.org/fhir/tools/StructureDefinition/ig-page-name","valueUrl":"query-api-chargeitem.html"}],"nameUrl":"query-api-chargeitem.html","title":"Query API: ChargeItem","generation":"markdown"},{"extension":[{"url":"http://hl7.org/fhir/tools/StructureDefinition/ig-page-name","valueUrl":"query-api-consent.html"}],"nameUrl":"query-api-consent.html","title":"Query API: Consent","generation":"markdown"},{"extension":[{"url":"http://hl7.org/fhir/tools/StructureDefinition/ig-page-name","valueUrl":"query-api-communication.html"}],"nameUrl":"query-api-communication.html","title":"Query API: Communication","generation":"markdown"},{"extension":[{"url":"http://hl7.org/fhir/tools/StructureDefinition/ig-page-name","valueUrl":"query-api-task.html"}],"nameUrl":"query-api-task.html","title":"Query API: Task","generation":"markdown"}]},{"extension":[{"url":"http://hl7.org/fhir/tools/StructureDefinition/ig-page-name","valueUrl":"operation-api.html"}],"nameUrl":"operation-api.html","title":"Operation API","generation":"markdown","page":[{"extension":[{"url":"http://hl7.org/fhir/tools/StructureDefinition/ig-page-name","valueUrl":"op-accept.html"}],"nameUrl":"op-accept.html","title":"Operation: $accept","generation":"markdown"},{"extension":[{"url":"http://hl7.org/fhir/tools/StructureDefinition/ig-page-name","valueUrl":"op-activate.html"}],"nameUrl":"op-activate.html","title":"Operation: $activate","generation":"markdown"}]},{"extension":[{"url":"http://hl7.org/fhir/tools/StructureDefinition/ig-page-name","valueUrl":"artifacts.html"}],"nameUrl":"artifacts.html","title":"FHIR-Artefakte","generation":"markdown","page":[{"extension":[{"url":"http://hl7.org/fhir/tools/StructureDefinition/ig-page-name","valueUrl":"CapabilityStatement-erp-fachdienst-client.html"}],"nameUrl":"CapabilityStatement-erp-fachdienst-client.html","title":"ERPCHRG CapabilityStatement für Clients des E-Rezept-Fachdienst","generation":"generated"},{"extension":[{"url":"http://hl7.org/fhir/tools/StructureDefinition/ig-page-name","valueUrl":"CapabilityStatement-erp-fachdienst-server-erpchrg.html"}],"nameUrl":"CapabilityStatement-erp-fachdienst-server-erpchrg.html","title":"ERPCHRG CapabilityStatement für den E-Rezept-Fachdienst","generation":"generated"},{"extension":[{"url":"http://hl7.org/fhir/tools/StructureDefinition/ig-page-name","valueUrl":"StructureDefinition-GEM-ERPCHRG-PR-PAR-Patch-ChargeItem-Input.html"}],"nameUrl":"StructureDefinition-GEM-ERPCHRG-PR-PAR-Patch-ChargeItem-Input.html","title":"GEM ERPCHRG PR PAR Patch ChargeItem Input Parameter","generation":"generated"},{"extension":[{"url":"http://hl7.org/fhir/tools/StructureDefinition/ig-page-name","valueUrl":"StructureDefinition-GEM-ERPCHRG-PR-ChargeItem.html"}],"nameUrl":"StructureDefinition-GEM-ERPCHRG-PR-ChargeItem.html","title":"GEM_ERPCHRG_PR_ChargeItem","generation":"generated"},{"extension":[{"url":"http://hl7.org/fhir/tools/StructureDefinition/ig-page-name","valueUrl":"StructureDefinition-GEM-ERPCHRG-PR-Consent.html"}],"nameUrl":"StructureDefinition-GEM-ERPCHRG-PR-Consent.html","title":"GEM_ERPCHRG_PR_Consent","generation":"generated"},{"extension":[{"url":"http://hl7.org/fhir/tools/StructureDefinition/ig-page-name","valueUrl":"StructureDefinition-GEM-ERPCHRG-PR-Communication-ChargChangeReply.html"}],"nameUrl":"StructureDefinition-GEM-ERPCHRG-PR-Communication-ChargChangeReply.html","title":"Reply on change Request on ChargeItem from pharmacy to Patient","generation":"generated"},{"extension":[{"url":"http://hl7.org/fhir/tools/StructureDefinition/ig-page-name","valueUrl":"StructureDefinition-GEM-ERPCHRG-PR-Communication-ChargChangeReq.html"}],"nameUrl":"StructureDefinition-GEM-ERPCHRG-PR-Communication-ChargChangeReq.html","title":"Request for Modification on ChargeItem","generation":"generated"},{"extension":[{"url":"http://hl7.org/fhir/tools/StructureDefinition/ig-page-name","valueUrl":"StructureDefinition-GEM-ERPCHRG-EX-MarkingFlag.html"}],"nameUrl":"StructureDefinition-GEM-ERPCHRG-EX-MarkingFlag.html","title":"GEM_ERPCHRG_EX_MarkingFlag","generation":"generated"},{"extension":[{"url":"http://hl7.org/fhir/tools/StructureDefinition/ig-page-name","valueUrl":"ValueSet-GEM-ERPCHRG-VS-ConsentType.html"}],"nameUrl":"ValueSet-GEM-ERPCHRG-VS-ConsentType.html","title":"ValueSet of Consent Codes","generation":"generated"},{"extension":[{"url":"http://hl7.org/fhir/tools/StructureDefinition/ig-page-name","valueUrl":"CodeSystem-GEM-ERPCHRG-CS-ConsentType.html"}],"nameUrl":"CodeSystem-GEM-ERPCHRG-CS-ConsentType.html","title":"CodeSystem of types for a consent","generation":"generated"},{"extension":[{"url":"http://hl7.org/fhir/tools/StructureDefinition/ig-page-name","valueUrl":"ChargeItem-ChargeItem-GET-Completed.html"}],"nameUrl":"ChargeItem-ChargeItem-GET-Completed.html","title":"ChargeItem with Bundles completed by Fachdienst","generation":"generated"},{"extension":[{"url":"http://hl7.org/fhir/tools/StructureDefinition/ig-page-name","valueUrl":"ChargeItem-ChargeItem-POST-Binary.html"}],"nameUrl":"ChargeItem-ChargeItem-POST-Binary.html","title":"ChargeItem with contained Binary to Fachdienst","generation":"generated"},{"extension":[{"url":"http://hl7.org/fhir/tools/StructureDefinition/ig-page-name","valueUrl":"Communication-b4cf7f71-3ade-40ab-97a9-929f95af29f2.html"}],"nameUrl":"Communication-b4cf7f71-3ade-40ab-97a9-929f95af29f2.html","title":"Communication message sent by patient to pharmacy to request the change of an existing ChargeItem by providing the AccessCode","generation":"generated"},{"extension":[{"url":"http://hl7.org/fhir/tools/StructureDefinition/ig-page-name","valueUrl":"Communication-3bbc2209-9c23-4553-986e-a5c9f69a39fb.html"}],"nameUrl":"Communication-3bbc2209-9c23-4553-986e-a5c9f69a39fb.html","title":"Communication message sent by pharmacy to patient in response to a previous ChargeItem-related message","generation":"generated"},{"extension":[{"url":"http://hl7.org/fhir/tools/StructureDefinition/ig-page-name","valueUrl":"Consent-ChargeItemConsent-Request.html"}],"nameUrl":"Consent-ChargeItemConsent-Request.html","title":"Consent to store digital ChargeItem","generation":"generated"},{"extension":[{"url":"http://hl7.org/fhir/tools/StructureDefinition/ig-page-name","valueUrl":"Consent-0dcc5d4c-bf24-4c06-b02e-be5bc24587e2.html"}],"nameUrl":"Consent-0dcc5d4c-bf24-4c06-b02e-be5bc24587e2.html","title":"Consent to store digital ChargeItem","generation":"generated"},{"extension":[{"url":"http://hl7.org/fhir/tools/StructureDefinition/ig-page-name","valueUrl":"Parameters-Example-Parameters-Patch-ChargeItem-1.html"}],"nameUrl":"Parameters-Example-Parameters-Patch-ChargeItem-1.html","title":"Example Parameters Patch Charge Item","generation":"generated"},{"extension":[{"url":"http://hl7.org/fhir/tools/StructureDefinition/ig-page-name","valueUrl":"Parameters-Example-Parameters-Patch-ChargeItem-2.html"}],"nameUrl":"Parameters-Example-Parameters-Patch-ChargeItem-2.html","title":"Example Parameters Patch Charge Item","generation":"generated"}]},{"extension":[{"url":"http://hl7.org/fhir/tools/StructureDefinition/ig-page-name","valueUrl":"menu-schnittstellen-additional-api.html"}],"nameUrl":"menu-schnittstellen-additional-api.html","title":"Additional APIs","generation":"markdown"},{"extension":[{"url":"http://hl7.org/fhir/tools/StructureDefinition/ig-page-name","valueUrl":"referenced.html"}],"nameUrl":"referenced.html","title":"Referenzen","generation":"markdown"},{"extension":[{"url":"http://hl7.org/fhir/tools/StructureDefinition/ig-page-name","valueUrl":"downloads.html"}],"nameUrl":"downloads.html","title":"Downloads","generation":"markdown"},{"extension":[{"url":"http://hl7.org/fhir/tools/StructureDefinition/ig-page-name","valueUrl":"release-notes.html"}],"nameUrl":"release-notes.html","title":"Release Notes","generation":"markdown"},{"extension":[{"url":"http://hl7.org/fhir/tools/StructureDefinition/ig-page-name","valueUrl":"spec-sheet.html"}],"nameUrl":"spec-sheet.html","title":"Steckbriefe","generation":"markdown"},{"extension":[{"url":"http://hl7.org/fhir/tools/StructureDefinition/ig-page-name","valueUrl":"license.html"}],"nameUrl":"license.html","title":"Apache Licence","generation":"markdown"}]},"parameter":[{"code":"path-pages","value":"input/pagecontent"},{"code":"path-pages","value":"input/content"},{"code":"path-resource","value":"input/capabilities"},{"code":"path-resource","value":"input/examples"},{"code":"path-resource","value":"input/extensions"},{"code":"path-resource","value":"input/models"},{"code":"path-resource","value":"input/operations"},{"code":"path-resource","value":"input/profiles"},{"code":"path-resource","value":"input/resources"},{"code":"path-resource","value":"input/vocabulary"},{"code":"path-resource","value":"input/maps"},{"code":"path-resource","value":"input/testing"},{"code":"path-resource","value":"input/history"},{"code":"path-resource","value":"fsh-generated/resources"},{"code":"path-pages","value":"template/config"},{"code":"path-pages","value":"input/images"},{"code":"path-tx-cache","value":"input-cache/txcache"}]}}