<?xml version="1.0" encoding="UTF-8"?><CodeSystem xmlns="http://hl7.org/fhir"><id value="eflow-rx-availabilitystatus"/><text><status value="generated"/><div xmlns="http://www.w3.org/1999/xhtml"><p class="res-header-id"><b>Generated Narrative: CodeSystem eflow-rx-availabilitystatus</b></p><a name="eflow-rx-availabilitystatus"> </a><a name="hceflow-rx-availabilitystatus"> </a><p>This case-sensitive code system <code>https://gematik.de/fhir/erp/CodeSystem/eflow-rx-availabilitystatus</code> defines the following codes:</p><table class="codes"><tr><td style="white-space:nowrap"><b>Code</b></td><td><b>Display</b></td></tr><tr><td style="white-space:nowrap">10<a name="eflow-rx-availabilitystatus-10"> </a></td><td>sofort verfügbar</td></tr><tr><td style="white-space:nowrap">20<a name="eflow-rx-availabilitystatus-20"> </a></td><td>noch Heute verfügbar</td></tr><tr><td style="white-space:nowrap">30<a name="eflow-rx-availabilitystatus-30"> </a></td><td>am nächsten Werktag - vormittags</td></tr><tr><td style="white-space:nowrap">40<a name="eflow-rx-availabilitystatus-40"> </a></td><td>am nächsten Werktag- nachmittags</td></tr><tr><td style="white-space:nowrap">50<a name="eflow-rx-availabilitystatus-50"> </a></td><td>nicht verfügbar</td></tr><tr><td style="white-space:nowrap">90<a name="eflow-rx-availabilitystatus-90"> </a></td><td>unbekannt</td></tr></table></div></text><url value="https://gematik.de/fhir/erp/CodeSystem/eflow-rx-availabilitystatus"/><version value="1.0.0-draft"/><name value="EFlowRxAvailabilityStatusCS"/><title value="CodeSystem des Verfügbarkeitsstatus"/><status value="draft"/><experimental value="false"/><date value="2025-12-15"/><publisher value="gematik GmbH"/><contact><name value="gematik GmbH"/><telecom><system value="url"/><value value="https://gematik.de"/></telecom><telecom><system value="email"/><value value="erp-umsetzung@gematik.de"/></telecom></contact><description value="Typ des Verfügbarkeitsstatus für die Anfrage zur Medikamentenverfügbarkeit."/><jurisdiction><coding><system value="urn:iso:std:iso:3166"/><code value="DE"/><display value="Germany"/></coding></jurisdiction><copyright value="gematik GmbH / Dieses Artefakt ist lizenziert unter [Apache License](./license.html), Version 2.0."/><caseSensitive value="true"/><content value="complete"/><count value="6"/><concept><code value="10"/><display value="sofort verfügbar"/><designation><use><system value="http://terminology.hl7.org/CodeSystem/hl7TermMaintInfra"/><code value="preferredForLanguage"/></use><value value="sofort verfügbar"/></designation></concept><concept><code value="20"/><display value="noch Heute verfügbar"/><designation><use><system value="http://terminology.hl7.org/CodeSystem/hl7TermMaintInfra"/><code value="preferredForLanguage"/></use><value value="noch Heute verfügbar"/></designation></concept><concept><code value="30"/><display value="am nächsten Werktag - vormittags"/><designation><use><system value="http://terminology.hl7.org/CodeSystem/hl7TermMaintInfra"/><code value="preferredForLanguage"/></use><value value="am nächsten Werktag - vormittags"/></designation></concept><concept><code value="40"/><display value="am nächsten Werktag- nachmittags"/><designation><use><system value="http://terminology.hl7.org/CodeSystem/hl7TermMaintInfra"/><code value="preferredForLanguage"/></use><value value="am nächsten Werktag- nachmittags"/></designation></concept><concept><code value="50"/><display value="nicht verfügbar"/><designation><use><system value="http://terminology.hl7.org/CodeSystem/hl7TermMaintInfra"/><code value="preferredForLanguage"/></use><value value="nicht verfügbar"/></designation></concept><concept><code value="90"/><display value="unbekannt"/><designation><use><system value="http://terminology.hl7.org/CodeSystem/hl7TermMaintInfra"/><code value="preferredForLanguage"/></use><value value="unbekannt"/></designation></concept></CodeSystem>