<?xml version="1.0" encoding="UTF-8"?><CodeSystem xmlns="http://hl7.org/fhir"><id value="eflow-rx-operationoutcomedetails"/><text><status value="generated"/><div xmlns="http://www.w3.org/1999/xhtml"><p class="res-header-id"><b>Generated Narrative: CodeSystem eflow-rx-operationoutcomedetails</b></p><a name="eflow-rx-operationoutcomedetails"> </a><a name="hceflow-rx-operationoutcomedetails"> </a><p>This case-sensitive code system <code>https://gematik.de/fhir/erp/CodeSystem/eflow-rx-operationoutcomedetails</code> defines the following codes:</p><table class="codes"><tr><td style="white-space:nowrap"><b>Code</b></td><td><b>Display</b></td></tr><tr><td style="white-space:nowrap">ERPFD_NO_VALID_STRUCTURE<a name="eflow-rx-operationoutcomedetails-ERPFD_NO_VALID_STRUCTURE"> </a></td><td>Invalid Data Structure in ePrescription Service</td></tr><tr><td style="white-space:nowrap">ERPFD_PRESCRIPTION_NO_EXIST<a name="eflow-rx-operationoutcomedetails-ERPFD_PRESCRIPTION_NO_EXIST"> </a></td><td>Prescription Not Found in ePrescription Service</td></tr><tr><td style="white-space:nowrap">ERPFD_PRESCRIPTION_STATUS<a name="eflow-rx-operationoutcomedetails-ERPFD_PRESCRIPTION_STATUS"> </a></td><td>Operation Not Permitted on Current Prescription Status</td></tr><tr><td style="white-space:nowrap">ERPFD_PARAMETERS_REFERENCE_NO_EXIST<a name="eflow-rx-operationoutcomedetails-ERPFD_PARAMETERS_REFERENCE_NO_EXIST"> </a></td><td>Unresolved Reference in Parameters</td></tr><tr><td style="white-space:nowrap">ERPFD_PARAMETERS_INVALID_CONTENT<a name="eflow-rx-operationoutcomedetails-ERPFD_PARAMETERS_INVALID_CONTENT"> </a></td><td>Provided content not allowed</td></tr><tr><td style="white-space:nowrap">ERPFD_DOSAGE_INVALID<a name="eflow-rx-operationoutcomedetails-ERPFD_DOSAGE_INVALID"> </a></td><td>Invalid dosage structure or content</td></tr></table></div></text><url value="https://gematik.de/fhir/erp/CodeSystem/eflow-rx-operationoutcomedetails"/><version value="1.0.0-draft"/><name value="EFlowRxOperationOutcomeDetailsCS"/><title value="GEM ERP CS OperationOutcomeDetails"/><status value="draft"/><experimental value="false"/><date value="2025-12-15"/><publisher value="gematik GmbH"/><contact><name value="gematik GmbH"/><telecom><system value="url"/><value value="https://gematik.de"/></telecom><telecom><system value="email"/><value value="erp-umsetzung@gematik.de"/></telecom></contact><description value="Fachliche Fehlercodes des E-Rezept-Fachdienst"/><jurisdiction><coding><system value="urn:iso:std:iso:3166"/><code value="DE"/><display value="Germany"/></coding></jurisdiction><copyright value="gematik GmbH / Dieses Artefakt ist lizenziert unter [Apache License](./license.html), Version 2.0."/><caseSensitive value="true"/><content value="complete"/><count value="6"/><concept><code value="ERPFD_NO_VALID_STRUCTURE"/><display value="Invalid Data Structure in ePrescription Service"/><designation><use><system value="http://terminology.hl7.org/CodeSystem/hl7TermMaintInfra"/><code value="preferredForLanguage"/></use><value value="Invalid Data Structure in ePrescription Service"/></designation></concept><concept><code value="ERPFD_PRESCRIPTION_NO_EXIST"/><display value="Prescription Not Found in ePrescription Service"/><designation><use><system value="http://terminology.hl7.org/CodeSystem/hl7TermMaintInfra"/><code value="preferredForLanguage"/></use><value value="Prescription Not Found in ePrescription Service"/></designation></concept><concept><code value="ERPFD_PRESCRIPTION_STATUS"/><display value="Operation Not Permitted on Current Prescription Status"/><designation><use><system value="http://terminology.hl7.org/CodeSystem/hl7TermMaintInfra"/><code value="preferredForLanguage"/></use><value value="Operation Not Permitted on Current Prescription Status"/></designation></concept><concept><code value="ERPFD_PARAMETERS_REFERENCE_NO_EXIST"/><display value="Unresolved Reference in Parameters"/><designation><use><system value="http://terminology.hl7.org/CodeSystem/hl7TermMaintInfra"/><code value="preferredForLanguage"/></use><value value="Unresolved Reference in Parameters"/></designation></concept><concept><code value="ERPFD_PARAMETERS_INVALID_CONTENT"/><display value="Provided content not allowed"/><designation><use><system value="http://terminology.hl7.org/CodeSystem/hl7TermMaintInfra"/><code value="preferredForLanguage"/></use><value value="Provided content not allowed"/></designation></concept><concept><code value="ERPFD_DOSAGE_INVALID"/><display value="Invalid dosage structure or content"/><designation><use><system value="http://terminology.hl7.org/CodeSystem/hl7TermMaintInfra"/><code value="preferredForLanguage"/></use><value value="Invalid dosage structure or content"/></designation></concept></CodeSystem>