<?xml version="1.0" encoding="UTF-8"?><CodeSystem xmlns="http://hl7.org/fhir"><id value="GEM-ERP-CS-OrganizationType"/><text><status value="generated"/><div xmlns="http://www.w3.org/1999/xhtml"><p class="res-header-id"><b>Generated Narrative: CodeSystem GEM-ERP-CS-OrganizationType</b></p><a name="GEM-ERP-CS-OrganizationType"> </a><a name="hcGEM-ERP-CS-OrganizationType"> </a><p>This case-sensitive code system <code>https://gematik.de/fhir/erp/CodeSystem/GEM-ERP-CS-OrganizationType</code> defines the following codes:</p><table class="codes"><tr><td style="white-space:nowrap"><b>Code</b></td><td><b>Display</b></td></tr><tr><td style="white-space:nowrap">urn:oid:1.2.276.0.76.4.54<a name="GEM-ERP-CS-OrganizationType-urn.58oid.581.462.46276.460.4676.464.4654"> </a></td><td>Öffentliche Apotheke</td></tr><tr><td style="white-space:nowrap">urn:oid:1.2.276.0.76.4.59<a name="GEM-ERP-CS-OrganizationType-urn.58oid.581.462.46276.460.4676.464.4659"> </a></td><td>Kostenträger</td></tr></table></div></text><url value="https://gematik.de/fhir/erp/CodeSystem/GEM-ERP-CS-OrganizationType"/><version value="1.0.0-draft"/><name value="GEM_ERP_CS_OrganizationType"/><title value="CodeSystem der Organisationstyp-Codes"/><status value="draft"/><experimental value="false"/><date value="2025-12-15"/><publisher value="gematik GmbH"/><contact><name value="gematik GmbH"/><telecom><system value="url"/><value value="https://gematik.de"/></telecom><telecom><system value="email"/><value value="erp-umsetzung@gematik.de"/></telecom></contact><description value="Typ der Organisation, bei der E-Rezepte eingelöst werden können."/><jurisdiction><coding><system value="urn:iso:std:iso:3166"/><code value="DE"/><display value="Germany"/></coding></jurisdiction><copyright value="gematik GmbH / Dieses Artefakt ist lizenziert unter [Apache License](./license.html), Version 2.0."/><caseSensitive value="true"/><content value="complete"/><count value="2"/><concept><code value="urn:oid:1.2.276.0.76.4.54"/><display value="Öffentliche Apotheke"/><designation><use><system value="http://terminology.hl7.org/CodeSystem/hl7TermMaintInfra"/><code value="preferredForLanguage"/></use><value value="Öffentliche Apotheke"/></designation></concept><concept><code value="urn:oid:1.2.276.0.76.4.59"/><display value="Kostenträger"/><designation><use><system value="http://terminology.hl7.org/CodeSystem/hl7TermMaintInfra"/><code value="preferredForLanguage"/></use><value value="Kostenträger"/></designation></concept></CodeSystem>