<?xml version="1.0" encoding="UTF-8"?><CodeSystem xmlns="http://hl7.org/fhir"><id value="eflow-rx-documenttype"/><text><status value="generated"/><div xmlns="http://www.w3.org/1999/xhtml"><p class="res-header-id"><b>Generated Narrative: CodeSystem eflow-rx-documenttype</b></p><a name="eflow-rx-documenttype"> </a><a name="hceflow-rx-documenttype"> </a><p>This case-sensitive code system <code>https://gematik.de/fhir/erp/CodeSystem/eflow-rx-documenttype</code> defines the following codes:</p><table class="codes"><tr><td style="white-space:nowrap"><b>Code</b></td><td><b>Display</b></td></tr><tr><td style="white-space:nowrap">1<a name="eflow-rx-documenttype-1"> </a></td><td>Health Care Provider Prescription</td></tr><tr><td style="white-space:nowrap">2<a name="eflow-rx-documenttype-2"> </a></td><td>Patient Confirmation</td></tr><tr><td style="white-space:nowrap">3<a name="eflow-rx-documenttype-3"> </a></td><td>Receipt</td></tr></table></div></text><url value="https://gematik.de/fhir/erp/CodeSystem/eflow-rx-documenttype"/><version value="1.0.0-draft"/><name value="EFlowRxDocumentTypeCS"/><title value="CodeSystem der Dokumententypen"/><status value="draft"/><experimental value="false"/><date value="2025-12-15"/><publisher value="gematik GmbH"/><contact><name value="gematik GmbH"/><telecom><system value="url"/><value value="https://gematik.de"/></telecom><telecom><system value="email"/><value value="erp-umsetzung@gematik.de"/></telecom></contact><description value="Dokumententyp abhängig vom Empfänger des Bundles."/><jurisdiction><coding><system value="urn:iso:std:iso:3166"/><code value="DE"/><display value="Germany"/></coding></jurisdiction><copyright value="gematik GmbH / Dieses Artefakt ist lizenziert unter [Apache License](./license.html), Version 2.0."/><caseSensitive value="true"/><content value="complete"/><count value="3"/><concept><code value="1"/><display value="Health Care Provider Prescription"/><designation><use><system value="http://terminology.hl7.org/CodeSystem/hl7TermMaintInfra"/><code value="preferredForLanguage"/></use><value value="Health Care Provider Prescription"/></designation></concept><concept><code value="2"/><display value="Patient Confirmation"/><designation><use><system value="http://terminology.hl7.org/CodeSystem/hl7TermMaintInfra"/><code value="preferredForLanguage"/></use><value value="Patient Confirmation"/></designation></concept><concept><code value="3"/><display value="Receipt"/><designation><use><system value="http://terminology.hl7.org/CodeSystem/hl7TermMaintInfra"/><code value="preferredForLanguage"/></use><value value="Receipt"/></designation></concept></CodeSystem>