<?xml version="1.0" encoding="UTF-8"?><OperationDefinition xmlns="http://hl7.org/fhir"><id value="AbortOperation"/><text><status value="generated"/><div xmlns="http://www.w3.org/1999/xhtml"><p class="res-header-id"><b>Generated Narrative: OperationDefinition AbortOperation</b></p><a name="AbortOperation"> </a><a name="hcAbortOperation"> </a><p>URL: [base]/Task/[id]/$abort</p><h3>Parameters</h3><table class="grid"><tr><td><b>Use</b></td><td><b>Name</b></td><td><b>Scope</b></td><td><b>Cardinality</b></td><td><b>Type</b></td><td><b>Binding</b></td><td><b>Documentation</b></td></tr><tr><td>IN</td><td>ac</td><td/><td>0..1</td><td><a href="http://hl7.org/fhir/R4/datatypes.html#string">string</a></td><td/><td><div><p>[Nur von Patienten und Anbietern (Ärzten/Zahnärzten) zu verwenden] Der secret Parameter, der es Benutzern ermöglicht, exklusiv über die URL und den Parameter ?ac auf die Aufgabe zuzugreifen.</p>
</div></td></tr><tr><td>IN</td><td>secret</td><td/><td>0..1</td><td><a href="http://hl7.org/fhir/R4/datatypes.html#string">string</a></td><td/><td><div><p>[Nur von der Apotheke zu verwenden] Der secret Parameter, der es einer Apotheke ermöglicht, exklusiv über die URL und den Parameter ?secret auf die Aufgabe zuzugreifen.</p>
</div></td></tr></table></div></text><url value="https://gematik.de/fhir/erp/OperationDefinition/AbortOperation"/><version value="1.0.0-draft"/><name value="Abort"/><status value="draft"/><kind value="operation"/><date value="2025-12-15"/><publisher value="gematik GmbH"/><contact><name value="gematik GmbH"/><telecom><system value="url"/><value value="https://gematik.de"/></telecom><telecom><system value="email"/><value value="erp-umsetzung@gematik.de"/></telecom></contact><description value="Diese Operation bricht den Workflow eines E-Rezepts ab und löscht alle Daten, die mit dieser Aufgabe zusammenhängen."/><jurisdiction><coding><system value="urn:iso:std:iso:3166"/><code value="DE"/><display value="Germany"/></coding></jurisdiction><affectsState value="true"/><code value="abort"/><resource value="Task"/><system value="false"/><type value="false"/><instance value="true"/><parameter><name value="ac"/><use value="in"/><min value="0"/><max value="1"/><documentation value="[Nur von Patienten und Anbietern (Ärzten/Zahnärzten) zu verwenden] Der secret Parameter, der es Benutzern ermöglicht, exklusiv über die URL und den Parameter ?ac auf die Aufgabe zuzugreifen."/><type value="string"/></parameter><parameter><name value="secret"/><use value="in"/><min value="0"/><max value="1"/><documentation value="[Nur von der Apotheke zu verwenden] Der secret Parameter, der es einer Apotheke ermöglicht, exklusiv über die URL und den Parameter ?secret auf die Aufgabe zuzugreifen."/><type value="string"/></parameter></OperationDefinition>