<?xml version="1.0" encoding="UTF-8"?><OperationDefinition xmlns="http://hl7.org/fhir"><id value="AcceptOperation"/><text><status value="generated"/><div xmlns="http://www.w3.org/1999/xhtml"><p class="res-header-id"><b>Generated Narrative: OperationDefinition AcceptOperation</b></p><a name="AcceptOperation"> </a><a name="hcAcceptOperation"> </a><p>URL: [base]/Task/[id]/$accept</p><p>Output parameters Profile:<a href="StructureDefinition-eflow-rx-accept-operation-output-parameters.html">GEM ERP PR AcceptOperation Output</a></p><h3>Parameters</h3><table class="grid"><tr><td><b>Use</b></td><td><b>Name</b></td><td><b>Scope</b></td><td><b>Cardinality</b></td><td><b>Type</b></td><td><b>Binding</b></td><td><b>Documentation</b></td></tr><tr><td>IN</td><td>ac</td><td/><td>1..1</td><td><a href="http://hl7.org/fhir/R4/datatypes.html#string">string</a></td><td/><td><div><p>Der Secret-Parameter, der es Benutzern ermöglicht, exklusiv über die URL und den Parameter ?ac auf die Aufgabe zuzugreifen.</p>
</div></td></tr><tr><td>OUT</td><td>return</td><td/><td>1..1</td><td><a href="http://hl7.org/fhir/R4/bundle.html">Bundle</a></td><td/><td><div><p>Sammlung von Ressourcen (Task und Binary), damit eine Apotheke ein eRezept verarbeiten kann, das Folgendes enthält: 1. die aktualisierte Task (einschließlich eines Geheimnisses, das einer Apotheke exklusiven Zugriff auf die Task gewährt) und 2. eine base64Binary des qualifiziert signierten eRezepts. Der Status der Task ändert sich in 'in-progress'. Der Rezeptserver erstellt ein secret und speichert sie in Task.identifier:Secret.</p>
</div></td></tr></table></div></text><url value="https://gematik.de/fhir/erp/OperationDefinition/AcceptOperation"/><version value="1.0.0-draft"/><name value="Accept"/><status value="draft"/><kind value="operation"/><date value="2025-12-15"/><publisher value="gematik GmbH"/><contact><name value="gematik GmbH"/><telecom><system value="url"/><value value="https://gematik.de"/></telecom><telecom><system value="email"/><value value="erp-umsetzung@gematik.de"/></telecom></contact><description value="Mit der $accept-Operation beansprucht eine Apotheke ein E-Rezept. Der Status der referenzierten Aufgabe ändert sich in 'in-progress'."/><jurisdiction><coding><system value="urn:iso:std:iso:3166"/><code value="DE"/><display value="Germany"/></coding></jurisdiction><affectsState value="true"/><code value="accept"/><resource value="Task"/><system value="false"/><type value="false"/><instance value="true"/><outputProfile value="https://gematik.de/fhir/erp/StructureDefinition/eflow-rx-accept-operation-output-parameters"/><parameter><name value="ac"/><use value="in"/><min value="1"/><max value="1"/><documentation value="Der Secret-Parameter, der es Benutzern ermöglicht, exklusiv über die URL und den Parameter ?ac auf die Aufgabe zuzugreifen."/><type value="string"/></parameter><parameter><name value="return"/><use value="out"/><min value="1"/><max value="1"/><documentation value="Sammlung von Ressourcen (Task und Binary), damit eine Apotheke ein eRezept verarbeiten kann, das Folgendes enthält: 1. die aktualisierte Task (einschließlich eines Geheimnisses, das einer Apotheke exklusiven Zugriff auf die Task gewährt) und 2. eine base64Binary des qualifiziert signierten eRezepts. Der Status der Task ändert sich in 'in-progress'. Der Rezeptserver erstellt ein secret und speichert sie in Task.identifier:Secret."/><type value="Bundle"/></parameter></OperationDefinition>