<?xml version="1.0" encoding="UTF-8"?><StructureDefinition xmlns="http://hl7.org/fhir"><id value="eflow-rx-secret"/><url value="https://gematik.de/fhir/erp/StructureDefinition/eflow-rx-secret"/><version value="1.0.0-draft"/><name value="EFlowRxSecret"/><title value="GEM ERP PR Secret"/><status value="draft"/><experimental value="false"/><date value="2025-12-15"/><publisher value="gematik GmbH"/><contact><name value="gematik GmbH"/><telecom><system value="url"/><value value="https://gematik.de"/></telecom><telecom><system value="email"/><value value="erp-umsetzung@gematik.de"/></telecom></contact><description value="Das Secret ist ein generiertes Geheimnis, das Zugriff auf eine E-Rezept-Ressource gewährt, z. B. Task."/><jurisdiction><coding><system value="urn:iso:std:iso:3166"/><code value="DE"/><display value="Germany"/></coding></jurisdiction><copyright value="gematik GmbH / Dieses Artefakt ist lizenziert unter [Apache License](./license.html), Version 2.0."/><fhirVersion value="4.0.1"/><mapping><identity value="v2"/><uri value="http://hl7.org/v2"/><name value="HL7 v2 Mapping"/></mapping><mapping><identity value="rim"/><uri value="http://hl7.org/v3"/><name value="RIM Mapping"/></mapping><mapping><identity value="servd"/><uri value="http://www.omg.org/spec/ServD/1.0/"/><name value="ServD"/></mapping><kind value="complex-type"/><abstract value="false"/><type value="Identifier"/><baseDefinition value="http://hl7.org/fhir/StructureDefinition/Identifier"/><derivation value="constraint"/><snapshot><extension url="http://hl7.org/fhir/tools/StructureDefinition/snapshot-base-version"><valueString value="4.0.1"/></extension><element id="Identifier"><path value="Identifier"/><short value="An identifier intended for computation"/><definition value="An identifier - identifies some entity uniquely and unambiguously. Typically this is used for business identifiers."/><min value="0"/><max value="*"/><base><path value="Identifier"/><min value="0"/><max value="*"/></base><condition value="ele-1"/><constraint><key value="ele-1"/><severity value="error"/><human value="All FHIR elements must have a @value or children"/><expression value="hasValue() or (children().count() &gt; id.count())"/><xpath value="@value|f:*|h:div"/><source value="http://hl7.org/fhir/StructureDefinition/Element"/></constraint><isModifier value="false"/><mapping><identity value="rim"/><map value="n/a"/></mapping><mapping><identity value="v2"/><map value="CX / EI (occasionally, more often EI maps to a resource id or a URL)"/></mapping><mapping><identity value="rim"/><map value="II - The Identifier class is a little looser than the v3 type II because it allows URIs as well as registered OIDs or GUIDs.  Also maps to Role[classCode=IDENT]"/></mapping><mapping><identity value="servd"/><map value="Identifier"/></mapping></element><element id="Identifier.id"><path value="Identifier.id"/><representation value="xmlAttr"/><short value="Unique id for inter-element referencing"/><definition value="Unique id for the element within a resource (for internal references). This may be any string value that does not contain spaces."/><min value="0"/><max value="1"/><base><path value="Element.id"/><min value="0"/><max value="1"/></base><type><extension url="http://hl7.org/fhir/StructureDefinition/structuredefinition-fhir-type"><valueUrl value="string"/></extension><code value="http://hl7.org/fhirpath/System.String"/></type><isModifier value="false"/><isSummary value="false"/><mapping><identity value="rim"/><map value="n/a"/></mapping></element><element id="Identifier.extension"><path value="Identifier.extension"/><slicing><discriminator><type value="value"/><path value="url"/></discriminator><description value="Extensions are always sliced by (at least) url"/><rules value="open"/></slicing><short value="Additional content defined by implementations"/><definition value="May be used to represent additional information that is not part of the basic definition of the element. To make the use of extensions safe and manageable, there is a strict set of governance  applied to the definition and use of extensions. Though any implementer can define an extension, there is a set of requirements that SHALL be met as part of the definition of the extension."/><comment value="There can be no stigma associated with the use of extensions by any application, project, or standard - regardless of the institution or jurisdiction that uses or defines the extensions.  The use of extensions is what allows the FHIR specification to retain a core level of simplicity for everyone."/><alias value="extensions"/><alias value="user content"/><min value="0"/><max value="*"/><base><path value="Element.extension"/><min value="0"/><max value="*"/></base><type><code value="Extension"/></type><constraint><key value="ele-1"/><severity value="error"/><human value="All FHIR elements must have a @value or children"/><expression value="hasValue() or (children().count() &gt; id.count())"/><xpath value="@value|f:*|h:div"/><source value="http://hl7.org/fhir/StructureDefinition/Element"/></constraint><constraint><key value="ext-1"/><severity value="error"/><human value="Must have either extensions or value[x], not both"/><expression value="extension.exists() != value.exists()"/><xpath value="exists(f:extension)!=exists(f:*[starts-with(local-name(.), &quot;value&quot;)])"/><source value="http://hl7.org/fhir/StructureDefinition/Extension"/></constraint><isModifier value="false"/><isSummary value="false"/><mapping><identity value="rim"/><map value="n/a"/></mapping></element><element id="Identifier.use"><path value="Identifier.use"/><short value="usual | official | temp | secondary | old (If known)"/><definition value="The purpose of this identifier."/><comment value="Applications can assume that an identifier is permanent unless it explicitly says that it is temporary."/><requirements value="Allows the appropriate identifier for a particular context of use to be selected from among a set of identifiers."/><min value="0"/><max value="1"/><base><path value="Identifier.use"/><min value="0"/><max value="1"/></base><type><code value="code"/></type><fixedCode value="official"/><constraint><key value="ele-1"/><severity value="error"/><human value="All FHIR elements must have a @value or children"/><expression value="hasValue() or (children().count() &gt; id.count())"/><xpath value="@value|f:*|h:div"/><source value="http://hl7.org/fhir/StructureDefinition/Element"/></constraint><isModifier value="true"/><isModifierReason value="This is labeled as &quot;Is Modifier&quot; because applications should not mistake a temporary id for a permanent one."/><isSummary value="true"/><binding><extension url="http://hl7.org/fhir/StructureDefinition/elementdefinition-bindingName"><valueString value="IdentifierUse"/></extension><strength value="required"/><description value="Identifies the purpose for this identifier, if known ."/><valueSet value="http://hl7.org/fhir/ValueSet/identifier-use|4.0.1"/></binding><mapping><identity value="v2"/><map value="N/A"/></mapping><mapping><identity value="rim"/><map value="Role.code or implied by context"/></mapping></element><element id="Identifier.type"><path value="Identifier.type"/><short value="Description of identifier"/><definition value="A coded type for the identifier that can be used to determine which identifier to use for a specific purpose."/><comment value="This element deals only with general categories of identifiers.  It SHOULD not be used for codes that correspond 1..1 with the Identifier.system. Some identifiers may fall into multiple categories due to common usage.   Where the system is known, a type is unnecessary because the type is always part of the system definition. However systems often need to handle identifiers where the system is not known. There is not a 1:1 relationship between type and system, since many different systems have the same type."/><requirements value="Allows users to make use of identifiers when the identifier system is not known."/><min value="0"/><max value="1"/><base><path value="Identifier.type"/><min value="0"/><max value="1"/></base><type><code value="CodeableConcept"/></type><constraint><key value="ele-1"/><severity value="error"/><human value="All FHIR elements must have a @value or children"/><expression value="hasValue() or (children().count() &gt; id.count())"/><xpath value="@value|f:*|h:div"/><source value="http://hl7.org/fhir/StructureDefinition/Element"/></constraint><isModifier value="false"/><isSummary value="true"/><binding><extension url="http://hl7.org/fhir/StructureDefinition/elementdefinition-bindingName"><valueString value="IdentifierType"/></extension><strength value="extensible"/><description value="A coded type for an identifier that can be used to determine which identifier to use for a specific purpose."/><valueSet value="http://hl7.org/fhir/ValueSet/identifier-type|4.0.1"/></binding><mapping><identity value="v2"/><map value="CX.5"/></mapping><mapping><identity value="rim"/><map value="Role.code or implied by context"/></mapping></element><element id="Identifier.system"><path value="Identifier.system"/><short value="The namespace for the identifier value"/><definition value="Establishes the namespace for the value - that is, a URL that describes a set values that are unique."/><comment value="Identifier.system is always case sensitive."/><requirements value="There are many sets  of identifiers.  To perform matching of two identifiers, we need to know what set we're dealing with. The system identifies a particular set of unique identifiers."/><min value="1"/><max value="1"/><base><path value="Identifier.system"/><min value="0"/><max value="1"/></base><type><code value="uri"/></type><fixedUri value="https://gematik.de/fhir/erp/NamingSystem/GEM_ERP_NS_Secret"/><example><label value="General"/><valueUri value="http://www.acme.com/identifiers/patient"/></example><constraint><key value="ele-1"/><severity value="error"/><human value="All FHIR elements must have a @value or children"/><expression value="hasValue() or (children().count() &gt; id.count())"/><xpath value="@value|f:*|h:div"/><source value="http://hl7.org/fhir/StructureDefinition/Element"/></constraint><mustSupport value="true"/><isModifier value="false"/><isSummary value="true"/><mapping><identity value="v2"/><map value="CX.4 / EI-2-4"/></mapping><mapping><identity value="rim"/><map value="II.root or Role.id.root"/></mapping><mapping><identity value="servd"/><map value="./IdentifierType"/></mapping></element><element id="Identifier.value"><path value="Identifier.value"/><short value="Secret für die abgebende Apotheke."/><definition value="Das Secret, das die Apotheke erhält, wenn das E-Rezept vom E-Rezept-Server angenommen wird."/><comment value="If the value is a full URI, then the system SHALL be urn:ietf:rfc:3986.  The value's primary purpose is computational mapping.  As a result, it may be normalized for comparison purposes (e.g. removing non-significant whitespace, dashes, etc.)  A value formatted for human display can be conveyed using the [Rendered Value extension](http://hl7.org/fhir/R4/extension-rendered-value.html). Identifier.value is to be treated as case sensitive unless knowledge of the Identifier.system allows the processer to be confident that non-case-sensitive processing is safe."/><min value="1"/><max value="1"/><base><path value="Identifier.value"/><min value="0"/><max value="1"/></base><type><code value="string"/></type><example><label value="General"/><valueString value="123456"/></example><constraint><key value="ele-1"/><severity value="error"/><human value="All FHIR elements must have a @value or children"/><expression value="hasValue() or (children().count() &gt; id.count())"/><xpath value="@value|f:*|h:div"/><source value="http://hl7.org/fhir/StructureDefinition/Element"/></constraint><mustSupport value="true"/><isModifier value="false"/><isSummary value="true"/><mapping><identity value="v2"/><map value="CX.1 / EI.1"/></mapping><mapping><identity value="rim"/><map value="II.extension or II.root if system indicates OID or GUID (Or Role.id.extension or root)"/></mapping><mapping><identity value="servd"/><map value="./Value"/></mapping></element><element id="Identifier.period"><path value="Identifier.period"/><short value="Time period when id is/was valid for use"/><definition value="Time period during which identifier is/was valid for use."/><min value="0"/><max value="1"/><base><path value="Identifier.period"/><min value="0"/><max value="1"/></base><type><code value="Period"/></type><constraint><key value="ele-1"/><severity value="error"/><human value="All FHIR elements must have a @value or children"/><expression value="hasValue() or (children().count() &gt; id.count())"/><xpath value="@value|f:*|h:div"/><source value="http://hl7.org/fhir/StructureDefinition/Element"/></constraint><isModifier value="false"/><isSummary value="true"/><mapping><identity value="v2"/><map value="CX.7 + CX.8"/></mapping><mapping><identity value="rim"/><map value="Role.effectiveTime or implied by context"/></mapping><mapping><identity value="servd"/><map value="./StartDate and ./EndDate"/></mapping></element><element id="Identifier.assigner"><path value="Identifier.assigner"/><short value="Organization that issued id (may be just text)"/><definition value="Organization that issued/manages the identifier."/><comment value="The Identifier.assigner may omit the .reference element and only contain a .display element reflecting the name or other textual information about the assigning organization."/><min value="0"/><max value="1"/><base><path value="Identifier.assigner"/><min value="0"/><max value="1"/></base><type><code value="Reference"/><targetProfile value="http://hl7.org/fhir/StructureDefinition/Organization|4.0.1"/></type><constraint><key value="ele-1"/><severity value="error"/><human value="All FHIR elements must have a @value or children"/><expression value="hasValue() or (children().count() &gt; id.count())"/><xpath value="@value|f:*|h:div"/><source value="http://hl7.org/fhir/StructureDefinition/Element"/></constraint><isModifier value="false"/><isSummary value="true"/><mapping><identity value="v2"/><map value="CX.4 / (CX.4,CX.9,CX.10)"/></mapping><mapping><identity value="rim"/><map value="II.assigningAuthorityName but note that this is an improper use by the definition of the field.  Also Role.scoper"/></mapping><mapping><identity value="servd"/><map value="./IdentifierIssuingAuthority"/></mapping></element></snapshot><differential><element id="Identifier.use"><path value="Identifier.use"/><fixedCode value="official"/></element><element id="Identifier.system"><path value="Identifier.system"/><min value="1"/><fixedUri value="https://gematik.de/fhir/erp/NamingSystem/GEM_ERP_NS_Secret"/><mustSupport value="true"/></element><element id="Identifier.value"><path value="Identifier.value"/><short value="Secret für die abgebende Apotheke."/><definition value="Das Secret, das die Apotheke erhält, wenn das E-Rezept vom E-Rezept-Server angenommen wird."/><min value="1"/><mustSupport value="true"/></element></differential></StructureDefinition>