<?xml version="1.0" encoding="UTF-8"?><StructureDefinition xmlns="http://hl7.org/fhir"><id value="eflow-rx-binary"/><url value="https://gematik.de/fhir/erp/StructureDefinition/eflow-rx-binary"/><version value="1.0.0-draft"/><name value="EFlowRxBinary"/><title value="GEM ERP PR Binary"/><status value="draft"/><experimental value="false"/><date value="2025-12-15"/><publisher value="gematik GmbH"/><contact><name value="gematik GmbH"/><telecom><system value="url"/><value value="https://gematik.de"/></telecom><telecom><system value="email"/><value value="erp-umsetzung@gematik.de"/></telecom></contact><description value="PKCS7 signiertes Bundle im enveloping style"/><jurisdiction><coding><system value="urn:iso:std:iso:3166"/><code value="DE"/><display value="Germany"/></coding></jurisdiction><copyright value="gematik GmbH / Dieses Artefakt ist lizenziert unter [Apache License](./license.html), Version 2.0."/><fhirVersion value="4.0.1"/><mapping><identity value="rim"/><uri value="http://hl7.org/v3"/><name value="RIM Mapping"/></mapping><kind value="resource"/><abstract value="false"/><type value="Binary"/><baseDefinition value="http://hl7.org/fhir/StructureDefinition/Binary"/><derivation value="constraint"/><snapshot><extension url="http://hl7.org/fhir/tools/StructureDefinition/snapshot-base-version"><valueString value="4.0.1"/></extension><element id="Binary"><path value="Binary"/><short value="Pure binary content defined by a format other than FHIR"/><definition value="A resource that represents the data of a single raw artifact as digital content accessible in its native format.  A Binary resource can contain any content, whether text, image, pdf, zip archive, etc."/><comment value="Typically, Binary resources are used for handling content such as:  &#xA;&#xA;* CDA Documents (i.e. with XDS) &#xA;* PDF Documents &#xA;* Images (the Media resource is preferred for handling images, but not possible when the content is already binary - e.g. XDS)."/><min value="0"/><max value="*"/><base><path value="Binary"/><min value="0"/><max value="*"/></base><isModifier value="false"/><isSummary value="false"/><mapping><identity value="rim"/><map value="Entity. Role, or Act"/></mapping><mapping><identity value="rim"/><map value="ED"/></mapping></element><element id="Binary.id"><path value="Binary.id"/><short value="Logical id of this artifact"/><definition value="The logical id of the resource, as used in the URL for the resource. Once assigned, this value never changes."/><comment value="The only time that a resource does not have an id is when it is being submitted to the server using a create operation."/><min value="0"/><max value="1"/><base><path value="Resource.id"/><min value="0"/><max value="1"/></base><type><extension url="http://hl7.org/fhir/StructureDefinition/structuredefinition-fhir-type"><valueUrl value="id"/></extension><code value="http://hl7.org/fhirpath/System.String"/></type><isModifier value="false"/><isSummary value="true"/></element><element id="Binary.meta"><path value="Binary.meta"/><short value="Metadata about the resource"/><definition value="The metadata about the resource. This is content that is maintained by the infrastructure. Changes to the content might not always be associated with version changes to the resource."/><min value="0"/><max value="1"/><base><path value="Resource.meta"/><min value="0"/><max value="1"/></base><type><code value="Meta"/></type><constraint><key value="ele-1"/><severity value="error"/><human value="All FHIR elements must have a @value or children"/><expression value="hasValue() or (children().count() &gt; id.count())"/><xpath value="@value|f:*|h:div"/><source value="http://hl7.org/fhir/StructureDefinition/Element"/></constraint><isModifier value="false"/><isSummary value="true"/></element><element id="Binary.implicitRules"><path value="Binary.implicitRules"/><short value="A set of rules under which this content was created"/><definition value="A reference to a set of rules that were followed when the resource was constructed, and which must be understood when processing the content. Often, this is a reference to an implementation guide that defines the special rules along with other profiles etc."/><comment value="Asserting this rule set restricts the content to be only understood by a limited set of trading partners. This inherently limits the usefulness of the data in the long term. However, the existing health eco-system is highly fractured, and not yet ready to define, collect, and exchange data in a generally computable sense. Wherever possible, implementers and/or specification writers should avoid using this element. Often, when used, the URL is a reference to an implementation guide that defines these special rules as part of it's narrative along with other profiles, value sets, etc."/><min value="0"/><max value="1"/><base><path value="Resource.implicitRules"/><min value="0"/><max value="1"/></base><type><code value="uri"/></type><constraint><key value="ele-1"/><severity value="error"/><human value="All FHIR elements must have a @value or children"/><expression value="hasValue() or (children().count() &gt; id.count())"/><xpath value="@value|f:*|h:div"/><source value="http://hl7.org/fhir/StructureDefinition/Element"/></constraint><isModifier value="true"/><isModifierReason value="This element is labeled as a modifier because the implicit rules may provide additional knowledge about the resource that modifies it's meaning or interpretation"/><isSummary value="true"/></element><element id="Binary.language"><path value="Binary.language"/><short value="Language of the resource content"/><definition value="The base language in which the resource is written."/><comment value="Language is provided to support indexing and accessibility (typically, services such as text to speech use the language tag). The html language tag in the narrative applies  to the narrative. The language tag on the resource may be used to specify the language of other presentations generated from the data in the resource. Not all the content has to be in the base language. The Resource.language should not be assumed to apply to the narrative automatically. If a language is specified, it should it also be specified on the div element in the html (see rules in HTML5 for information about the relationship between xml:lang and the html lang attribute)."/><min value="0"/><max value="1"/><base><path value="Resource.language"/><min value="0"/><max value="1"/></base><type><code value="code"/></type><constraint><key value="ele-1"/><severity value="error"/><human value="All FHIR elements must have a @value or children"/><expression value="hasValue() or (children().count() &gt; id.count())"/><xpath value="@value|f:*|h:div"/><source value="http://hl7.org/fhir/StructureDefinition/Element"/></constraint><isModifier value="false"/><isSummary value="false"/><binding><extension url="http://hl7.org/fhir/StructureDefinition/elementdefinition-maxValueSet"><valueCanonical value="http://hl7.org/fhir/ValueSet/all-languages"/></extension><extension url="http://hl7.org/fhir/StructureDefinition/elementdefinition-bindingName"><valueString value="Language"/></extension><strength value="preferred"/><description value="A human language."/><valueSet value="http://hl7.org/fhir/ValueSet/languages|4.0.1"/></binding></element><element id="Binary.contentType"><path value="Binary.contentType"/><short value="MimeType of the binary content"/><definition value="MimeType of the binary content represented as a standard MimeType (BCP 13)."/><min value="1"/><max value="1"/><base><path value="Binary.contentType"/><min value="1"/><max value="1"/></base><type><code value="code"/></type><fixedCode value="application/pkcs7-mime"/><constraint><key value="ele-1"/><severity value="error"/><human value="All FHIR elements must have a @value or children"/><expression value="hasValue() or (children().count() &gt; id.count())"/><xpath value="@value|f:*|h:div"/><source value="http://hl7.org/fhir/StructureDefinition/Element"/></constraint><isModifier value="false"/><isSummary value="true"/><binding><extension url="http://hl7.org/fhir/StructureDefinition/elementdefinition-bindingName"><valueString value="MimeType"/></extension><strength value="required"/><description value="The mime type of an attachment. Any valid mime type is allowed."/><valueSet value="http://hl7.org/fhir/ValueSet/mimetypes|4.0.1"/></binding><mapping><identity value="rim"/><map value="ED.mediaType"/></mapping></element><element id="Binary.securityContext"><path value="Binary.securityContext"/><short value="Identifies another resource to use as proxy when enforcing access control"/><definition value="This element identifies another resource that can be used as a proxy of the security sensitivity to use when deciding and enforcing access control rules for the Binary resource. Given that the Binary resource contains very few elements that can be used to determine the sensitivity of the data and relationships to individuals, the referenced resource stands in as a proxy equivalent for this purpose. This referenced resource may be related to the Binary (e.g. Media, DocumentReference), or may be some non-related Resource purely as a security proxy. E.g. to identify that the binary resource relates to a patient, and access should only be granted to applications that have access to the patient."/><comment value="Very often, a server will also know of a resource that references the binary, and can automatically apply the appropriate access rules based on that reference. However, there are some circumstances where this is not appropriate, e.g. the binary is uploaded directly to the server without any linking resource, the binary is referred to from multiple different resources, and/or the binary is content such as an application logo that has less protection than any of the resources that reference it."/><min value="0"/><max value="1"/><base><path value="Binary.securityContext"/><min value="0"/><max value="1"/></base><type><code value="Reference"/><targetProfile value="http://hl7.org/fhir/StructureDefinition/Resource|4.0.1"/></type><constraint><key value="ele-1"/><severity value="error"/><human value="All FHIR elements must have a @value or children"/><expression value="hasValue() or (children().count() &gt; id.count())"/><xpath value="@value|f:*|h:div"/><source value="http://hl7.org/fhir/StructureDefinition/Element"/></constraint><isModifier value="false"/><isSummary value="true"/><mapping><identity value="rim"/><map value="n/a"/></mapping></element><element id="Binary.data"><path value="Binary.data"/><short value="The actual content"/><definition value="The actual content, base64 encoded."/><comment value="If the content type is itself base64 encoding, then this will be base64 encoded twice - what is created by un-base64ing the content must be the specified content type."/><min value="1"/><max value="1"/><base><path value="Binary.data"/><min value="0"/><max value="1"/></base><type><code value="base64Binary"/></type><constraint><key value="ele-1"/><severity value="error"/><human value="All FHIR elements must have a @value or children"/><expression value="hasValue() or (children().count() &gt; id.count())"/><xpath value="@value|f:*|h:div"/><source value="http://hl7.org/fhir/StructureDefinition/Element"/></constraint><isModifier value="false"/><isSummary value="false"/><mapping><identity value="rim"/><map value="ED.data"/></mapping></element></snapshot><differential><element id="Binary.contentType"><path value="Binary.contentType"/><fixedCode value="application/pkcs7-mime"/></element><element id="Binary.data"><path value="Binary.data"/><min value="1"/></element></differential></StructureDefinition>