<?xml version="1.0" encoding="UTF-8"?><StructureMap xmlns="http://hl7.org/fhir"><id value="GEMErpPrMedicationdispenseMap"/><text><status value="generated"/><div xmlns="http://www.w3.org/1999/xhtml"><p class="res-header-id"><b>Generated Narrative: StructureMap GEMErpPrMedicationdispenseMap</b></p><a name="GEMErpPrMedicationdispenseMap"> </a><a name="hcGEMErpPrMedicationdispenseMap"> </a><pre class="fml">
<b>map</b><span style="color: navy"> &quot;</span>https://gematik.de/fhir/structure-comparer/StructureMap/GEMErpPrMedicationdispenseMap<span style="color: navy">&quot; = &quot;</span>GEMErpPrMedicationdispenseMap<span style="color: navy">&quot;

</span><span style="color: navy">// </span><span style="color: green">Auto-generated StructureMap for GEM_ERP_PR_MedicationDispense|1.6.1 -&gt; EPAMedicationDispense|1.3.0</span>

<b>uses</b><span style="color: navy"> &quot;</span>https://gematik.de/fhir/erp/StructureDefinition/GEM_ERP_PR_MedicationDispense<span style="color: navy">&quot; </span><b>alias </b>GEMERPPRMedicationDispense <b>as </b><b>source</b>
<b>uses</b><span style="color: navy"> &quot;</span><a href="https://simplifier.net/resolve?scope=de.gematik.epa.medication@1.3.0&amp;canonical=https://gematik.de/fhir/epa-medication/StructureDefinition/epa-medication-dispense" title="EPA MedicationDispense">https://gematik.de/fhir/epa-medication/StructureDefinition/epa-medication-dispense</a><span style="color: navy">&quot; </span><b>alias </b>EPAMedicationDispense <b>as </b><b>target</b>

<span style="color: navy">// </span><span style="color: green">Mapping generated for GEM_ERP_PR_MedicationDispense|1.6.1 -&gt; EPAMedicationDispense|1.3.0</span>
<b>group </b>GEMErpPrMedicationdispenseMap<span style="color: navy">(</span><b>source</b> <span style="color: maroon">GEMERPPRMedicationDispense</span><span style="color: navy"> : </span>GEMERPPRMedicationDispense, <b>target</b> <span style="color: maroon">EPAMedicationDispense</span><span style="color: navy"> : </span>EPAMedicationDispense<span style="color: navy">)</span><b> &lt;&lt;types&gt;&gt;</b><span style="color: navy"> {
</span><span style="color: navy">}

</span></pre></div></text><url value="https://gematik.de/fhir/structure-comparer/StructureMap/GEMErpPrMedicationdispenseMap"/><version value="1.0.0-draft"/><name value="GEMErpPrMedicationdispenseMap"/><status value="active"/><date value="2026-02-02"/><publisher value="gematik GmbH"/><contact><name value="gematik GmbH"/><telecom><system value="url"/><value value="https://gematik.de"/></telecom><telecom><system value="email"/><value value="erp-umsetzung@gematik.de"/></telecom></contact><description value="Auto-generated StructureMap for GEM_ERP_PR_MedicationDispense|1.6.1 -&gt; EPAMedicationDispense|1.3.0"/><jurisdiction><coding><system value="urn:iso:std:iso:3166"/><code value="DE"/><display value="Germany"/></coding></jurisdiction><structure><url value="https://gematik.de/fhir/erp/StructureDefinition/GEM_ERP_PR_MedicationDispense"/><mode value="source"/><alias value="GEMERPPRMedicationDispense"/></structure><structure><url value="https://gematik.de/fhir/epa-medication/StructureDefinition/epa-medication-dispense"/><mode value="target"/><alias value="EPAMedicationDispense"/></structure><group><name value="GEMErpPrMedicationdispenseMap"/><typeMode value="types"/><documentation value="Mapping generated for GEM_ERP_PR_MedicationDispense|1.6.1 -&gt; EPAMedicationDispense|1.3.0"/><input><name value="GEMERPPRMedicationDispense"/><type value="GEMERPPRMedicationDispense"/><mode value="source"/></input><input><name value="EPAMedicationDispense"/><type value="EPAMedicationDispense"/><mode value="target"/></input></group></StructureMap>