<?xml version="1.0" encoding="UTF-8"?><ValueSet xmlns="http://hl7.org/fhir"><id value="GEM-ERP-VS-OperationOutcomeDetails"/><text><status value="generated"/><div xmlns="http://www.w3.org/1999/xhtml"><p class="res-header-id"><b>Generated Narrative: ValueSet GEM-ERP-VS-OperationOutcomeDetails</b></p><a name="GEM-ERP-VS-OperationOutcomeDetails"> </a><a name="hcGEM-ERP-VS-OperationOutcomeDetails"> </a><p>This value set includes codes based on the following rules:</p><ul><li>Include all codes defined in <a href="CodeSystem-GEM-ERP-CS-OperationOutcomeDetails.html"><code>https://gematik.de/fhir/erp/CodeSystem/GEM-ERP-CS-OperationOutcomeDetails</code></a><span title="Version is not explicitly stated, which means it is fixed to the version provided in this specification"> version 📦1.0.0-draft</span></li><li>Include these codes as defined in <a href="http://terminology.hl7.org/7.0.1/CodeSystem-operation-outcome.html"><code>http://terminology.hl7.org/CodeSystem/operation-outcome</code></a><span title="Version is not explicitly stated, which means it is fixed to 3.0.0, the version found through the package references"> version 📦3.0.0</span><table class="none"><tr><td style="white-space:nowrap"><b>Code</b></td><td><b>Display</b></td></tr><tr><td><a href="http://terminology.hl7.org/7.0.1/CodeSystem-operation-outcome.html#operation-outcome-MSG_AUTH_REQUIRED">MSG_AUTH_REQUIRED</a></td><td>You must authenticate before you can use this service</td></tr></table></li><li>Include these codes as defined in <a href="https://simplifier.net/resolve?scope=de.gematik.epa.medication@1.3.0&amp;canonical=https://gematik.de/fhir/ti/CodeSystem/operation-outcome-details-codes"><code>https://gematik.de/fhir/ti/CodeSystem/operation-outcome-details-codes</code></a><span title="Version is not explicitly stated, which means it is fixed to 1.1.1, the version found through the package references"> version 📦1.1.1</span><table class="none"><tr><td style="white-space:nowrap"><b>Code</b></td><td><b>Display</b></td></tr><tr><td><a href="https://simplifier.net/resolve?scope=de.gematik.epa.medication@1.3.0&amp;canonical=https://gematik.de/fhir/ti/CodeSystem/operation-outcome-details-codes#operation-outcome-details-codes-SVC_INACTIVE_CODE">SVC_INACTIVE_CODE</a></td><td>Use of inactive code not permitted</td></tr></table></li></ul></div></text><url value="https://gematik.de/fhir/erp/ValueSet/GEM-ERP-VS-OperationOutcomeDetails"/><version value="1.0.0-draft"/><name value="GEM_ERP_VS_OperationOutcomeDetails"/><title value="GEM ERP VS OperationOutcomeDetails"/><status value="draft"/><experimental value="false"/><date value="2025-12-15"/><publisher value="gematik GmbH"/><contact><name value="gematik GmbH"/><telecom><system value="url"/><value value="https://gematik.de"/></telecom><telecom><system value="email"/><value value="erp-umsetzung@gematik.de"/></telecom></contact><description value="Fachliche Fehlercodes des E-Rezept-Fachdienst"/><jurisdiction><coding><system value="urn:iso:std:iso:3166"/><code value="DE"/><display value="Germany"/></coding></jurisdiction><immutable value="false"/><copyright value="gematik GmbH / Dieses Artefakt ist lizenziert unter [Apache License](./license.html), Version 2.0."/><compose><include><system value="https://gematik.de/fhir/erp/CodeSystem/GEM-ERP-CS-OperationOutcomeDetails"/></include><include><system value="http://terminology.hl7.org/CodeSystem/operation-outcome"/><concept><code value="MSG_AUTH_REQUIRED"/><display value="You must authenticate before you can use this service"/></concept></include><include><system value="https://gematik.de/fhir/ti/CodeSystem/operation-outcome-details-codes"/><concept><code value="SVC_INACTIVE_CODE"/><display value="Use of inactive code not permitted"/></concept></include></compose></ValueSet>