{
  "resourceType" : "AuditEvent",
  "id" : "9361863d-fec0-4ba9-8776-6905cf1a0cfa",
  "meta" : {
    "profile" : ["https://gematik.de/fhir/erp/StructureDefinition/eflow-rx-auditevent"],
    "tag" : [{
      "display" : "AuditEvent entry generated by E-Rezept-Fachdienst on access to any patient data by any person"
    }]
  },
  "language" : "de",
  "text" : {
    "status" : "generated",
    "div" : "<div xml:lang=\"de\" xmlns=\"http://www.w3.org/1999/xhtml\" lang=\"de\">Praxis Dr. Müller, Bahnhofstr. 78 hat ein E-Rezept 160.123.456.789.123.58 eingestellt</div>"
  },
  "type" : {
    "system" : "http://terminology.hl7.org/CodeSystem/audit-event-type",
    "code" : "rest"
  },
  "subtype" : [{
    "system" : "http://hl7.org/fhir/restful-interaction",
    "code" : "create"
  }],
  "action" : "C",
  "recorded" : "2026-07-01T15:29:00.434+00:00",
  "outcome" : "0",
  "agent" : [{
    "type" : {
      "coding" : [{
        "system" : "http://terminology.hl7.org/CodeSystem/extra-security-role-type",
        "code" : "humanuser",
        "display" : "Human User"
      }]
    },
    "who" : {
      "identifier" : {
        "system" : "https://gematik.de/fhir/sid/telematik-id",
        "value" : "1-SMC-B-Testkarte-883110000095957"
      }
    },
    "name" : "Praxis Dr. Müller",
    "requestor" : false
  }],
  "source" : {
    "site" : "E-Rezept Fachdienst",
    "observer" : {
      "reference" : "Device/1"
    }
  },
  "entity" : [{
    "what" : {
      "reference" : "https://erp.app.ti-dienste.de/Task/160.123.456.789.123.58",
      "identifier" : {
        "system" : "https://gematik.de/fhir/erp/NamingSystem/GEM_ERP_NS_PrescriptionId",
        "value" : "160.123.456.789.123.58"
      }
    },
    "name" : "X234567890",
    "description" : "160.123.456.789.123.58"
  }]
}