{
  "resourceType" : "OperationOutcome",
  "id" : "ExampleOperationCreateError",
  "issue" : [{
    "severity" : "error",
    "code" : "invalid",
    "details" : {
      "text" : "FHIR-Validation error"
    },
    "diagnostics" : "Parameters.parameter[0].valueCoding: error: Code 140 is not part of CodeSystem \nhttps://gematik.de/fhir/erp/CodeSystem/EFlowRxFlowType (from profile: \nhttp://hl7.org/fhir/StructureDefinition/Parameters|4.0.1); \nParameters.parameter[0].valueCoding: error: Code 140 is not part of CodeSystem \nhttps://gematik.de/fhir/erp/CodeSystem/EFlowRxFlowType (from profile: \nhttp://hl7.org/fhir/StructureDefinition/Coding|4.0.1);"
  }]
}