{
  "resourceType" : "Task",
  "id" : "b12eb5f7-91ce-4887-93c7-800454601377",
  "meta" : {
    "profile" : ["https://gematik.de/fhir/erp/StructureDefinition/eflow-rx-task"],
    "tag" : [{
      "display" : "Task in DRAFT state just created by Fachdienst via $create operation"
    }]
  },
  "text" : {
    "status" : "extensions",
    "div" : "<div xmlns=\"http://www.w3.org/1999/xhtml\"><p class=\"res-header-id\"><b>Generated Narrative: Task b12eb5f7-91ce-4887-93c7-800454601377</b></p><a name=\"b12eb5f7-91ce-4887-93c7-800454601377\"> </a><a name=\"hcb12eb5f7-91ce-4887-93c7-800454601377\"> </a><div style=\"display: inline-block; background-color: #d9e0e7; padding: 6px; margin: 4px; border: 1px solid #8da1b4; border-radius: 5px; line-height: 60%\"><p style=\"margin-bottom: 0px\"/><p style=\"margin-bottom: 0px\">Profile: <a href=\"StructureDefinition-eflow-rx-task.html\">GEM ERP PR Task</a></p><p style=\"margin-bottom: 0px\">Tag: Task in DRAFT state just created by Fachdienst via $create operation (Details: [not stated] code null = 'Task in DRAFT state just created by Fachdienst via $create operation')</p></div><p><b>GEM ERP EX PrescriptionType</b>: <a href=\"CodeSystem-eflow-rx-flowtype.html#eflow-rx-flowtype-160\">CodeSystem der Flowtypen: 160</a> (Flowtype für Apothekenpflichtige Arzneimittel)</p><p><b>GEM ERP EX AcceptDate</b>: 2026-07-01</p><p><b>GEM ERP EX ExpiryDate</b>: 2026-07-01</p><p><b>identifier</b>: <code>https://gematik.de/fhir/erp/NamingSystem/GEM_ERP_NS_PrescriptionId</code>/160.000.033.491.280.78, <code>https://gematik.de/fhir/erp/NamingSystem/GEM_ERP_NS_AccessCode</code>/777bea0e13cc9c42ceec14aec3ddee2263325dc2c6c699db115f58fe423607ea</p><p><b>status</b>: Draft</p><p><b>intent</b>: order</p><p><b>authoredOn</b>: 2026-07-01 15:29:00+0000</p><p><b>performerType</b>: <span title=\"Codes:{https://gematik.de/fhir/erp/CodeSystem/EFlowRxOrganizationType urn:oid:1.2.276.0.76.4.54}\">Öffentliche Apotheke</span></p></div>"
  },
  "extension" : [{
    "url" : "https://gematik.de/fhir/erp/StructureDefinition/eflow-rx-prescriptiontype-extension",
    "valueCoding" : {
      "system" : "https://gematik.de/fhir/erp/CodeSystem/eflow-rx-flowtype",
      "code" : "160",
      "display" : "Flowtype für Apothekenpflichtige Arzneimittel"
    }
  },
  {
    "url" : "https://gematik.de/fhir/erp/StructureDefinition/eflow-rx-acceptdate-extension",
    "valueDate" : "2026-07-01"
  },
  {
    "url" : "https://gematik.de/fhir/erp/StructureDefinition/eflow-rx-expirydate-extension",
    "valueDate" : "2026-07-01"
  }],
  "identifier" : [{
    "system" : "https://gematik.de/fhir/erp/NamingSystem/GEM_ERP_NS_PrescriptionId",
    "value" : "160.000.033.491.280.78"
  },
  {
    "system" : "https://gematik.de/fhir/erp/NamingSystem/GEM_ERP_NS_AccessCode",
    "value" : "777bea0e13cc9c42ceec14aec3ddee2263325dc2c6c699db115f58fe423607ea"
  }],
  "status" : "draft",
  "intent" : "order",
  "authoredOn" : "2026-07-01T15:29:00+00:00",
  "performerType" : [{
    "coding" : [{
      "system" : "https://gematik.de/fhir/erp/CodeSystem/EFlowRxOrganizationType",
      "code" : "urn:oid:1.2.276.0.76.4.54",
      "display" : "Öffentliche Apotheke"
    }]
  }]
}