{
  "resourceType" : "Task",
  "id" : "09330307-16ce-4cdc-810a-ca24ef80dde3",
  "meta" : {
    "profile" : ["https://gematik.de/fhir/erp/StructureDefinition/eflow-rx-task"],
    "tag" : [{
      "display" : "Task in COMPLETED state dispensed by pharmacy via $closed operation"
    }]
  },
  "text" : {
    "status" : "extensions",
    "div" : "<div xmlns=\"http://www.w3.org/1999/xhtml\"><p class=\"res-header-id\"><b>Generated Narrative: Task 09330307-16ce-4cdc-810a-ca24ef80dde3</b></p><a name=\"09330307-16ce-4cdc-810a-ca24ef80dde3\"> </a><a name=\"hc09330307-16ce-4cdc-810a-ca24ef80dde3\"> </a><div style=\"display: inline-block; background-color: #d9e0e7; padding: 6px; margin: 4px; border: 1px solid #8da1b4; border-radius: 5px; line-height: 60%\"><p style=\"margin-bottom: 0px\"/><p style=\"margin-bottom: 0px\">Profile: <a href=\"StructureDefinition-eflow-rx-task.html\">GEM ERP PR Task</a></p><p style=\"margin-bottom: 0px\">Tag: Task in COMPLETED state dispensed by pharmacy via $closed operation (Details: [not stated] code null = 'Task in COMPLETED state dispensed by pharmacy via $closed operation')</p></div><p><b>GEM ERP EX PrescriptionType</b>: EFlowRxFlowType: 160 (Flowtype für Apothekenpflichtige Arzneimittel)</p><p><b>GEM ERP EX AcceptDate</b>: 2026-07-01</p><p><b>GEM ERP EX ExpiryDate</b>: 2026-07-01</p><p><b>identifier</b>: <code>https://gematik.de/fhir/erp/NamingSystem/GEM_ERP_NS_PrescriptionId</code>/160.000.033.491.280.78, <code>https://gematik.de/fhir/erp/NamingSystem/GEM_ERP_NS_AccessCode</code>/777bea0e13cc9c42ceec14aec3ddee2263325dc2c6c699db115f58fe423607ea</p><p><b>status</b>: Completed</p><p><b>intent</b>: order</p><p><b>for</b>: Identifier: NamingSystemKVID/X123456789</p><p><b>authoredOn</b>: 2026-07-01 15:29:00+0000</p><p><b>lastModified</b>: 2026-07-01 16:44:00+0000</p><p><b>performerType</b>: <span title=\"Codes:{https://gematik.de/fhir/erp/CodeSystem/EFlowRxOrganizationType urn:oid:1.2.276.0.76.4.54}\">Öffentliche Apotheke</span></p><blockquote><p><b>input</b></p><p><b>type</b>: <span title=\"Codes:{https://gematik.de/fhir/erp/CodeSystem/EFlowRxDocumentType 1}\">Health Care Provider Prescription</span></p><p><b>value</b>: <a href=\"https://simplifier.net/resolve?scope=de.basisprofil.r4@1.5.4&amp;canonical=http://fhir.org/packages/de.basisprofil.r4/281a985c-f25b-4aae-91a6-41ad744080b0\">281a985c-f25b-4aae-91a6-41ad744080b0</a></p></blockquote><blockquote><p><b>input</b></p><p><b>type</b>: <span title=\"Codes:{https://gematik.de/fhir/erp/CodeSystem/EFlowRxDocumentType 2}\">Patient Confirmation</span></p><p><b>value</b>: <a href=\"https://simplifier.net/resolve?scope=de.basisprofil.r4@1.5.4&amp;canonical=http://fhir.org/packages/de.basisprofil.r4/f8c2298f-7c00-4a68-af29-8a2862d55d43\">f8c2298f-7c00-4a68-af29-8a2862d55d43</a></p></blockquote><h3>Outputs</h3><table class=\"grid\"><tr><td style=\"display: none\">-</td><td><b>Type</b></td><td><b>Value[x]</b></td></tr><tr><td style=\"display: none\">*</td><td><span title=\"Codes:{https://gematik.de/fhir/erp/CodeSystem/EFlowRxDocumentType 3}\">Receipt</span></td><td><a href=\"https://simplifier.net/resolve?scope=de.basisprofil.r4@1.5.4&amp;canonical=http://fhir.org/packages/de.basisprofil.r4/dffbfd6a-5712-4798-bdc8-07201eb77ab8\">dffbfd6a-5712-4798-bdc8-07201eb77ab8</a></td></tr></table></div>"
  },
  "extension" : [{
    "url" : "https://gematik.de/fhir/erp/StructureDefinition/eflow-rx-prescriptiontype-extension",
    "valueCoding" : {
      "system" : "https://gematik.de/fhir/erp/CodeSystem/EFlowRxFlowType",
      "code" : "160",
      "display" : "Flowtype für Apothekenpflichtige Arzneimittel"
    }
  },
  {
    "url" : "https://gematik.de/fhir/erp/StructureDefinition/eflow-rx-acceptdate-extension",
    "valueDate" : "2026-07-01"
  },
  {
    "url" : "https://gematik.de/fhir/erp/StructureDefinition/eflow-rx-expirydate-extension",
    "valueDate" : "2026-07-01"
  }],
  "identifier" : [{
    "system" : "https://gematik.de/fhir/erp/NamingSystem/GEM_ERP_NS_PrescriptionId",
    "value" : "160.000.033.491.280.78"
  },
  {
    "system" : "https://gematik.de/fhir/erp/NamingSystem/GEM_ERP_NS_AccessCode",
    "value" : "777bea0e13cc9c42ceec14aec3ddee2263325dc2c6c699db115f58fe423607ea"
  }],
  "status" : "completed",
  "intent" : "order",
  "for" : {
    "identifier" : {
      "system" : "http://fhir.de/sid/gkv/kvid-10",
      "value" : "X123456789"
    }
  },
  "authoredOn" : "2026-07-01T15:29:00+00:00",
  "lastModified" : "2026-07-01T16:44:00.434+00:00",
  "performerType" : [{
    "coding" : [{
      "system" : "https://gematik.de/fhir/erp/CodeSystem/EFlowRxOrganizationType",
      "code" : "urn:oid:1.2.276.0.76.4.54",
      "display" : "Öffentliche Apotheke"
    }]
  }],
  "input" : [{
    "type" : {
      "coding" : [{
        "system" : "https://gematik.de/fhir/erp/CodeSystem/EFlowRxDocumentType",
        "code" : "1",
        "display" : "Health Care Provider Prescription"
      }]
    },
    "valueReference" : {
      "reference" : "281a985c-f25b-4aae-91a6-41ad744080b0"
    }
  },
  {
    "type" : {
      "coding" : [{
        "system" : "https://gematik.de/fhir/erp/CodeSystem/EFlowRxDocumentType",
        "code" : "2",
        "display" : "Patient Confirmation"
      }]
    },
    "valueReference" : {
      "reference" : "f8c2298f-7c00-4a68-af29-8a2862d55d43"
    }
  }],
  "output" : [{
    "type" : {
      "coding" : [{
        "system" : "https://gematik.de/fhir/erp/CodeSystem/EFlowRxDocumentType",
        "code" : "3",
        "display" : "Receipt"
      }]
    },
    "valueReference" : {
      "reference" : "dffbfd6a-5712-4798-bdc8-07201eb77ab8"
    }
  }]
}