{"resourceType":"CodeSystem","id":"GEM-ERP-CS-AvailabilityStatus","text":{"status":"generated","div":"<div xmlns=\"http://www.w3.org/1999/xhtml\"><p class=\"res-header-id\"><b>Generated Narrative: CodeSystem GEM-ERP-CS-AvailabilityStatus</b></p><a name=\"GEM-ERP-CS-AvailabilityStatus\"> </a><a name=\"hcGEM-ERP-CS-AvailabilityStatus\"> </a><p>This case-sensitive code system <code>https://gematik.de/fhir/erp/CodeSystem/GEM-ERP-CS-AvailabilityStatus</code> defines the following codes:</p><table class=\"codes\"><tr><td style=\"white-space:nowrap\"><b>Code</b></td><td><b>Display</b></td></tr><tr><td style=\"white-space:nowrap\">10<a name=\"GEM-ERP-CS-AvailabilityStatus-10\"> </a></td><td>sofort verfügbar</td></tr><tr><td style=\"white-space:nowrap\">20<a name=\"GEM-ERP-CS-AvailabilityStatus-20\"> </a></td><td>noch Heute verfügbar</td></tr><tr><td style=\"white-space:nowrap\">30<a name=\"GEM-ERP-CS-AvailabilityStatus-30\"> </a></td><td>am nächsten Werktag - vormittags</td></tr><tr><td style=\"white-space:nowrap\">40<a name=\"GEM-ERP-CS-AvailabilityStatus-40\"> </a></td><td>am nächsten Werktag- nachmittags</td></tr><tr><td style=\"white-space:nowrap\">50<a name=\"GEM-ERP-CS-AvailabilityStatus-50\"> </a></td><td>nicht verfügbar</td></tr><tr><td style=\"white-space:nowrap\">90<a name=\"GEM-ERP-CS-AvailabilityStatus-90\"> </a></td><td>unbekannt</td></tr></table></div>"},"url":"https://gematik.de/fhir/erp/CodeSystem/GEM-ERP-CS-AvailabilityStatus","version":"1.0.0-draft","name":"GEM_ERP_CS_AvailabilityStatus","title":"CodeSystem des Verfügbarkeitsstatus","status":"draft","experimental":false,"date":"2025-12-15","publisher":"gematik GmbH","contact":[{"name":"gematik GmbH","telecom":[{"system":"url","value":"https://gematik.de"},{"system":"email","value":"erp-umsetzung@gematik.de"}]}],"description":"Typ des Verfügbarkeitsstatus für die Anfrage zur Medikamentenverfügbarkeit.","jurisdiction":[{"coding":[{"system":"urn:iso:std:iso:3166","code":"DE","display":"Germany"}]}],"copyright":"gematik GmbH / Dieses Artefakt ist lizenziert unter [Apache License](./license.html), Version 2.0.","caseSensitive":true,"content":"complete","count":6,"concept":[{"code":"10","display":"sofort verfügbar","designation":[{"use":{"system":"http://terminology.hl7.org/CodeSystem/hl7TermMaintInfra","code":"preferredForLanguage"},"value":"sofort verfügbar"}]},{"code":"20","display":"noch Heute verfügbar","designation":[{"use":{"system":"http://terminology.hl7.org/CodeSystem/hl7TermMaintInfra","code":"preferredForLanguage"},"value":"noch Heute verfügbar"}]},{"code":"30","display":"am nächsten Werktag - vormittags","designation":[{"use":{"system":"http://terminology.hl7.org/CodeSystem/hl7TermMaintInfra","code":"preferredForLanguage"},"value":"am nächsten Werktag - vormittags"}]},{"code":"40","display":"am nächsten Werktag- nachmittags","designation":[{"use":{"system":"http://terminology.hl7.org/CodeSystem/hl7TermMaintInfra","code":"preferredForLanguage"},"value":"am nächsten Werktag- nachmittags"}]},{"code":"50","display":"nicht verfügbar","designation":[{"use":{"system":"http://terminology.hl7.org/CodeSystem/hl7TermMaintInfra","code":"preferredForLanguage"},"value":"nicht verfügbar"}]},{"code":"90","display":"unbekannt","designation":[{"use":{"system":"http://terminology.hl7.org/CodeSystem/hl7TermMaintInfra","code":"preferredForLanguage"},"value":"unbekannt"}]}]}