{"resourceType":"CodeSystem","id":"eflow-rx-flowtype","text":{"status":"generated","div":"<div xmlns=\"http://www.w3.org/1999/xhtml\"><p class=\"res-header-id\"><b>Generated Narrative: CodeSystem eflow-rx-flowtype</b></p><a name=\"eflow-rx-flowtype\"> </a><a name=\"hceflow-rx-flowtype\"> </a><p>This case-sensitive code system <code>https://gematik.de/fhir/erp/CodeSystem/eflow-rx-flowtype</code> defines the following codes:</p><table class=\"codes\"><tr><td style=\"white-space:nowrap\"><b>Code</b></td><td><b>Display</b></td></tr><tr><td style=\"white-space:nowrap\">160<a name=\"eflow-rx-flowtype-160\"> </a></td><td>Flowtype für Apothekenpflichtige Arzneimittel</td></tr><tr><td style=\"white-space:nowrap\">162<a name=\"eflow-rx-flowtype-162\"> </a></td><td>Flowtype für Digitale Gesundheitsanwendungen</td></tr><tr><td style=\"white-space:nowrap\">165<a name=\"eflow-rx-flowtype-165\"> </a></td><td>Flowtype für Betäubungsmittel</td></tr><tr><td style=\"white-space:nowrap\">166<a name=\"eflow-rx-flowtype-166\"> </a></td><td>Flowtype für Arzneimittel nach § 3a AMVV</td></tr><tr><td style=\"white-space:nowrap\">169<a name=\"eflow-rx-flowtype-169\"> </a></td><td>Flowtype zur Workflow-Steuerung durch Leistungserbringer</td></tr><tr><td style=\"white-space:nowrap\">200<a name=\"eflow-rx-flowtype-200\"> </a></td><td>Flowtype für Apothekenpflichtige Arzneimittel (PKV)</td></tr><tr><td style=\"white-space:nowrap\">209<a name=\"eflow-rx-flowtype-209\"> </a></td><td>Flowtype zur Workflow-Steuerung durch Leistungserbringer (PKV)</td></tr></table></div>"},"url":"https://gematik.de/fhir/erp/CodeSystem/eflow-rx-flowtype","version":"1.0.0-draft","name":"EFlowRxFlowTypeCS","title":"CodeSystem der Flowtypen","status":"draft","experimental":false,"date":"2025-12-15","publisher":"gematik GmbH","contact":[{"name":"gematik GmbH","telecom":[{"system":"url","value":"https://gematik.de"},{"system":"email","value":"erp-umsetzung@gematik.de"}]}],"description":"Zeigt die verschiedenen Typen des E-Rezept Workflows entsprechend der Verordnungsformulare.\n\nWICHTIG: Der Codebereich 9xx ist reserviert für Abrechnungsprozesse in Apotheken wie z.B. Pharmazeutische Dienstleistungen!","jurisdiction":[{"coding":[{"system":"urn:iso:std:iso:3166","code":"DE","display":"Germany"}]}],"copyright":"gematik GmbH / Dieses Artefakt ist lizenziert unter [Apache License](./license.html), Version 2.0.","caseSensitive":true,"content":"complete","count":7,"concept":[{"code":"160","display":"Flowtype für Apothekenpflichtige Arzneimittel","designation":[{"use":{"system":"http://terminology.hl7.org/CodeSystem/hl7TermMaintInfra","code":"preferredForLanguage"},"value":"Flowtype für Apothekenpflichtige Arzneimittel"}]},{"code":"162","display":"Flowtype für Digitale Gesundheitsanwendungen","designation":[{"use":{"system":"http://terminology.hl7.org/CodeSystem/hl7TermMaintInfra","code":"preferredForLanguage"},"value":"Flowtype für Digitale Gesundheitsanwendungen"}]},{"code":"165","display":"Flowtype für Betäubungsmittel","designation":[{"use":{"system":"http://terminology.hl7.org/CodeSystem/hl7TermMaintInfra","code":"preferredForLanguage"},"value":"Flowtype für Betäubungsmittel"}]},{"code":"166","display":"Flowtype für Arzneimittel nach § 3a AMVV","designation":[{"use":{"system":"http://terminology.hl7.org/CodeSystem/hl7TermMaintInfra","code":"preferredForLanguage"},"value":"Flowtype für Arzneimittel nach § 3a AMVV"}]},{"code":"169","display":"Flowtype zur Workflow-Steuerung durch Leistungserbringer","designation":[{"use":{"system":"http://terminology.hl7.org/CodeSystem/hl7TermMaintInfra","code":"preferredForLanguage"},"value":"Flowtype zur Workflow-Steuerung durch Leistungserbringer"}]},{"code":"200","display":"Flowtype für Apothekenpflichtige Arzneimittel (PKV)","designation":[{"use":{"system":"http://terminology.hl7.org/CodeSystem/hl7TermMaintInfra","code":"preferredForLanguage"},"value":"Flowtype für Apothekenpflichtige Arzneimittel (PKV)"}]},{"code":"209","display":"Flowtype zur Workflow-Steuerung durch Leistungserbringer (PKV)","designation":[{"use":{"system":"http://terminology.hl7.org/CodeSystem/hl7TermMaintInfra","code":"preferredForLanguage"},"value":"Flowtype zur Workflow-Steuerung durch Leistungserbringer (PKV)"}]}]}