{"resourceType":"CodeSystem","id":"GEM-ERP-CS-OperationOutcomeDetails","text":{"status":"generated","div":"<div xmlns=\"http://www.w3.org/1999/xhtml\"><p class=\"res-header-id\"><b>Generated Narrative: CodeSystem GEM-ERP-CS-OperationOutcomeDetails</b></p><a name=\"GEM-ERP-CS-OperationOutcomeDetails\"> </a><a name=\"hcGEM-ERP-CS-OperationOutcomeDetails\"> </a><p>This case-sensitive code system <code>https://gematik.de/fhir/erp/CodeSystem/GEM-ERP-CS-OperationOutcomeDetails</code> defines the following codes:</p><table class=\"codes\"><tr><td style=\"white-space:nowrap\"><b>Code</b></td><td><b>Display</b></td></tr><tr><td style=\"white-space:nowrap\">ERPFD_NO_VALID_STRUCTURE<a name=\"GEM-ERP-CS-OperationOutcomeDetails-ERPFD_NO_VALID_STRUCTURE\"> </a></td><td>Invalid Data Structure in ePrescription Service</td></tr><tr><td style=\"white-space:nowrap\">ERPFD_PRESCRIPTION_NO_EXIST<a name=\"GEM-ERP-CS-OperationOutcomeDetails-ERPFD_PRESCRIPTION_NO_EXIST\"> </a></td><td>Prescription Not Found in ePrescription Service</td></tr><tr><td style=\"white-space:nowrap\">ERPFD_PRESCRIPTION_STATUS<a name=\"GEM-ERP-CS-OperationOutcomeDetails-ERPFD_PRESCRIPTION_STATUS\"> </a></td><td>Operation Not Permitted on Current Prescription Status</td></tr><tr><td style=\"white-space:nowrap\">ERPFD_PARAMETERS_REFERENCE_NO_EXIST<a name=\"GEM-ERP-CS-OperationOutcomeDetails-ERPFD_PARAMETERS_REFERENCE_NO_EXIST\"> </a></td><td>Unresolved Reference in Parameters</td></tr><tr><td style=\"white-space:nowrap\">ERPFD_PARAMETERS_INVALID_CONTENT<a name=\"GEM-ERP-CS-OperationOutcomeDetails-ERPFD_PARAMETERS_INVALID_CONTENT\"> </a></td><td>Provided content not allowed</td></tr><tr><td style=\"white-space:nowrap\">ERPFD_DOSAGE_INVALID<a name=\"GEM-ERP-CS-OperationOutcomeDetails-ERPFD_DOSAGE_INVALID\"> </a></td><td>Invalid dosage structure or content</td></tr></table></div>"},"url":"https://gematik.de/fhir/erp/CodeSystem/GEM-ERP-CS-OperationOutcomeDetails","version":"1.0.0-draft","name":"GEM_ERP_CS_OperationOutcomeDetails","title":"GEM ERP CS OperationOutcomeDetails","status":"draft","experimental":false,"date":"2025-12-15","publisher":"gematik GmbH","contact":[{"name":"gematik GmbH","telecom":[{"system":"url","value":"https://gematik.de"},{"system":"email","value":"erp-umsetzung@gematik.de"}]}],"description":"Fachliche Fehlercodes des E-Rezept-Fachdienst","jurisdiction":[{"coding":[{"system":"urn:iso:std:iso:3166","code":"DE","display":"Germany"}]}],"copyright":"gematik GmbH / Dieses Artefakt ist lizenziert unter [Apache License](./license.html), Version 2.0.","caseSensitive":true,"content":"complete","count":6,"concept":[{"code":"ERPFD_NO_VALID_STRUCTURE","display":"Invalid Data Structure in ePrescription Service","designation":[{"use":{"system":"http://terminology.hl7.org/CodeSystem/hl7TermMaintInfra","code":"preferredForLanguage"},"value":"Invalid Data Structure in ePrescription Service"}]},{"code":"ERPFD_PRESCRIPTION_NO_EXIST","display":"Prescription Not Found in ePrescription Service","designation":[{"use":{"system":"http://terminology.hl7.org/CodeSystem/hl7TermMaintInfra","code":"preferredForLanguage"},"value":"Prescription Not Found in ePrescription Service"}]},{"code":"ERPFD_PRESCRIPTION_STATUS","display":"Operation Not Permitted on Current Prescription Status","designation":[{"use":{"system":"http://terminology.hl7.org/CodeSystem/hl7TermMaintInfra","code":"preferredForLanguage"},"value":"Operation Not Permitted on Current Prescription Status"}]},{"code":"ERPFD_PARAMETERS_REFERENCE_NO_EXIST","display":"Unresolved Reference in Parameters","designation":[{"use":{"system":"http://terminology.hl7.org/CodeSystem/hl7TermMaintInfra","code":"preferredForLanguage"},"value":"Unresolved Reference in Parameters"}]},{"code":"ERPFD_PARAMETERS_INVALID_CONTENT","display":"Provided content not allowed","designation":[{"use":{"system":"http://terminology.hl7.org/CodeSystem/hl7TermMaintInfra","code":"preferredForLanguage"},"value":"Provided content not allowed"}]},{"code":"ERPFD_DOSAGE_INVALID","display":"Invalid dosage structure or content","designation":[{"use":{"system":"http://terminology.hl7.org/CodeSystem/hl7TermMaintInfra","code":"preferredForLanguage"},"value":"Invalid dosage structure or content"}]}]}