{"resourceType":"CodeSystem","id":"eflow-rx-organizationtype","text":{"status":"generated","div":"<div xmlns=\"http://www.w3.org/1999/xhtml\"><p class=\"res-header-id\"><b>Generated Narrative: CodeSystem eflow-rx-organizationtype</b></p><a name=\"eflow-rx-organizationtype\"> </a><a name=\"hceflow-rx-organizationtype\"> </a><p>This case-sensitive code system <code>https://gematik.de/fhir/erp/CodeSystem/eflow-rx-organizationtype</code> defines the following codes:</p><table class=\"codes\"><tr><td style=\"white-space:nowrap\"><b>Code</b></td><td><b>Display</b></td></tr><tr><td style=\"white-space:nowrap\">urn:oid:1.2.276.0.76.4.54<a name=\"eflow-rx-organizationtype-urn.58oid.581.462.46276.460.4676.464.4654\"> </a></td><td>Öffentliche Apotheke</td></tr><tr><td style=\"white-space:nowrap\">urn:oid:1.2.276.0.76.4.59<a name=\"eflow-rx-organizationtype-urn.58oid.581.462.46276.460.4676.464.4659\"> </a></td><td>Kostenträger</td></tr></table></div>"},"url":"https://gematik.de/fhir/erp/CodeSystem/eflow-rx-organizationtype","version":"1.0.0-draft","name":"EFlowRxOrganizationTypeCS","title":"CodeSystem der Organisationstyp-Codes","status":"draft","experimental":false,"date":"2025-12-15","publisher":"gematik GmbH","contact":[{"name":"gematik GmbH","telecom":[{"system":"url","value":"https://gematik.de"},{"system":"email","value":"erp-umsetzung@gematik.de"}]}],"description":"Typ der Organisation, bei der E-Rezepte eingelöst werden können.","jurisdiction":[{"coding":[{"system":"urn:iso:std:iso:3166","code":"DE","display":"Germany"}]}],"copyright":"gematik GmbH / Dieses Artefakt ist lizenziert unter [Apache License](./license.html), Version 2.0.","caseSensitive":true,"content":"complete","count":2,"concept":[{"code":"urn:oid:1.2.276.0.76.4.54","display":"Öffentliche Apotheke","designation":[{"use":{"system":"http://terminology.hl7.org/CodeSystem/hl7TermMaintInfra","code":"preferredForLanguage"},"value":"Öffentliche Apotheke"}]},{"code":"urn:oid:1.2.276.0.76.4.59","display":"Kostenträger","designation":[{"use":{"system":"http://terminology.hl7.org/CodeSystem/hl7TermMaintInfra","code":"preferredForLanguage"},"value":"Kostenträger"}]}]}