{"resourceType":"OperationDefinition","id":"CreateOperation","text":{"status":"generated","div":"<div xmlns=\"http://www.w3.org/1999/xhtml\"><p class=\"res-header-id\"><b>Generated Narrative: OperationDefinition CreateOperation</b></p><a name=\"CreateOperation\"> </a><a name=\"hcCreateOperation\"> </a><p>URL: [base]/Task/$create</p><p>Input parameters Profile:<a href=\"http://hl7.org/fhir/R4/parameters.html\">Parameters</a></p><p>Output parameters Profile:<a href=\"StructureDefinition-eflow-rx-create-operation-output-parameters.html\">GEM ERP PR CreateOperation Output</a></p><h3>Parameters</h3><table class=\"grid\"><tr><td><b>Use</b></td><td><b>Name</b></td><td><b>Scope</b></td><td><b>Cardinality</b></td><td><b>Type</b></td><td><b>Binding</b></td><td><b>Documentation</b></td></tr><tr><td>IN</td><td>workflowType</td><td/><td>1..1</td><td><a href=\"http://hl7.org/fhir/R4/datatypes.html#Coding\">Coding</a></td><td><a href=\"ValueSet-eflow-rx-flowtype.html\">ValueSet der FlowType-Codes</a> (Required)</td><td><div><p>Dieser Parameter fordert die Erstellung eines Tasks mit bestimmten Flowtype an.</p>\n</div></td></tr><tr><td>OUT</td><td>return</td><td/><td>1..1</td><td><a href=\"http://hl7.org/fhir/R4/task.html\">Task</a></td><td/><td><div><p>Der erstellte Task mit einer flowType-spezifischen Rezept-ID</p>\n</div></td></tr></table></div>"},"url":"https://gematik.de/fhir/erp/OperationDefinition/CreateOperation","version":"1.0.0-draft","name":"Create","status":"draft","kind":"operation","date":"2025-12-15","publisher":"gematik GmbH","contact":[{"name":"gematik GmbH","telecom":[{"system":"url","value":"https://gematik.de"},{"system":"email","value":"erp-umsetzung@gematik.de"}]}],"description":"Diese Operation erstellt eine Aufgabe für die Verschreibung eines bestimmten Flowtypes.","jurisdiction":[{"coding":[{"system":"urn:iso:std:iso:3166","code":"DE","display":"Germany"}]}],"affectsState":true,"code":"create","resource":["Task"],"system":false,"type":true,"instance":false,"inputProfile":"http://hl7.org/fhir/StructureDefinition/Parameters","outputProfile":"https://gematik.de/fhir/erp/StructureDefinition/eflow-rx-create-operation-output-parameters","parameter":[{"name":"workflowType","use":"in","min":1,"max":"1","documentation":"Dieser Parameter fordert die Erstellung eines Tasks mit bestimmten Flowtype an.","type":"Coding","binding":{"strength":"required","valueSet":"https://gematik.de/fhir/erp/ValueSet/eflow-rx-flowtype"}},{"name":"return","use":"out","min":1,"max":"1","documentation":"Der erstellte Task mit einer flowType-spezifischen Rezept-ID","type":"Task"}]}