{"resourceType":"OperationDefinition","id":"CloseOperation","text":{"status":"generated","div":"<div xmlns=\"http://www.w3.org/1999/xhtml\"><p class=\"res-header-id\"><b>Generated Narrative: OperationDefinition CloseOperation</b></p><a name=\"CloseOperation\"> </a><a name=\"hcCloseOperation\"> </a><p>URL: [base]/Task/[id]/$close</p><p>Input parameters Profile:<a href=\"StructureDefinition-eflow-rx-close-operation-input-parameters.html\">GEM ERP PR CloseOperation Input</a></p><p>Output parameters Profile:<a href=\"StructureDefinition-eflow-rx-close-operation-output-parameters.html\">GEM ERP PR CloseOperation Output</a></p><h3>Parameters</h3><table class=\"grid\"><tr><td><b>Use</b></td><td><b>Name</b></td><td><b>Scope</b></td><td><b>Cardinality</b></td><td><b>Type</b></td><td><b>Binding</b></td><td><b>Documentation</b></td></tr><tr><td>IN</td><td>secret</td><td/><td>1..1</td><td><a href=\"http://hl7.org/fhir/R4/datatypes.html#string\">string</a></td><td/><td><div><p>Der secret Parameter, der einer Apotheke den exklusiven Zugriff auf die Aufgabe als Teil der URL ermöglicht. Dieser Parameter muss dem Wert entsprechen, der in Task.identifier:Secret gespeichert ist. Andernfalls wird der Vorgang mit einem Fehler abgebrochen.</p>\n</div></td></tr><tr><td>IN</td><td>rxDispensation</td><td/><td>0..*</td><td></td><td/><td><div><p>Informationen zu abgegebenen Medikament(en)</p>\n</div></td></tr><tr><td>IN</td><td>rxDispensation.medicationDispense</td><td/><td>1..1</td><td><a href=\"http://hl7.org/fhir/R4/medicationdispense.html\">MedicationDispense</a></td><td/><td/></tr><tr><td>IN</td><td>rxDispensation.medication</td><td/><td>0..1</td><td><a href=\"http://hl7.org/fhir/R4/medication.html\">Medication</a></td><td/><td/></tr><tr><td>OUT</td><td>return</td><td/><td>1..1</td><td><a href=\"http://hl7.org/fhir/R4/bundle.html\">Bundle</a></td><td/><td><div><p>Das Quittungs Bundle, das Angaben zum signierenden Fachdienst, die Telematik-ID der Apotheke und die Signatur enthält.</p>\n</div></td></tr></table></div>"},"url":"https://gematik.de/fhir/erp/OperationDefinition/CloseOperation","version":"1.0.0-draft","name":"Close","status":"draft","kind":"operation","date":"2025-12-15","publisher":"gematik GmbH","contact":[{"name":"gematik GmbH","telecom":[{"system":"url","value":"https://gematik.de"},{"system":"email","value":"erp-umsetzung@gematik.de"}]}],"description":"Die $close-Operation beendet den E-Rezept-Workflow und erstellt eine Quittung. Das Ergebnis dieses Vorgangs ist ein signiertes Bundle, das für weitere finanzielle Verarbeitung verwendet wird. Der Status der Aufgabe ändert sich anschließend in #completed.","jurisdiction":[{"coding":[{"system":"urn:iso:std:iso:3166","code":"DE","display":"Germany"}]}],"affectsState":true,"code":"close","resource":["Task"],"system":false,"type":false,"instance":true,"inputProfile":"https://gematik.de/fhir/erp/StructureDefinition/eflow-rx-close-operation-input-parameters","outputProfile":"https://gematik.de/fhir/erp/StructureDefinition/eflow-rx-close-operation-output-parameters","parameter":[{"name":"secret","use":"in","min":1,"max":"1","documentation":"Der secret Parameter, der einer Apotheke den exklusiven Zugriff auf die Aufgabe als Teil der URL ermöglicht. Dieser Parameter muss dem Wert entsprechen, der in Task.identifier:Secret gespeichert ist. Andernfalls wird der Vorgang mit einem Fehler abgebrochen.","type":"string"},{"name":"rxDispensation","use":"in","min":0,"max":"*","documentation":"Informationen zu abgegebenen Medikament(en)","part":[{"name":"medicationDispense","use":"in","min":1,"max":"1","type":"MedicationDispense"},{"name":"medication","use":"in","min":0,"max":"1","type":"Medication"}]},{"name":"return","use":"out","min":1,"max":"1","documentation":"Das Quittungs Bundle, das Angaben zum signierenden Fachdienst, die Telematik-ID der Apotheke und die Signatur enthält.","type":"Bundle"}]}