{"resourceType":"OperationDefinition","id":"AbortOperation","text":{"status":"generated","div":"<div xmlns=\"http://www.w3.org/1999/xhtml\"><p class=\"res-header-id\"><b>Generated Narrative: OperationDefinition AbortOperation</b></p><a name=\"AbortOperation\"> </a><a name=\"hcAbortOperation\"> </a><p>URL: [base]/Task/[id]/$abort</p><h3>Parameters</h3><table class=\"grid\"><tr><td><b>Use</b></td><td><b>Name</b></td><td><b>Scope</b></td><td><b>Cardinality</b></td><td><b>Type</b></td><td><b>Binding</b></td><td><b>Documentation</b></td></tr><tr><td>IN</td><td>ac</td><td/><td>0..1</td><td><a href=\"http://hl7.org/fhir/R4/datatypes.html#string\">string</a></td><td/><td><div><p>[Nur von Patienten und Anbietern (Ärzten/Zahnärzten) zu verwenden] Der secret Parameter, der es Benutzern ermöglicht, exklusiv über die URL und den Parameter ?ac auf die Aufgabe zuzugreifen.</p>\n</div></td></tr><tr><td>IN</td><td>secret</td><td/><td>0..1</td><td><a href=\"http://hl7.org/fhir/R4/datatypes.html#string\">string</a></td><td/><td><div><p>[Nur von der Apotheke zu verwenden] Der secret Parameter, der es einer Apotheke ermöglicht, exklusiv über die URL und den Parameter ?secret auf die Aufgabe zuzugreifen.</p>\n</div></td></tr></table></div>"},"url":"https://gematik.de/fhir/erp/OperationDefinition/AbortOperation","version":"1.0.0-draft","name":"Abort","status":"draft","kind":"operation","date":"2025-12-15","publisher":"gematik GmbH","contact":[{"name":"gematik GmbH","telecom":[{"system":"url","value":"https://gematik.de"},{"system":"email","value":"erp-umsetzung@gematik.de"}]}],"description":"Diese Operation bricht den Workflow eines E-Rezepts ab und löscht alle Daten, die mit dieser Aufgabe zusammenhängen.","jurisdiction":[{"coding":[{"system":"urn:iso:std:iso:3166","code":"DE","display":"Germany"}]}],"affectsState":true,"code":"abort","resource":["Task"],"system":false,"type":false,"instance":true,"parameter":[{"name":"ac","use":"in","min":0,"max":"1","documentation":"[Nur von Patienten und Anbietern (Ärzten/Zahnärzten) zu verwenden] Der secret Parameter, der es Benutzern ermöglicht, exklusiv über die URL und den Parameter ?ac auf die Aufgabe zuzugreifen.","type":"string"},{"name":"secret","use":"in","min":0,"max":"1","documentation":"[Nur von der Apotheke zu verwenden] Der secret Parameter, der es einer Apotheke ermöglicht, exklusiv über die URL und den Parameter ?secret auf die Aufgabe zuzugreifen.","type":"string"}]}