{"resourceType":"StructureDefinition","id":"eflow-rx-eu-is-redeemable-by-properties-extension","url":"https://gematik.de/fhir/erp/StructureDefinition/eflow-rx-eu-is-redeemable-by-properties-extension","version":"1.0.0-draft","name":"EFlowRxEuIsRedeemableByPropertiesExtension","title":"GEM ERP EX EU IS REDEEMABLE BY PROPERTIES","status":"draft","experimental":false,"date":"2025-12-15","publisher":"gematik GmbH","contact":[{"name":"gematik GmbH","telecom":[{"system":"url","value":"https://gematik.de"},{"system":"email","value":"erp-umsetzung@gematik.de"}]}],"description":"Extension zur vom E-Rezept-Fachdienst ermittelten Angabe, ob das E-Rezept in der EU zur Einlösung verfügbar sein soll oder nicht.","jurisdiction":[{"coding":[{"system":"urn:iso:std:iso:3166","code":"DE","display":"Germany"}]}],"copyright":"gematik GmbH / Dieses Artefakt ist lizenziert unter [Apache License](./license.html), Version 2.0.","fhirVersion":"4.0.1","mapping":[{"identity":"rim","uri":"http://hl7.org/v3","name":"RIM Mapping"}],"kind":"complex-type","abstract":false,"context":[{"type":"element","expression":"Task"},{"type":"extension","expression":"http://hl7.org/fhir/StructureDefinition/Extension"}],"type":"Extension","baseDefinition":"http://hl7.org/fhir/StructureDefinition/Extension","derivation":"constraint","snapshot":{"extension":[{"url":"http://hl7.org/fhir/tools/StructureDefinition/snapshot-base-version","valueString":"4.0.1"}],"element":[{"id":"Extension","path":"Extension","short":"Einlösbar in EU-Flagge","definition":"Diese Flagge wird vom E-Rezept-Fachdienst gesetzt, wenn das E-Rezept in der EU einlösbar ist.","min":0,"max":"*","base":{"path":"Extension","min":0,"max":"*"},"condition":["ele-1"],"constraint":[{"key":"ele-1","severity":"error","human":"All FHIR elements must have a @value or children","expression":"hasValue() or (children().count() > id.count())","xpath":"@value|f:*|h:div","source":"http://hl7.org/fhir/StructureDefinition/Element"},{"key":"ext-1","severity":"error","human":"Must have either extensions or value[x], not both","expression":"extension.exists() != value.exists()","xpath":"exists(f:extension)!=exists(f:*[starts-with(local-name(.), 'value')])","source":"http://hl7.org/fhir/StructureDefinition/Extension"}],"isModifier":false},{"id":"Extension.id","path":"Extension.id","representation":["xmlAttr"],"short":"Unique id for inter-element referencing","definition":"Unique id for the element within a resource (for internal references). This may be any string value that does not contain spaces.","min":0,"max":"1","base":{"path":"Element.id","min":0,"max":"1"},"type":[{"extension":[{"url":"http://hl7.org/fhir/StructureDefinition/structuredefinition-fhir-type","valueUrl":"string"}],"code":"http://hl7.org/fhirpath/System.String"}],"isModifier":false,"isSummary":false,"mapping":[{"identity":"rim","map":"n/a"}]},{"id":"Extension.extension","path":"Extension.extension","slicing":{"discriminator":[{"type":"value","path":"url"}],"description":"Extensions are always sliced by (at least) url","rules":"open"},"short":"Extension","definition":"An Extension","min":0,"max":"0","base":{"path":"Element.extension","min":0,"max":"*"},"type":[{"code":"Extension"}],"constraint":[{"key":"ele-1","severity":"error","human":"All FHIR elements must have a @value or children","expression":"hasValue() or (children().count() > id.count())","xpath":"@value|f:*|h:div","source":"http://hl7.org/fhir/StructureDefinition/Element"},{"key":"ext-1","severity":"error","human":"Must have either extensions or value[x], not both","expression":"extension.exists() != value.exists()","xpath":"exists(f:extension)!=exists(f:*[starts-with(local-name(.), \"value\")])","source":"http://hl7.org/fhir/StructureDefinition/Extension"}],"isModifier":false,"isSummary":false},{"id":"Extension.url","path":"Extension.url","representation":["xmlAttr"],"short":"identifies the meaning of the extension","definition":"Source of the definition for the extension code - a logical name or a URL.","comment":"The definition may point directly to a computable or human-readable definition of the extensibility codes, or it may be a logical URI as declared in some other specification. The definition SHALL be a URI for the Structure Definition defining the extension.","min":1,"max":"1","base":{"path":"Extension.url","min":1,"max":"1"},"type":[{"extension":[{"url":"http://hl7.org/fhir/StructureDefinition/structuredefinition-fhir-type","valueUrl":"uri"}],"code":"http://hl7.org/fhirpath/System.String"}],"fixedUri":"https://gematik.de/fhir/erp/StructureDefinition/eflow-rx-eu-is-redeemable-by-properties-extension","isModifier":false,"isSummary":false,"mapping":[{"identity":"rim","map":"N/A"}]},{"id":"Extension.value[x]","path":"Extension.value[x]","short":"Einlösbar in EU-Flagge","definition":"Diese Flagge wird vom E-Rezept-Fachdienst gesetzt, wenn das E-Rezept in der EU einlösbar ist.","min":1,"max":"1","base":{"path":"Extension.value[x]","min":0,"max":"1"},"type":[{"code":"boolean"}],"constraint":[{"key":"ele-1","severity":"error","human":"All FHIR elements must have a @value or children","expression":"hasValue() or (children().count() > id.count())","xpath":"@value|f:*|h:div","source":"http://hl7.org/fhir/StructureDefinition/Element"}],"mustSupport":true,"isModifier":false,"isSummary":false,"mapping":[{"identity":"rim","map":"N/A"}]}]},"differential":{"element":[{"id":"Extension","path":"Extension","short":"Einlösbar in EU-Flagge","definition":"Diese Flagge wird vom E-Rezept-Fachdienst gesetzt, wenn das E-Rezept in der EU einlösbar ist."},{"id":"Extension.extension","path":"Extension.extension","max":"0"},{"id":"Extension.url","path":"Extension.url","fixedUri":"https://gematik.de/fhir/erp/StructureDefinition/eflow-rx-eu-is-redeemable-by-properties-extension"},{"id":"Extension.value[x]","path":"Extension.value[x]","short":"Einlösbar in EU-Flagge","definition":"Diese Flagge wird vom E-Rezept-Fachdienst gesetzt, wenn das E-Rezept in der EU einlösbar ist.","min":1,"type":[{"code":"boolean"}],"mustSupport":true}]}}