{"resourceType":"StructureMap","id":"GEMErpPrMedicationMap","text":{"status":"generated","div":"<div xmlns=\"http://www.w3.org/1999/xhtml\"><p class=\"res-header-id\"><b>Generated Narrative: StructureMap GEMErpPrMedicationMap</b></p><a name=\"GEMErpPrMedicationMap\"> </a><a name=\"hcGEMErpPrMedicationMap\"> </a><pre class=\"fml\">\r\n<b>map</b><span style=\"color: navy\"> &quot;</span>https://gematik.de/fhir/structure-comparer/StructureMap/GEMErpPrMedicationMap<span style=\"color: navy\">&quot; = &quot;</span>GEMErpPrMedicationMap<span style=\"color: navy\">&quot;\r\n\r\n</span><span style=\"color: navy\">// </span><span style=\"color: green\">Auto-generated StructureMap for GEM_ERP_PR_Medication|1.6.1 -&gt; EPAMedication|1.3.0</span>\r\n\r\n<b>uses</b><span style=\"color: navy\"> &quot;</span>https://gematik.de/fhir/erp/StructureDefinition/GEM_ERP_PR_Medication<span style=\"color: navy\">&quot; </span><b>alias </b>GEMERPPRMedication <b>as </b><b>source</b>\r\n<b>uses</b><span style=\"color: navy\"> &quot;</span><a href=\"https://simplifier.net/resolve?scope=de.gematik.epa.medication@1.3.0&amp;canonical=https://gematik.de/fhir/epa-medication/StructureDefinition/epa-medication\" title=\"EPA Medication\">https://gematik.de/fhir/epa-medication/StructureDefinition/epa-medication</a><span style=\"color: navy\">&quot; </span><b>alias </b>EPAMedication <b>as </b><b>target</b>\r\n\r\n<span style=\"color: navy\">// </span><span style=\"color: green\">Mapping generated for GEM_ERP_PR_Medication|1.6.1 -&gt; EPAMedication|1.3.0</span>\r\n<b>group </b>GEMErpPrMedicationMap<span style=\"color: navy\">(</span><b>source</b> <span style=\"color: maroon\">GEMERPPRMedication</span><span style=\"color: navy\"> : </span>GEMERPPRMedication, <b>target</b> <span style=\"color: maroon\">EPAMedication</span><span style=\"color: navy\"> : </span>EPAMedication<span style=\"color: navy\">)</span><b> &lt;&lt;types&gt;&gt;</b><span style=\"color: navy\"> {\r\n</span><span style=\"color: navy\">}\r\n\r\n</span></pre></div>"},"url":"https://gematik.de/fhir/structure-comparer/StructureMap/GEMErpPrMedicationMap","version":"1.0.0-draft","name":"GEMErpPrMedicationMap","status":"active","date":"2026-02-02","publisher":"gematik GmbH","contact":[{"name":"gematik GmbH","telecom":[{"system":"url","value":"https://gematik.de"},{"system":"email","value":"erp-umsetzung@gematik.de"}]}],"description":"Auto-generated StructureMap for GEM_ERP_PR_Medication|1.6.1 -> EPAMedication|1.3.0","jurisdiction":[{"coding":[{"system":"urn:iso:std:iso:3166","code":"DE","display":"Germany"}]}],"structure":[{"url":"https://gematik.de/fhir/erp/StructureDefinition/GEM_ERP_PR_Medication","mode":"source","alias":"GEMERPPRMedication"},{"url":"https://gematik.de/fhir/epa-medication/StructureDefinition/epa-medication","mode":"target","alias":"EPAMedication"}],"group":[{"name":"GEMErpPrMedicationMap","typeMode":"types","documentation":"Mapping generated for GEM_ERP_PR_Medication|1.6.1 -> EPAMedication|1.3.0","input":[{"name":"GEMERPPRMedication","type":"GEMERPPRMedication","mode":"source"},{"name":"EPAMedication","type":"EPAMedication","mode":"target"}]}]}