{"resourceType":"StructureMap","id":"KBVPrForPractitionerMap","text":{"status":"generated","div":"<div xmlns=\"http://www.w3.org/1999/xhtml\"><p class=\"res-header-id\"><b>Generated Narrative: StructureMap KBVPrForPractitionerMap</b></p><a name=\"KBVPrForPractitionerMap\"> </a><a name=\"hcKBVPrForPractitionerMap\"> </a><pre class=\"fml\">\r\n<b>map</b><span style=\"color: navy\"> &quot;</span>https://gematik.de/fhir/structure-comparer/StructureMap/KBVPrForPractitionerMap<span style=\"color: navy\">&quot; = &quot;</span>KBVPrForPractitionerMap<span style=\"color: navy\">&quot;\r\n\r\n</span><span style=\"color: navy\">// </span><span style=\"color: green\">Auto-generated StructureMap for KBV_PR_FOR_Practitioner|1.3.0 -&gt; PractitionerDirectory|1.0.0</span>\r\n\r\n<b>uses</b><span style=\"color: navy\"> &quot;</span>https://fhir.kbv.de/StructureDefinition/KBV_PR_FOR_Practitioner<span style=\"color: navy\">&quot; </span><b>alias </b>KBVPRFORPractitioner <b>as </b><b>source</b>\r\n<b>uses</b><span style=\"color: navy\"> &quot;</span><a href=\"https://simplifier.net/resolve?scope=de.gematik.epa.medication@1.3.0&amp;canonical=https://gematik.de/fhir/directory/StructureDefinition/PractitionerDirectory\" title=\"Practitioner in gematik Directory\">https://gematik.de/fhir/directory/StructureDefinition/PractitionerDirectory</a><span style=\"color: navy\">&quot; </span><b>alias </b>PractitionerDirectory <b>as </b><b>target</b>\r\n\r\n<span style=\"color: navy\">// </span><span style=\"color: green\">Mapping generated for KBV_PR_FOR_Practitioner|1.3.0 -&gt; PractitionerDirectory|1.0.0</span>\r\n<b>group </b>KBVPrForPractitionerMap<span style=\"color: navy\">(</span><b>source</b> <span style=\"color: maroon\">KBVPRFORPractitioner</span><span style=\"color: navy\"> : </span>KBVPRFORPractitioner, <b>target</b> <span style=\"color: maroon\">PractitionerDirectory</span><span style=\"color: navy\"> : </span>PractitionerDirectory<span style=\"color: navy\">)</span><b> &lt;&lt;types&gt;&gt;</b><span style=\"color: navy\"> {\r\n</span>  KBVPRFORPractitioner.identifier<b> as </b><span style=\"color: maroon\">srcKBVPRFORPractitionerIdentifierd46d78b7</span><b> where </b>(use = 'official' and system = 'https://fhir.kbv.de/NamingSystem/KBV_NS_Base_ANR') != true and (use = 'official' and system = 'http://fhir.de/sid/kzbv/zahnarztnummer') != true<span style=\"color: navy\"><b> -&gt; </b></span>PractitionerDirectory.identifier = <span style=\"color: maroon\">srcKBVPRFORPractitionerIdentifierd46d78b7</span><b> as </b><span style=\"color: maroon\">tgtPractitionerDirectoryIdentifierbcb1f07a</span> <i>&quot;PractitionerIdentifierdd7a4a22&quot;</i><span style=\"color: navy\">;</span> <span style=\"color: navy\">// </span><span style=\"color: green\">Automatic copy</span>\r\n  KBVPRFORPractitioner.identifier<b> as </b><span style=\"color: maroon\">srcKBVPRFORPractitionerIdentifierAnr3c836155</span><b> where </b>use = 'official' and system = 'https://fhir.kbv.de/NamingSystem/KBV_NS_Base_ANR'<span style=\"color: navy\"><b> -&gt; </b></span>PractitionerDirectory.identifier = <span style=\"color: maroon\">srcKBVPRFORPractitionerIdentifierAnr3c836155</span><b> as </b><span style=\"color: maroon\">tgtPractitionerDirectoryIdentifierLanrc79324c3</span> <i>&quot;PractitionerIdentifierAnr071fb4ee&quot;</i><span style=\"color: navy\">;</span> <span style=\"color: navy\">// </span><span style=\"color: green\">Copied to 'Practitioner.identifier:LANR'</span>\r\n  KBVPRFORPractitioner.identifier<b> as </b><span style=\"color: maroon\">srcKBVPRFORPractitionerIdentifierTelematikId908b03d1</span><b> where </b>system = 'https://gematik.de/fhir/sid/telematik-id'<span style=\"color: navy\"><b> -&gt; </b></span>PractitionerDirectory.identifier = <span style=\"color: maroon\">srcKBVPRFORPractitionerIdentifierTelematikId908b03d1</span><b> as </b><span style=\"color: maroon\">tgtPractitionerDirectoryIdentifierTelematikid34e15dac</span> <i>&quot;PractitionerIdentifierTelematikId649b0852&quot;</i><span style=\"color: navy\">;</span> <span style=\"color: navy\">// </span><span style=\"color: green\">Copied to 'Practitioner.identifier:TelematikID'</span>\r\n  KBVPRFORPractitioner.meta<b> as </b><span style=\"color: maroon\">srcKBVPRFORPractitionerMeta0287aadd</span><span style=\"color: navy\"><b> -&gt; </b></span>PractitionerDirectory.meta = <b>create</b><span style=\"color: navy\">(</span><span style=\"color: blue\">'Meta'</span><span style=\"color: navy\">)</span><b> as </b><span style=\"color: maroon\">tgtPractitionerDirectoryMeta2975339a</span><b> then</b><span style=\"color: navy\"> {\r\n</span>    srcKBVPRFORPractitionerMeta0287aadd<b> as </b><span style=\"color: maroon\">srcPractitionerMetaProfile969fe928</span><span style=\"color: navy\"><b> -&gt; </b></span>tgtPractitionerDirectoryMeta2975339a.profile = <span style=\"color: blue\">'https://gematik.de/fhir/directory/StructureDefinition/PractitionerDirectory'</span><b> as </b><span style=\"color: maroon\">tgtPractitionerMetaProfile969fe928</span> <i>&quot;PractitionerMetaProfile969fe928&quot;</i><span style=\"color: navy\">;</span> <span style=\"color: navy\">// </span><span style=\"color: green\">Fixed value 'https://gematik.de/fhir/directory/StructureDefinition/PractitionerDirectory'</span>\r\n  <span style=\"color: navy\">}</span> <i>&quot;PractitionerMeta472c1c84&quot;</i><span style=\"color: navy\">;</span> <span style=\"color: navy\">// </span><span style=\"color: green\">Automatic copy</span>\r\n  KBVPRFORPractitioner.name<b> as </b><span style=\"color: maroon\">srcKBVPRFORPractitionerNamef7e47166</span><span style=\"color: navy\"><b> -&gt; </b></span>PractitionerDirectory.name = <span style=\"color: maroon\">srcKBVPRFORPractitionerNamef7e47166</span><b> as </b><span style=\"color: maroon\">tgtPractitionerDirectoryName0e536837</span><b> then</b><span style=\"color: navy\"> {\r\n</span>    srcKBVPRFORPractitionerNamef7e47166<b> as </b><span style=\"color: maroon\">manualsrcPractitionerNameText82d0e3bd</span><span style=\"color: navy\"><b> -&gt; </b></span>tgtPractitionerDirectoryName0e536837<b> as </b><span style=\"color: maroon\">manualtgtPractitionerNameText82d0e3bd</span> <i>&quot;PractitionerNameText82d0e3bd&quot;</i><span style=\"color: navy\">;</span> <span style=\"color: navy\">// </span><span style=\"color: green\">Manual action required | Zum Erzeugen von name.text siehe Transformationsregel F_011 | Quelle: Practitioner.name.text</span>\r\n  <span style=\"color: navy\">}</span> <i>&quot;PractitionerName9470411e&quot;</i><span style=\"color: navy\">;</span> <span style=\"color: navy\">// </span><span style=\"color: green\">Automatic copy</span>\r\n  KBVPRFORPractitioner.qualification<span style=\"color: navy\"><b> -&gt; </b></span>PractitionerDirectory.qualification <i>&quot;PractitionerQualificationAsvFachgruppennummer7aa26f1b&quot;</i><span style=\"color: navy\">;</span> <span style=\"color: navy\">// </span><span style=\"color: green\">Feld wird nicht gemappt | Quelle: Practitioner.qualification:ASV-Fachgruppennummer</span>\r\n  KBVPRFORPractitioner.qualification<span style=\"color: navy\"><b> -&gt; </b></span>PractitionerDirectory.qualification <i>&quot;PractitionerQualificationBerufsbezeichnung7f1bb5ba&quot;</i><span style=\"color: navy\">;</span> <span style=\"color: navy\">// </span><span style=\"color: green\">Feld wird nicht gemappt | Quelle: Practitioner.qualification:Berufsbezeichnung</span>\r\n  KBVPRFORPractitioner.qualification<span style=\"color: navy\"><b> -&gt; </b></span>PractitionerDirectory.qualification <i>&quot;PractitionerQualificationTyp5a2d4c78&quot;</i><span style=\"color: navy\">;</span> <span style=\"color: navy\">// </span><span style=\"color: green\">Feld wird nicht gemappt | Quelle: Practitioner.qualification:Typ</span>\r\n<span style=\"color: navy\">}\r\n\r\n</span></pre></div>"},"url":"https://gematik.de/fhir/structure-comparer/StructureMap/KBVPrForPractitionerMap","version":"1.0.0-draft","name":"KBVPrForPractitionerMap","status":"active","date":"2026-02-02","publisher":"gematik GmbH","contact":[{"name":"gematik GmbH","telecom":[{"system":"url","value":"https://gematik.de"},{"system":"email","value":"erp-umsetzung@gematik.de"}]}],"description":"Auto-generated StructureMap for KBV_PR_FOR_Practitioner|1.3.0 -> PractitionerDirectory|1.0.0","jurisdiction":[{"coding":[{"system":"urn:iso:std:iso:3166","code":"DE","display":"Germany"}]}],"structure":[{"url":"https://fhir.kbv.de/StructureDefinition/KBV_PR_FOR_Practitioner","mode":"source","alias":"KBVPRFORPractitioner"},{"url":"https://gematik.de/fhir/directory/StructureDefinition/PractitionerDirectory","mode":"target","alias":"PractitionerDirectory"}],"group":[{"name":"KBVPrForPractitionerMap","typeMode":"types","documentation":"Mapping generated for KBV_PR_FOR_Practitioner|1.3.0 -> PractitionerDirectory|1.0.0","input":[{"name":"KBVPRFORPractitioner","type":"KBVPRFORPractitioner","mode":"source"},{"name":"PractitionerDirectory","type":"PractitionerDirectory","mode":"target"}],"rule":[{"name":"PractitionerIdentifierdd7a4a22","source":[{"context":"KBVPRFORPractitioner","element":"identifier","variable":"srcKBVPRFORPractitionerIdentifierd46d78b7","condition":"(use = 'official' and system = 'https://fhir.kbv.de/NamingSystem/KBV_NS_Base_ANR') != true and (use = 'official' and system = 'http://fhir.de/sid/kzbv/zahnarztnummer') != true"}],"target":[{"context":"PractitionerDirectory","contextType":"variable","element":"identifier","variable":"tgtPractitionerDirectoryIdentifierbcb1f07a","transform":"copy","parameter":[{"valueId":"srcKBVPRFORPractitionerIdentifierd46d78b7"}]}],"documentation":"Automatic copy"},{"name":"PractitionerIdentifierAnr071fb4ee","source":[{"context":"KBVPRFORPractitioner","element":"identifier","variable":"srcKBVPRFORPractitionerIdentifierAnr3c836155","condition":"use = 'official' and system = 'https://fhir.kbv.de/NamingSystem/KBV_NS_Base_ANR'"}],"target":[{"context":"PractitionerDirectory","contextType":"variable","element":"identifier","variable":"tgtPractitionerDirectoryIdentifierLanrc79324c3","transform":"copy","parameter":[{"valueId":"srcKBVPRFORPractitionerIdentifierAnr3c836155"}]}],"documentation":"Copied to 'Practitioner.identifier:LANR'"},{"name":"PractitionerIdentifierTelematikId649b0852","source":[{"context":"KBVPRFORPractitioner","element":"identifier","variable":"srcKBVPRFORPractitionerIdentifierTelematikId908b03d1","condition":"system = 'https://gematik.de/fhir/sid/telematik-id'"}],"target":[{"context":"PractitionerDirectory","contextType":"variable","element":"identifier","variable":"tgtPractitionerDirectoryIdentifierTelematikid34e15dac","transform":"copy","parameter":[{"valueId":"srcKBVPRFORPractitionerIdentifierTelematikId908b03d1"}]}],"documentation":"Copied to 'Practitioner.identifier:TelematikID'"},{"name":"PractitionerMeta472c1c84","source":[{"context":"KBVPRFORPractitioner","element":"meta","variable":"srcKBVPRFORPractitionerMeta0287aadd"}],"target":[{"context":"PractitionerDirectory","contextType":"variable","element":"meta","variable":"tgtPractitionerDirectoryMeta2975339a","transform":"create","parameter":[{"valueString":"Meta"}]}],"rule":[{"name":"PractitionerMetaProfile969fe928","source":[{"context":"srcKBVPRFORPractitionerMeta0287aadd","variable":"srcPractitionerMetaProfile969fe928"}],"target":[{"context":"tgtPractitionerDirectoryMeta2975339a","contextType":"variable","element":"profile","variable":"tgtPractitionerMetaProfile969fe928","transform":"copy","parameter":[{"valueString":"https://gematik.de/fhir/directory/StructureDefinition/PractitionerDirectory"}]}],"documentation":"Fixed value 'https://gematik.de/fhir/directory/StructureDefinition/PractitionerDirectory'"}],"documentation":"Automatic copy"},{"name":"PractitionerName9470411e","source":[{"context":"KBVPRFORPractitioner","element":"name","variable":"srcKBVPRFORPractitionerNamef7e47166"}],"target":[{"context":"PractitionerDirectory","contextType":"variable","element":"name","variable":"tgtPractitionerDirectoryName0e536837","transform":"copy","parameter":[{"valueId":"srcKBVPRFORPractitionerNamef7e47166"}]}],"rule":[{"name":"PractitionerNameText82d0e3bd","source":[{"context":"srcKBVPRFORPractitionerNamef7e47166","variable":"manualsrcPractitionerNameText82d0e3bd"}],"target":[{"context":"tgtPractitionerDirectoryName0e536837","contextType":"variable","variable":"manualtgtPractitionerNameText82d0e3bd"}],"documentation":"Manual action required | Zum Erzeugen von name.text siehe Transformationsregel F_011 | Quelle: Practitioner.name.text"}],"documentation":"Automatic copy"},{"name":"PractitionerQualificationAsvFachgruppennummer7aa26f1b","source":[{"context":"KBVPRFORPractitioner","element":"qualification","variable":"srcKBVPRFORPractitionerQualificationAsvFachgruppennummerb1380ba4"}],"target":[{"context":"PractitionerDirectory","contextType":"variable","element":"qualification","variable":"tgtPractitionerDirectoryQualificationAsvFachgruppennummer4a060b7"}],"documentation":"Feld wird nicht gemappt | Quelle: Practitioner.qualification:ASV-Fachgruppennummer"},{"name":"PractitionerQualificationBerufsbezeichnung7f1bb5ba","source":[{"context":"KBVPRFORPractitioner","element":"qualification","variable":"srcKBVPRFORPractitionerQualificationBerufsbezeichnung73ee1d30"}],"target":[{"context":"PractitionerDirectory","contextType":"variable","element":"qualification","variable":"tgtPractitionerDirectoryQualificationBerufsbezeichnunge66b35f5"}],"documentation":"Feld wird nicht gemappt | Quelle: Practitioner.qualification:Berufsbezeichnung"},{"name":"PractitionerQualificationTyp5a2d4c78","source":[{"context":"KBVPRFORPractitioner","element":"qualification","variable":"srcKBVPRFORPractitionerQualificationTypb285cc3e"}],"target":[{"context":"PractitionerDirectory","contextType":"variable","element":"qualification","variable":"tgtPractitionerDirectoryQualificationTypcf13b062"}],"documentation":"Feld wird nicht gemappt | Quelle: Practitioner.qualification:Typ"}]}]}