{"resourceType":"ValueSet","id":"eflow-rx-flowtype","text":{"status":"generated","div":"<div xmlns=\"http://www.w3.org/1999/xhtml\"><p class=\"res-header-id\"><b>Generated Narrative: ValueSet eflow-rx-flowtype</b></p><a name=\"eflow-rx-flowtype\"> </a><a name=\"hceflow-rx-flowtype\"> </a><ul><li>Include all codes defined in <a href=\"CodeSystem-eflow-rx-flowtype.html\"><code>https://gematik.de/fhir/erp/CodeSystem/eflow-rx-flowtype</code></a><span title=\"Version is not explicitly stated, which means it is fixed to the version provided in this specification\"> version &#x1F4E6;1.0.0-draft</span></li></ul></div>"},"url":"https://gematik.de/fhir/erp/ValueSet/eflow-rx-flowtype","version":"1.0.0-draft","name":"EFlowRxFlowTypeVS","title":"ValueSet der FlowType-Codes","status":"draft","experimental":false,"date":"2025-12-15","publisher":"gematik GmbH","contact":[{"name":"gematik GmbH","telecom":[{"system":"url","value":"https://gematik.de"},{"system":"email","value":"erp-umsetzung@gematik.de"}]}],"description":"Zeigt die verschiedenen Arten des E-Rezepts entsprechend den Verschreibungsformularen.","jurisdiction":[{"coding":[{"system":"urn:iso:std:iso:3166","code":"DE","display":"Germany"}]}],"immutable":false,"copyright":"gematik GmbH / Dieses Artefakt ist lizenziert unter [Apache License](./license.html), Version 2.0.","compose":{"include":[{"system":"https://gematik.de/fhir/erp/CodeSystem/eflow-rx-flowtype"}]}}