{"resourceType":"ValueSet","id":"GEM-ERP-VS-DocumentType","text":{"status":"generated","div":"<div xmlns=\"http://www.w3.org/1999/xhtml\"><p class=\"res-header-id\"><b>Generated Narrative: ValueSet GEM-ERP-VS-DocumentType</b></p><a name=\"GEM-ERP-VS-DocumentType\"> </a><a name=\"hcGEM-ERP-VS-DocumentType\"> </a><ul><li>Include all codes defined in <a href=\"CodeSystem-GEM-ERP-CS-DocumentType.html\"><code>https://gematik.de/fhir/erp/CodeSystem/GEM-ERP-CS-DocumentType</code></a><span title=\"Version is not explicitly stated, which means it is fixed to the version provided in this specification\"> version &#x1F4E6;1.0.0-draft</span></li></ul></div>"},"url":"https://gematik.de/fhir/erp/ValueSet/GEM-ERP-VS-DocumentType","version":"1.0.0-draft","name":"GEM_ERP_VS_DocumentType","title":"ValueSet der Dokumenttyp-Codes","status":"draft","experimental":false,"date":"2025-12-15","publisher":"gematik GmbH","contact":[{"name":"gematik GmbH","telecom":[{"system":"url","value":"https://gematik.de"},{"system":"email","value":"erp-umsetzung@gematik.de"}]}],"description":"Art der Dokumente je nach Empfänger.","jurisdiction":[{"coding":[{"system":"urn:iso:std:iso:3166","code":"DE","display":"Germany"}]}],"immutable":false,"copyright":"gematik GmbH / Dieses Artefakt ist lizenziert unter [Apache License](./license.html), Version 2.0.","compose":{"include":[{"system":"https://gematik.de/fhir/erp/CodeSystem/GEM-ERP-CS-DocumentType"}]}}