{
  "resourceType" : "ChargeItem",
  "id" : "ChargeItem-GET-Completed",
  "meta" : {
    "profile" : ["https://gematik.de/fhir/erpchrg/StructureDefinition/GEM_ERPCHRG_PR_ChargeItem|1.1"]
  },
  "text" : {
    "status" : "extensions",
    "div" : "<div xmlns=\"http://www.w3.org/1999/xhtml\"><p class=\"res-header-id\"><b>Generated Narrative: ChargeItem ChargeItem-GET-Completed</b></p><a name=\"ChargeItem-GET-Completed\"> </a><a name=\"hcChargeItem-GET-Completed\"> </a><div style=\"display: inline-block; background-color: #d9e0e7; padding: 6px; margin: 4px; border: 1px solid #8da1b4; border-radius: 5px; line-height: 60%\"><p style=\"margin-bottom: 0px\"/><p style=\"margin-bottom: 0px\">Profile: <a href=\"StructureDefinition-GEM-ERPCHRG-PR-ChargeItem.html\">GEM_ERPCHRG_PR_ChargeItemversion: null1.1.0-draft)</a></p></div><blockquote><p><b>GEM_ERPCHRG_EX_MarkingFlag</b></p><ul><li>insuranceProvider: false</li><li>subsidy: false</li><li>taxOffice: false</li></ul></blockquote><p><b>identifier</b>: <code>https://gematik.de/fhir/erp/NamingSystem/GEM_ERP_NS_PrescriptionId</code>/200.000.000.000.000.01, <code>https://gematik.de/fhir/erp/NamingSystem/GEM_ERP_NS_AccessCode</code>/777bea0e13cc9c42ceec14aec3ddee2263325dc2c6c699db115f58fe423607ea</p><p><b>status</b>: Billable</p><p><b>code</b>: <span title=\"Codes:{http://terminology.hl7.org/CodeSystem/data-absent-reason not-applicable}\">Not Applicable</span></p><p><b>subject</b>: Identifier: NamingSystemKVID/P987654321</p><p><b>enterer</b>: Identifier: <code>https://gematik.de/fhir/sid/telematik-id</code>/3-2-APO-XanthippeVeilchenblau01</p><p><b>enteredDate</b>: 2025-10-01 15:29:00+0000</p><p><b>supportingInformation</b>: </p><ul><li><a href=\"https://simplifier.net/resolve?scope=de.basisprofil.r4@1.5.2&amp;canonical=http://fhir.org/packages/de.basisprofil.r4/Bundle/72bd741c-7ad8-41d8-97c3-9aabbdd0f5b4\">http://fhir.abda.de/eRezeptAbgabedaten/StructureDefinition/DAV-PKV-PR-ERP-AbgabedatenBundle</a></li><li><a href=\"https://simplifier.net/resolve?scope=de.basisprofil.r4@1.5.2&amp;canonical=http://fhir.org/packages/de.basisprofil.r4/Bundle/200.000.000.000.000.01\">https://gematik.de/fhir/erp/StructureDefinition/GEM_ERP_PR_Bundle</a></li><li><a href=\"https://simplifier.net/resolve?scope=de.basisprofil.r4@1.5.2&amp;canonical=http://fhir.org/packages/de.basisprofil.r4/Bundle/0428d416-149e-48a4-977c-394887b3d85c\">https://fhir.kbv.de/StructureDefinition/KBV_PR_ERP_Bundle</a></li></ul></div>"
  },
  "extension" : [{
    "extension" : [{
      "url" : "insuranceProvider",
      "valueBoolean" : false
    },
    {
      "url" : "subsidy",
      "valueBoolean" : false
    },
    {
      "url" : "taxOffice",
      "valueBoolean" : false
    }],
    "url" : "https://gematik.de/fhir/erpchrg/StructureDefinition/GEM_ERPCHRG_EX_MarkingFlag"
  }],
  "identifier" : [{
    "system" : "https://gematik.de/fhir/erp/NamingSystem/GEM_ERP_NS_PrescriptionId",
    "value" : "200.000.000.000.000.01"
  },
  {
    "system" : "https://gematik.de/fhir/erp/NamingSystem/GEM_ERP_NS_AccessCode",
    "value" : "777bea0e13cc9c42ceec14aec3ddee2263325dc2c6c699db115f58fe423607ea"
  }],
  "status" : "billable",
  "code" : {
    "coding" : [{
      "system" : "http://terminology.hl7.org/CodeSystem/data-absent-reason",
      "code" : "not-applicable"
    }]
  },
  "subject" : {
    "identifier" : {
      "system" : "http://fhir.de/sid/gkv/kvid-10",
      "value" : "P987654321"
    }
  },
  "enterer" : {
    "identifier" : {
      "system" : "https://gematik.de/fhir/sid/telematik-id",
      "value" : "3-2-APO-XanthippeVeilchenblau01"
    }
  },
  "enteredDate" : "2025-10-01T15:29:00.434+00:00",
  "supportingInformation" : [{
    "reference" : "Bundle/72bd741c-7ad8-41d8-97c3-9aabbdd0f5b4",
    "display" : "http://fhir.abda.de/eRezeptAbgabedaten/StructureDefinition/DAV-PKV-PR-ERP-AbgabedatenBundle"
  },
  {
    "reference" : "Bundle/200.000.000.000.000.01",
    "display" : "https://gematik.de/fhir/erp/StructureDefinition/GEM_ERP_PR_Bundle"
  },
  {
    "reference" : "Bundle/0428d416-149e-48a4-977c-394887b3d85c",
    "display" : "https://fhir.kbv.de/StructureDefinition/KBV_PR_ERP_Bundle"
  }]
}