{
  "resourceType" : "Communication",
  "id" : "b4cf7f71-3ade-40ab-97a9-929f95af29f2",
  "meta" : {
    "profile" : ["https://gematik.de/fhir/erpchrg/StructureDefinition/GEM_ERPCHRG_PR_Communication_ChargChangeReq|1.1"],
    "tag" : [{
      "display" : "Communication message sent by patient to pharmacy to request the change of an existing ChargeItem by providing the AccessCode"
    }]
  },
  "text" : {
    "status" : "generated",
    "div" : "<div xmlns=\"http://www.w3.org/1999/xhtml\"><p class=\"res-header-id\"><b>Generated Narrative: Communication b4cf7f71-3ade-40ab-97a9-929f95af29f2</b></p><a name=\"b4cf7f71-3ade-40ab-97a9-929f95af29f2\"> </a><a name=\"hcb4cf7f71-3ade-40ab-97a9-929f95af29f2\"> </a><div style=\"display: inline-block; background-color: #d9e0e7; padding: 6px; margin: 4px; border: 1px solid #8da1b4; border-radius: 5px; line-height: 60%\"><p style=\"margin-bottom: 0px\"/><p style=\"margin-bottom: 0px\">Profile: <a href=\"StructureDefinition-GEM-ERPCHRG-PR-Communication-ChargChangeReq.html\">Request for Modification on ChargeItemversion: null1.1.0-draft)</a></p><p style=\"margin-bottom: 0px\">Tag: Communication message sent by patient to pharmacy to request the change of an existing ChargeItem by providing the AccessCode (Details: [not stated] code null = 'Communication message sent by patient to pharmacy to request the change of an existing ChargeItem by providing the AccessCode')</p></div><p><b>basedOn</b>: <a href=\"https://simplifier.net/resolve?scope=de.basisprofil.r4@1.5.2&amp;canonical=http://fhir.org/packages/de.basisprofil.r4/ChargeItem/a51520ec-0899-404f-bb97-fe7d461f90a8?ac=777bea0e13cc9c42ceec14aec3ddee2263325dc2c6c699db115f58fe423607ea\">ChargeItem/a51520ec-0899-404f-bb97-fe7d461f90a8?ac=777bea0e13cc9c42ceec14aec3ddee2263325dc2c6c699db115f58fe423607ea</a></p><p><b>status</b>: Unknown</p><p><b>sent</b>: 2025-10-01 15:29:00+0000</p><p><b>recipient</b>: Identifier: <code>https://gematik.de/fhir/sid/telematik-id</code>/3-2-APO-XanthippeVeilchenblau01</p><p><b>sender</b>: Identifier: NamingSystemKVID/P987654321</p><h3>Payloads</h3><table class=\"grid\"><tr><td style=\"display: none\">-</td><td><b>Content[x]</b></td></tr><tr><td style=\"display: none\">*</td><td>Bitte meinen Namen in Günther ändern, Waltraud ist falsch.</td></tr></table></div>"
  },
  "basedOn" : [{
    "reference" : "ChargeItem/a51520ec-0899-404f-bb97-fe7d461f90a8?ac=777bea0e13cc9c42ceec14aec3ddee2263325dc2c6c699db115f58fe423607ea"
  }],
  "status" : "unknown",
  "sent" : "2025-10-01T15:29:00.434+00:00",
  "recipient" : [{
    "identifier" : {
      "system" : "https://gematik.de/fhir/sid/telematik-id",
      "value" : "3-2-APO-XanthippeVeilchenblau01"
    }
  }],
  "sender" : {
    "identifier" : {
      "system" : "http://fhir.de/sid/gkv/kvid-10",
      "value" : "P987654321"
    }
  },
  "payload" : [{
    "contentString" : "Bitte meinen Namen in Günther ändern, Waltraud ist falsch."
  }]
}