<?xml version="1.0" encoding="UTF-8"?>

<Communication xmlns="http://hl7.org/fhir">
  <id value="2be1c6ac-5d10-47f6-84ee-8318b2c22c76"/>
  <meta>
    <tag>
      <display value="Dispense Request from Patient to Health Care Provider"/>
    </tag>
    <tag>
      <display value="Communication message sent by patient to Health Care Provider to request the redeemCode for a DiGA"/>
    </tag>
  </meta>
  <text>
    <status value="extensions"/><div xmlns="http://www.w3.org/1999/xhtml"><p class="res-header-id"><b>Generated Narrative: Communication 2be1c6ac-5d10-47f6-84ee-8318b2c22c76</b></p><a name="2be1c6ac-5d10-47f6-84ee-8318b2c22c76"> </a><a name="hc2be1c6ac-5d10-47f6-84ee-8318b2c22c76"> </a><div style="display: inline-block; background-color: #d9e0e7; padding: 6px; margin: 4px; border: 1px solid #8da1b4; border-radius: 5px; line-height: 60%"><p style="margin-bottom: 0px"/><p style="margin-bottom: 0px">Tags: Dispense Request from Patient to Health Care Provider (Details: [not stated] code null = 'Dispense Request from Patient to Health Care Provider'), Communication message sent by patient to Health Care Provider to request the redeemCode for a DiGA (Details: [not stated] code null = 'Communication message sent by patient to Health Care Provider to request the redeemCode for a DiGA')</p></div><p><b>de/fhir/erp/StructureDefinition/GEM_ERP_EX_PrescriptionType</b>: GEM_ERP_CS_FlowType: 162 (Flowtype für Digitale Gesundheitsanwendungen)</p><p><b>basedOn</b>: <a href="https://simplifier.net/resolve?scope=de.basisprofil.r4@1.5.4&amp;canonical=http://fhir.org/packages/de.basisprofil.r4/Task/162.000.033.491.280.78/$accept?ac=777bea0e13cc9c42ceec14aec3ddee2263325dc2c6c699db115f58fe423607ea">Task/162.000.033.491.280.78/$accept?ac=777bea0e13cc9c42ceec14aec3ddee2263325dc2c6c699db115f58fe423607ea</a></p><p><b>status</b>: Unknown</p><p><b>sent</b>: 2026-02-06 15:29:00+0000</p><p><b>recipient</b>: Identifier: <code>https://gematik.de/fhir/sid/telematik-id</code>/8-SMC-B-Testkarte-883110000123465</p><p><b>sender</b>: Identifier: NamingSystemKVID/X234567890</p></div>
  </text>
  <extension url="https://gematik.de/fhir/erp/StructureDefinition/GEM_ERP_EX_PrescriptionType">
    <valueCoding>
      <system value="https://gematik.de/fhir/erp/CodeSystem/GEM_ERP_CS_FlowType"/>
      <code value="162"/>
      <display value="Flowtype für Digitale Gesundheitsanwendungen"/>
    </valueCoding>
  </extension>
  <basedOn>
    <reference value="Task/162.000.033.491.280.78/$accept?ac=777bea0e13cc9c42ceec14aec3ddee2263325dc2c6c699db115f58fe423607ea"/>
  </basedOn>
  <status value="unknown"/>
  <sent value="2026-02-06T15:29:00.434+00:00"/>
  <recipient>
    <identifier>
      <system value="https://gematik.de/fhir/sid/telematik-id"/>
      <value value="8-SMC-B-Testkarte-883110000123465"/>
    </identifier>
  </recipient>
  <sender>
    <identifier>
      <system value="http://fhir.de/sid/gkv/kvid-10"/>
      <value value="X234567890"/>
    </identifier>
  </sender>
</Communication>