<?xml version="1.0" encoding="UTF-8"?>

<MedicationDispense xmlns="http://hl7.org/fhir">
  <id value="Example-MedicationDispense-DiGA-Name-And-PZN"/>
  <meta>
    <profile value="https://gematik.de/fhir/erp-diga/StructureDefinition/GEM-ERP-PR-MedicationDispense-DiGA"/>
  </meta>
  <text>
    <status value="extensions"/><div xmlns="http://www.w3.org/1999/xhtml"><p class="res-header-id"><b>Generated Narrative: MedicationDispense Example-MedicationDispense-DiGA-Name-And-PZN</b></p><a name="Example-MedicationDispense-DiGA-Name-And-PZN"> </a><a name="hcExample-MedicationDispense-DiGA-Name-And-PZN"> </a><div style="display: inline-block; background-color: #d9e0e7; padding: 6px; margin: 4px; border: 1px solid #8da1b4; border-radius: 5px; line-height: 60%"><p style="margin-bottom: 0px"/><p style="margin-bottom: 0px">Profile: <a href="StructureDefinition-GEM-ERP-PR-MedicationDispense-DiGA.html">GEM ERP PR MedicationDispense DiGA</a></p></div><p><b>GEM ERP EX RedeemCode</b>: DE12345678901234</p><p><b>identifier</b>: <code>https://gematik.de/fhir/erp/NamingSystem/GEM_ERP_NS_PrescriptionId</code>/162.000.033.491.280.78</p><p><b>status</b>: Completed</p><p><b>medication</b>: Gematico Diabetestherapie (Identifier: <code>http://fhir.de/CodeSystem/ifa/pzn</code>/12345678)</p><p><b>subject</b>: Identifier: NamingSystemKVID/X123456789</p><h3>Performers</h3><table class="grid"><tr><td style="display: none">-</td><td><b>Actor</b></td></tr><tr><td style="display: none">*</td><td>Identifier: <code>https://gematik.de/fhir/sid/telematik-id</code>/8-SMC-B-Testkarte-883110000095957</td></tr></table><p><b>whenHandedOver</b>: 2026-02-06</p></div>
  </text>
  <extension url="https://gematik.de/fhir/erp-diga/StructureDefinition/GEM_ERP_EX_RedeemCode">
    <valueString value="DE12345678901234"/>
  </extension>
  <identifier>
    <system value="https://gematik.de/fhir/erp/NamingSystem/GEM_ERP_NS_PrescriptionId"/>
    <value value="162.000.033.491.280.78"/>
  </identifier>
  <status value="completed"/>
  <medicationReference>
    <identifier>
      <system value="http://fhir.de/CodeSystem/ifa/pzn"/>
      <value value="12345678"/>
    </identifier>
    <display value="Gematico Diabetestherapie"/>
  </medicationReference>
  <subject>
    <identifier>
      <system value="http://fhir.de/sid/gkv/kvid-10"/>
      <value value="X123456789"/>
    </identifier>
  </subject>
  <performer>
    <actor>
      <identifier>
        <system value="https://gematik.de/fhir/sid/telematik-id"/>
        <value value="8-SMC-B-Testkarte-883110000095957"/>
      </identifier>
    </actor>
  </performer>
  <whenHandedOver value="2026-02-06"/>
</MedicationDispense>