[{
  "id" : "GEM-ERPCHRG-CS-ConsentType",
  "type" : "CodeSystem",
  "url" : "https://gematik.de/fhir/erpchrg/CodeSystem/GEM_ERPCHRG_CS_ConsentType",
  "version" : "1.1.0-draft",
  "name" : "GEM_ERPCHRG_CS_ConsentType"
},
{
  "id" : "de.gematik.eflow-chargeitem",
  "type" : "ImplementationGuide",
  "url" : "https://gematik.de/fhir/erpchrg/ImplementationGuide/de.gematik.eflow-chargeitem",
  "version" : "1.1.0-draft",
  "name" : "gemIG_eRp_ChargeItem"
},
{
  "id" : "erp-fachdienst-client",
  "type" : "CapabilityStatement",
  "url" : "https://gematik.de/fhir/erpchrg/OperationDefinition/ERPFachdienstClientChrgOperationDefinition",
  "version" : "1.1.0-draft",
  "name" : "ERPFachdienstClientChrg"
},
{
  "id" : "erp-fachdienst-server-erpchrg",
  "type" : "CapabilityStatement",
  "url" : "https://gematik.de/fhir/erpchrg/OperationDefinition/ERPFachdienstServerChrgOperationDefinition",
  "version" : "1.1.0-draft",
  "name" : "ERPFachdienstServerChrg"
},
{
  "id" : "GEM-ERPCHRG-EX-MarkingFlag",
  "type" : "StructureDefinition",
  "url" : "https://gematik.de/fhir/erpchrg/StructureDefinition/GEM_ERPCHRG_EX_MarkingFlag",
  "version" : "1.1.0-draft",
  "name" : "GEM_ERPCHRG_EX_MarkingFlag"
},
{
  "id" : "GEM-ERPCHRG-PR-ChargeItem",
  "type" : "StructureDefinition",
  "url" : "https://gematik.de/fhir/erpchrg/StructureDefinition/GEM_ERPCHRG_PR_ChargeItem",
  "version" : "1.1.0-draft",
  "name" : "GEM_ERPCHRG_PR_ChargeItem"
},
{
  "id" : "GEM-ERPCHRG-PR-Communication-ChargChangeReply",
  "type" : "StructureDefinition",
  "url" : "https://gematik.de/fhir/erpchrg/StructureDefinition/GEM_ERPCHRG_PR_Communication_ChargChangeReply",
  "version" : "1.1.0-draft",
  "name" : "GEM_ERPCHRG_PR_Communication_ChargChangeReply"
},
{
  "id" : "GEM-ERPCHRG-PR-Communication-ChargChangeReq",
  "type" : "StructureDefinition",
  "url" : "https://gematik.de/fhir/erpchrg/StructureDefinition/GEM_ERPCHRG_PR_Communication_ChargChangeReq",
  "version" : "1.1.0-draft",
  "name" : "GEM_ERPCHRG_PR_Communication_ChargChangeReq"
},
{
  "id" : "GEM-ERPCHRG-PR-Consent",
  "type" : "StructureDefinition",
  "url" : "https://gematik.de/fhir/erpchrg/StructureDefinition/GEM_ERPCHRG_PR_Consent",
  "version" : "1.1.0-draft",
  "name" : "GEM_ERPCHRG_PR_Consent"
},
{
  "id" : "GEM-ERPCHRG-PR-PAR-Patch-ChargeItem-Input",
  "type" : "StructureDefinition",
  "url" : "https://gematik.de/fhir/erpchrg/StructureDefinition/GEM_ERPCHRG_PR_PAR_Patch_ChargeItem_Input",
  "version" : "1.1.0-draft",
  "name" : "GEM_ERPCHRG_PR_PAR_Patch_ChargeItem_Input"
},
{
  "id" : "GEM-ERPCHRG-VS-ConsentType",
  "type" : "ValueSet",
  "url" : "https://gematik.de/fhir/erpchrg/ValueSet/GEM_ERPCHRG_VS_ConsentType",
  "version" : "1.1.0-draft",
  "name" : "GEM_ERPCHRG_VS_ConsentType"
}]
