{
  "codeSystems" : [{
    "url" : "http://dicom.nema.org/resources/ontology/DCM",
    "version" : "01",
    "status" : "active",
    "name" : "DICOM Controlled Terminology Definitions",
    "title" : null,
    "description" : "DICOM Code Definitions (Coding Scheme Designator \"DCM\" Coding Scheme Version \"01\")",
    "oids" : ["1.2.840.10008.2.16.4"],
    "uses" : {
    },
    "http://hl7.org/fhir/R4/valueset-security-role-type.html" : "SecurityRoleType"
  },
  {
    "url" : "http://fhir.de/CodeSystem/identifier-type-de-basis",
    "version" : "1.5.4",
    "status" : "active",
    "name" : "IdentifierTypeDeBasis",
    "title" : "Identifier Type De Basis",
    "description" : "Liste der Identfikatorentypen des deutschen Basisprofils welche die Standardtypen ergänzen.",
    "uses" : {
    },
    "https://simplifier.net/resolve?scope=de.gematik.ti@1.2.0&canonical=http://fhir.de/ValueSet/identifier-type-de-basis" : "Identifier Type DeBasis ValueSet"
  },
  {
    "url" : "http://hl7.org/fhir/chargeitem-status",
    "version" : "4.0.1",
    "status" : "draft",
    "name" : "ChargeItemStatus",
    "title" : "ChargeItemStatus",
    "description" : "Codes identifying the lifecycle stage of a ChargeItem.",
    "oids" : ["2.16.840.1.113883.4.642.4.847"],
    "uses" : {
    },
    "http://hl7.org/fhir/R4/valueset-chargeitem-status.html" : "ChargeItemStatus"
  },
  {
    "url" : "http://hl7.org/fhir/consent-data-meaning",
    "version" : "4.0.1",
    "status" : "draft",
    "name" : "ConsentDataMeaning",
    "title" : "ConsentDataMeaning",
    "description" : "How a resource reference is interpreted when testing consent restrictions.",
    "oids" : ["2.16.840.1.113883.4.642.4.760"],
    "uses" : {
    },
    "http://hl7.org/fhir/R4/valueset-consent-data-meaning.html" : "ConsentDataMeaning"
  },
  {
    "url" : "http://hl7.org/fhir/consent-provision-type",
    "version" : "4.0.1",
    "status" : "draft",
    "name" : "ConsentProvisionType",
    "title" : "ConsentProvisionType",
    "description" : "How a rule statement is applied, such as adding additional consent or removing consent.",
    "oids" : ["2.16.840.1.113883.4.642.4.758"],
    "uses" : {
    },
    "http://hl7.org/fhir/R4/valueset-consent-provision-type.html" : "ConsentProvisionType"
  },
  {
    "url" : "http://hl7.org/fhir/consent-state-codes",
    "version" : "4.0.1",
    "status" : "draft",
    "name" : "ConsentState",
    "title" : "ConsentState",
    "description" : "Indicates the state of the consent.",
    "oids" : ["2.16.840.1.113883.4.642.4.756"],
    "uses" : {
    },
    "http://hl7.org/fhir/R4/valueset-consent-state-codes.html" : "ConsentState"
  },
  {
    "url" : "http://hl7.org/fhir/event-status",
    "version" : "4.0.1",
    "status" : "draft",
    "name" : "EventStatus",
    "title" : "EventStatus",
    "description" : "Codes identifying the lifecycle stage of an event.",
    "oids" : ["2.16.840.1.113883.4.642.4.110"],
    "uses" : {
    },
    "http://hl7.org/fhir/R4/valueset-event-status.html" : "EventStatus"
  },
  {
    "url" : "http://hl7.org/fhir/identifier-use",
    "version" : "4.0.1",
    "status" : "active",
    "name" : "IdentifierUse",
    "title" : "IdentifierUse",
    "description" : "Identifies the purpose for this identifier, if known .",
    "oids" : ["2.16.840.1.113883.4.642.4.58"],
    "uses" : {
    },
    "http://hl7.org/fhir/R4/valueset-identifier-use.html" : "IdentifierUse"
  },
  {
    "url" : "http://hl7.org/fhir/request-priority",
    "version" : "4.0.1",
    "status" : "draft",
    "name" : "RequestPriority",
    "title" : "RequestPriority",
    "description" : "Identifies the level of importance to be assigned to actioning the request.",
    "oids" : ["2.16.840.1.113883.4.642.4.116"],
    "uses" : {
    },
    "http://hl7.org/fhir/R4/valueset-request-priority.html" : "Request priority"
  },
  {
    "url" : "http://hl7.org/fhir/resource-types",
    "version" : "4.0.1",
    "status" : "active",
    "name" : "ResourceType",
    "title" : "ResourceType",
    "description" : "One of the resource types defined as part of this version of FHIR.",
    "uses" : {
    },
    "http://hl7.org/fhir/R4/valueset-consent-content-class.html" : "Consent Content Class",
    "http://hl7.org/fhir/R4/valueset-resource-types.html" : "ResourceType"
  },
  {
    "url" : "http://snomed.info/sct",
    "version" : null,
    "status" : "active",
    "name" : "SNOMED_CT",
    "title" : "SNOMED CT (all versions)",
    "description" : "SNOMED CT is the most comprehensive and precise clinical health terminology product in the world, owned and distributed around the world by The International Health Terminology Standards Development Organisation (IHTSDO).",
    "oids" : ["2.16.840.1.113883.6.96"],
    "uses" : {
    },
    "http://hl7.org/fhir/R4/valueset-clinical-findings.html" : "SNOMED CT Clinical Findings",
    "http://hl7.org/fhir/R4/valueset-performer-role.html" : "Procedure Performer Role Codes",
    "http://hl7.org/fhir/R4/valueset-body-site.html" : "SNOMED CT Body Structures",
    "http://hl7.org/fhir/R4/valueset-device-kind.html" : "FHIR Device Types"
  },
  {
    "url" : "http://terminology.hl7.org/CodeSystem/chargeitem-billingcodes",
    "version" : "1.0.1",
    "status" : "active",
    "name" : "ChargeItemCode",
    "title" : "ChargeItemCode",
    "description" : "Example set of codes that can be used for billing purposes.",
    "oids" : ["2.16.840.1.113883.4.642.1.1257"],
    "uses" : {
    },
    "http://hl7.org/fhir/R4/valueset-chargeitem-billingcodes.html" : "ChargeItemCode"
  },
  {
    "url" : "http://terminology.hl7.org/CodeSystem/common-tags",
    "version" : "1.0.1",
    "status" : "active",
    "name" : "CommonTags",
    "title" : "Common Tags",
    "description" : "Common Tag Codes defined by FHIR project",
    "oids" : ["2.16.840.1.113883.4.642.1.1067"],
    "uses" : {
    },
    "http://hl7.org/fhir/R4/valueset-common-tags.html" : "Common Tags"
  },
  {
    "url" : "http://terminology.hl7.org/CodeSystem/communication-category",
    "version" : "1.0.1",
    "status" : "active",
    "name" : "CommunicationCategory",
    "title" : "CommunicationCategory",
    "description" : "Codes for general categories of communications such as alerts, instructions, etc.",
    "oids" : ["2.16.840.1.113883.4.642.1.1076"],
    "uses" : {
    },
    "http://hl7.org/fhir/R4/valueset-communication-category.html" : "CommunicationCategory"
  },
  {
    "url" : "http://terminology.hl7.org/CodeSystem/communication-not-done-reason",
    "version" : "1.0.1",
    "status" : "active",
    "name" : "CommunicationNotDoneReason",
    "title" : "CommunicationNotDoneReason",
    "description" : "Codes for the reason why a communication did not happen.",
    "oids" : ["2.16.840.1.113883.4.642.1.1077"],
    "uses" : {
    },
    "http://hl7.org/fhir/R4/valueset-communication-not-done-reason.html" : "CommunicationNotDoneReason"
  },
  {
    "url" : "http://terminology.hl7.org/CodeSystem/communication-topic",
    "version" : "1.0.1",
    "status" : "active",
    "name" : "CommunicationTopic",
    "title" : "CommunicationTopic",
    "description" : "Codes describing the purpose or content of the communication.",
    "oids" : ["2.16.840.1.113883.4.642.1.1078"],
    "uses" : {
    },
    "http://hl7.org/fhir/R4/valueset-communication-topic.html" : "CommunicationTopic"
  },
  {
    "url" : "http://terminology.hl7.org/CodeSystem/consentaction",
    "version" : "1.0.1",
    "status" : "active",
    "name" : "ConsentActionCodes",
    "title" : "Consent Action Codes",
    "description" : "This value set includes sample Consent Action codes.",
    "oids" : ["2.16.840.1.113883.4.642.1.1227"],
    "uses" : {
    },
    "http://hl7.org/fhir/R4/valueset-consent-action.html" : "Consent Action Codes"
  },
  {
    "url" : "http://terminology.hl7.org/CodeSystem/consentscope",
    "version" : "2.0.1",
    "status" : "active",
    "name" : "ConsentScopeCodes",
    "title" : "Consent Scope Codes",
    "description" : "This value set includes the four Consent scope codes.",
    "oids" : ["2.16.840.1.113883.4.642.1.1228"],
    "uses" : {
    },
    "http://hl7.org/fhir/R4/valueset-consent-scope.html" : "Consent Scope Codes"
  },
  {
    "url" : "http://terminology.hl7.org/CodeSystem/contractsignertypecodes",
    "version" : "1.0.1",
    "status" : "active",
    "name" : "ContractSignerTypeCodes",
    "title" : "Contract Signer Type Codes",
    "description" : "This value set includes sample Contract Signer Type codes.",
    "oids" : ["2.16.840.1.113883.4.642.1.1201"],
    "uses" : {
    },
    "http://hl7.org/fhir/R4/valueset-security-role-type.html" : "SecurityRoleType"
  },
  {
    "url" : "http://terminology.hl7.org/CodeSystem/extra-security-role-type",
    "version" : "1.0.1",
    "status" : "active",
    "name" : "SecurityRoleType",
    "title" : "Security Role Type",
    "description" : "This CodeSystem contains Additional FHIR-defined Security Role types not defined elsewhere",
    "uses" : {
    },
    "http://hl7.org/fhir/R4/valueset-security-role-type.html" : "SecurityRoleType"
  },
  {
    "url" : "http://terminology.hl7.org/CodeSystem/v2-0203",
    "version" : "5.0.0",
    "status" : "active",
    "name" : "IdentifierType",
    "title" : "identifierType",
    "description" : "HL7-defined code system of concepts specifying type of identifier. Used in HL7 Version 2.x messaging data types CX, PLN, PPN, XCN and XON.",
    "oids" : ["2.16.840.1.113883.18.108"],
    "uses" : {
    },
    "https://simplifier.net/resolve?scope=de.gematik.ti@1.2.0&canonical=http://fhir.de/ValueSet/identifier-type-de-basis" : "Identifier Type DeBasis ValueSet",
    "http://hl7.org/fhir/R4/valueset-identifier-type.html" : "IdentifierType"
  },
  {
    "url" : "http://terminology.hl7.org/CodeSystem/v3-ActCode",
    "version" : "9.0.0",
    "status" : "active",
    "name" : "ActCode",
    "title" : "ActCode",
    "description" : "A code specifying the particular kind of Act that the Act-instance represents within its class.\r\n\r\n*Constraints:* The kind of Act (e.g. physical examination, serum potassium, inpatient encounter, charge financial transaction, etc.) is specified with a code from one of several, typically external, coding systems. The coding system will depend on the class of Act, such as LOINC for observations, etc.\r\n\r\nConceptually, the Act.code must be a specialization of the Act.classCode. This is why the structure of ActClass domain should be reflected in the superstructure of the ActCode domain and then individual codes or externally referenced vocabularies subordinated under these domains that reflect the ActClass structure.\r\n\r\nAct.classCode and Act.code are not modifiers of each other but the Act.code concept should really imply the Act.classCode concept. For a negative example, it is not appropriate to use an Act.code \"potassium\" together with and Act.classCode for \"laboratory observation\" to somehow mean \"potassium laboratory observation\" and then use the same Act.code for \"potassium\" together with Act.classCode for \"medication\" to mean \"substitution of potassium\". This mutually modifying use of Act.code and Act.classCode is not permitted.",
    "oids" : ["2.16.840.1.113883.5.4"],
    "uses" : {
    },
    "http://terminology.hl7.org/7.0.1/ValueSet-v3-ActCode.html" : "v3 Code System ActCode"
  },
  {
    "url" : "http://terminology.hl7.org/CodeSystem/v3-ActReason",
    "version" : "3.1.0",
    "status" : "active",
    "name" : "ActReason",
    "title" : "ActReason",
    "description" : "A set of codes specifying the motivation, cause, or rationale of an Act, when such rationale is not reasonably represented as an ActRelationship of type \"has reason\" linking to another Act.\r\n\r\n*Examples:* Example reasons that might qualify for being coded in this field might be: \"routine requirement\", \"infectious disease reporting requirement\", \"on patient request\", \"required by law\".",
    "oids" : ["2.16.840.1.113883.5.8"],
    "uses" : {
    },
    "http://terminology.hl7.org/7.0.1/ValueSet-v3-PurposeOfUse.html" : "PurposeOfUse"
  },
  {
    "url" : "http://terminology.hl7.org/CodeSystem/v3-ParticipationFunction",
    "version" : "3.0.0",
    "status" : "active",
    "name" : "ParticipationFunction",
    "title" : "ParticipationFunction",
    "description" : "This code is used to specify the exact function an actor had in a service in all necessary detail. This domain may include local extensions (CWE).",
    "oids" : ["2.16.840.1.113883.5.88"],
    "uses" : {
    },
    "http://hl7.org/fhir/R4/valueset-security-role-type.html" : "SecurityRoleType"
  },
  {
    "url" : "http://terminology.hl7.org/CodeSystem/v3-ParticipationMode",
    "version" : "4.0.0",
    "status" : "active",
    "name" : "ParticipationMode",
    "title" : "ParticipationMode",
    "description" : "A set of codes specifying the modality by which the Entity playing the Role is participating in the Act.\r\n\r\n*Examples:* Physically present, over the telephone, written communication.\r\n\r\n*Rationale:* Particularly for author (originator) participants this is used to specify whether the information represented by the act was initially provided verbally, (hand-)written, or electronically.\r\n\r\n*Open Issue:* There needs to be a reexamination of the hierarchies as there seems to be some muddling between ELECTRONIC and other concepts that involve electronic communication that are in other hierarchies.",
    "oids" : ["2.16.840.1.113883.5.1064"],
    "uses" : {
    },
    "http://terminology.hl7.org/7.0.1/ValueSet-v3-ParticipationMode.html" : "ParticipationMode"
  },
  {
    "url" : "http://terminology.hl7.org/CodeSystem/v3-ParticipationType",
    "version" : "5.0.0",
    "status" : "active",
    "name" : "ParticipationType",
    "title" : "ParticipationType",
    "description" : "A code specifying the meaning and purpose of every Participation instance. Each of its values implies specific constraints on the Roles undertaking the participation.",
    "oids" : ["2.16.840.1.113883.5.90"],
    "uses" : {
    },
    "http://hl7.org/fhir/R4/valueset-security-role-type.html" : "SecurityRoleType"
  },
  {
    "url" : "http://terminology.hl7.org/CodeSystem/v3-RoleClass",
    "version" : "4.0.0",
    "status" : "active",
    "name" : "RoleClass",
    "title" : "RoleClass",
    "description" : "Codes for the Role class hierarchy. The values in this hierarchy, represent a Role which is an association or relationship between two entities - the entity that plays the role and the entity that scopes the role. Roles names are derived from the name of the playing entity in that role.\r\n\r\nThe role hierarchy stems from three core concepts, or abstract domains:\r\n\r\n *  **RoleClassOntological** is an abstract domain that collects roles in which the playing entity is defined or specified by the scoping entity.\r\n *  **RoleClassPartitive** collects roles in which the playing entity is in some sense a \"part\" of the scoping entity.\r\n *  **RoleClassAssociative** collects all of the remaining forms of association between the playing entity and the scoping entity. This set of roles is further partitioned between:\r\n    \r\n     *  **RoleClassPassive** which are roles in which the playing entity is used, known, treated, handled, built, or destroyed, etc. under the auspices of the scoping entity. The playing entity is passive in these roles in that the role exists without an agreement from the playing entity.\r\n     *  **RoleClassMutualRelationship** which are relationships based on mutual behavior of the two entities. The basis of these relationship may be formal agreements or they may be *de facto* behavior. Thus, this sub-domain is further divided into:\r\n        \r\n         *  **RoleClassRelationshipFormal** in which the relationship is formally defined, frequently by a contract or agreement.\r\n         *  **Personal relationship** which inks two people in a personal relationship.\r\n\r\nThe hierarchy discussed above is represented In the current vocabulary tables as a set of abstract domains, with the exception of the \"Personal relationship\" which is a leaf concept.\r\n\r\n*OpenIssue:* Description copied from Concept Domain of same name. Must be verified.",
    "oids" : ["2.16.840.1.113883.5.110"],
    "uses" : {
    },
    "http://hl7.org/fhir/R4/valueset-security-role-type.html" : "SecurityRoleType"
  },
  {
    "url" : "http://terminology.hl7.org/CodeSystem/v3-RoleCode",
    "version" : "3.0.0",
    "status" : "active",
    "name" : "RoleCode",
    "title" : "RoleCode",
    "description" : "A set of codes further specifying the kind of Role; specific classification codes for further qualifying RoleClass codes.",
    "oids" : ["2.16.840.1.113883.5.111"],
    "uses" : {
    },
    "http://hl7.org/fhir/R4/valueset-security-role-type.html" : "SecurityRoleType"
  },
  {
    "url" : "https://gematik.de/fhir/erpchrg/CodeSystem/GEM_ERPCHRG_CS_ConsentType",
    "version" : "1.1.0-draft",
    "status" : "draft",
    "name" : "GEM_ERPCHRG_CS_ConsentType",
    "title" : "CodeSystem of types for a consent",
    "description" : "Type of patient consent.",
    "uses" : {
    },
    "ValueSet-GEM-ERPCHRG-VS-ConsentType.html" : "ValueSet of Consent Codes"
  }]
}
