{
  "resourceType" : "Consent",
  "id" : "0dcc5d4c-bf24-4c06-b02e-be5bc24587e2",
  "meta" : {
    "profile" : ["https://gematik.de/fhir/erpchrg/StructureDefinition/GEM_ERPCHRG_PR_Consent|1.1"]
  },
  "text" : {
    "status" : "generated",
    "div" : "<div xmlns=\"http://www.w3.org/1999/xhtml\"><p class=\"res-header-id\"><b>Generated Narrative: Consent 0dcc5d4c-bf24-4c06-b02e-be5bc24587e2</b></p><a name=\"0dcc5d4c-bf24-4c06-b02e-be5bc24587e2\"> </a><a name=\"hc0dcc5d4c-bf24-4c06-b02e-be5bc24587e2\"> </a><div style=\"display: inline-block; background-color: #d9e0e7; padding: 6px; margin: 4px; border: 1px solid #8da1b4; border-radius: 5px; line-height: 60%\"><p style=\"margin-bottom: 0px\"/><p style=\"margin-bottom: 0px\">Profile: <a href=\"StructureDefinition-GEM-ERPCHRG-PR-Consent.html\">GEM_ERPCHRG_PR_Consentversion: null1.1.0-draft)</a></p></div><h2>Participants</h2><table class=\"grid\"><tr><td><b>Role</b></td><td><b>Details</b></td></tr><tr><td><title>Who the consent applies to</title>Patient</td><td>Identifier: NamingSystemKVID/P987654321</td></tr></table><p>This consent is made under the regulation <span title=\"Codes:{http://terminology.hl7.org/CodeSystem/v3-ActCode OPTIN}\">opt-in</span> .</p><p>The subject has given their consent.</p></div>"
  },
  "status" : "active",
  "scope" : {
    "coding" : [{
      "system" : "http://terminology.hl7.org/CodeSystem/consentscope",
      "code" : "patient-privacy",
      "display" : "Privacy Consent"
    }]
  },
  "category" : [{
    "coding" : [{
      "system" : "https://gematik.de/fhir/erpchrg/CodeSystem/GEM_ERPCHRG_CS_ConsentType",
      "code" : "CHARGCONS",
      "display" : "Consent for saving electronic charge item"
    }]
  }],
  "patient" : {
    "identifier" : {
      "system" : "http://fhir.de/sid/gkv/kvid-10",
      "value" : "P987654321",
      "assigner" : {
        "identifier" : {
          "system" : "http://fhir.de/sid/arge-ik/iknr",
          "value" : "168140950"
        }
      }
    }
  },
  "dateTime" : "2025-10-01T15:29:00.434+00:00",
  "policyRule" : {
    "coding" : [{
      "system" : "http://terminology.hl7.org/CodeSystem/v3-ActCode",
      "code" : "OPTIN"
    }]
  }
}