{
  "resourceType" : "Bundle",
  "id" : "a02a451a-f478-4f26-b6d4-0d01701e443f",
  "meta" : {
    "lastUpdated" : "2026-02-20T14:43:32.390+00:00"
  },
  "type" : "collection",
  "entry" : [{
    "fullUrl" : "https://gematik.de/fhir/erpchrg/ValueSet/GEM_ERPCHRG_VS_ConsentType",
    "resource" : {
      "resourceType" : "ValueSet",
      "text" : {
        "status" : "generated",
        "div" : "<div xmlns=\"http://www.w3.org/1999/xhtml\" data-fhir=\"generated\"><p class=\"res-header-id\"/><p style=\"border: black 1px dotted; background-color: #EEEEEE; padding: 8px; margin-bottom: 8px\">Expansion performed internally based on <a href=\"CodeSystem-GEM-ERPCHRG-CS-ConsentType.html\">codesystem CodeSystem of types for a consent v1.1.0-draft (CodeSystem)</a><span class=\"copy-text-inline\"><button data-clipboard-text=\"https://gematik.de/fhir/erpchrg/CodeSystem/GEM_ERPCHRG_CS_ConsentType|1.1.0-draft\" title=\"Click to Copy URL\" class=\"btn-copy\"> </button></span></p><p>This value set contains 1 concepts</p><table class=\"codes\" data-fhir=\"generated\"><tr><td><b>System</b></td><td style=\"white-space:nowrap\"><b>Code</b></td><td><b>Display (de)</b></td><td><b>JSON</b></td><td><b>XML</b></td></tr><tr><td><a name=\"x-https://gematik.de/fhir/erpchrg/CodeSystem/GEM_ERPCHRG_CS_ConsentType-CHARGCONS\"> </a><code>https://gematik.de/fhir/erpchrg/CodeSystem/GEM_ERPCHRG_CS_ConsentType</code></td><td style=\"white-space:nowrap\">\u00a0\u00a0<a href=\"CodeSystem-GEM-ERPCHRG-CS-ConsentType.html#GEM-ERPCHRG-CS-ConsentType-CHARGCONS\">CHARGCONS</a></td><td/><td><span class=\"copy-text-inline\"><button data-clipboard-text=\"{&quot;system&quot;: &quot;https://gematik.de/fhir/erpchrg/CodeSystem/GEM_ERPCHRG_CS_ConsentType&quot;, &quot;version&quot;: &quot;1.1.0-draft&quot;, &quot;code&quot;: &quot;CHARGCONS&quot;}\" title=\"Click to Copy as Coding\" class=\"btn-copy\"> </button></span></td><td><span class=\"copy-text-inline\"><button data-clipboard-text=\"&lt;coding&gt;&lt;system value=&quot;https://gematik.de/fhir/erpchrg/CodeSystem/GEM_ERPCHRG_CS_ConsentType&quot;&gt;&lt;version value=&quot;1.1.0-draft&quot;&gt;&lt;code value=&quot;CHARGCONS&quot;&gt;&lt;/coding&gt;\" title=\"Click to Copy as Coding\" class=\"btn-copy\"> </button></span></td></tr></table></div>"
      },
      "url" : "https://gematik.de/fhir/erpchrg/ValueSet/GEM_ERPCHRG_VS_ConsentType",
      "version" : "1.1.0-draft",
      "name" : "GEM_ERPCHRG_VS_ConsentType",
      "title" : "ValueSet of Consent Codes",
      "status" : "draft",
      "date" : "2025-04-10",
      "jurisdiction" : [{
        "coding" : [{
          "system" : "urn:iso:std:iso:3166",
          "code" : "DE",
          "display" : "Germany"
        }]
      }],
      "expansion" : {
        "identifier" : "urn:uuid:57a74ff0-eaa7-46db-8ef6-84e50e3424b0",
        "timestamp" : "2026-02-20T14:44:28+00:00",
        "total" : 1,
        "offset" : 0,
        "parameter" : [{
          "name" : "displayLanguage",
          "valueCode" : "de"
        },
        {
          "name" : "count",
          "valueInteger" : 1000
        },
        {
          "name" : "offset",
          "valueInteger" : 0
        },
        {
          "name" : "excludeNested",
          "valueBoolean" : false
        },
        {
          "name" : "used-codesystem",
          "valueUri" : "https://gematik.de/fhir/erpchrg/CodeSystem/GEM_ERPCHRG_CS_ConsentType|1.1.0-draft"
        }],
        "contains" : [{
          "system" : "https://gematik.de/fhir/erpchrg/CodeSystem/GEM_ERPCHRG_CS_ConsentType",
          "code" : "CHARGCONS"
        }]
      }
    }
  }]
}