{
  "resourceType" : "Parameters",
  "id" : "Example-Parameters-Patch-ChargeItem-2",
  "meta" : {
    "profile" : ["https://gematik.de/fhir/erpchrg/StructureDefinition/GEM_ERPCHRG_PR_PAR_Patch_ChargeItem_Input|1.1"]
  },
  "parameter" : [{
    "name" : "markingFlag",
    "part" : [{
      "name" : "insuranceProvider",
      "valueBoolean" : true
    },
    {
      "name" : "taxOffice",
      "valueBoolean" : true
    },
    {
      "name" : "subsidy",
      "valueBoolean" : true
    }]
  }]
}