<?xml version="1.0" encoding="UTF-8"?>

<Parameters xmlns="http://hl7.org/fhir">
  <id value="Example-Parameters-Patch-ChargeItem-1"/>
  <meta>
    <profile value="https://gematik.de/fhir/erpchrg/StructureDefinition/GEM_ERPCHRG_PR_PAR_Patch_ChargeItem_Input|1.1"/>
  </meta>
  <parameter>
    <name value="markingFlag"/>
    <part>
      <name value="insuranceProvider"/>
      <valueBoolean value="true"/>
    </part>
    <part>
      <name value="taxOffice"/>
      <valueBoolean value="true"/>
    </part>
  </parameter>
</Parameters>