{
  "resourceType" : "ValueSet",
  "id" : "GEM-ERPCHRG-VS-ConsentType",
  "text" : {
    "status" : "generated",
    "div" : "<div xmlns=\"http://www.w3.org/1999/xhtml\"><p class=\"res-header-id\"><b>Generated Narrative: ValueSet GEM-ERPCHRG-VS-ConsentType</b></p><a name=\"GEM-ERPCHRG-VS-ConsentType\"> </a><a name=\"hcGEM-ERPCHRG-VS-ConsentType\"> </a><ul><li>Include all codes defined in <a href=\"CodeSystem-GEM-ERPCHRG-CS-ConsentType.html\"><code>https://gematik.de/fhir/erpchrg/CodeSystem/GEM_ERPCHRG_CS_ConsentType</code></a><span title=\"Version is not explicitly stated, which means it is fixed to the version provided in this specification\"> version &#x1F4E6;1.1.0-draft</span></li></ul></div>"
  },
  "url" : "https://gematik.de/fhir/erpchrg/ValueSet/GEM_ERPCHRG_VS_ConsentType",
  "version" : "1.1.0-draft",
  "name" : "GEM_ERPCHRG_VS_ConsentType",
  "title" : "ValueSet of Consent Codes",
  "status" : "draft",
  "date" : "2025-04-10",
  "publisher" : "gematik GmbH",
  "contact" : [{
    "name" : "gematik GmbH",
    "telecom" : [{
      "system" : "url",
      "value" : "https://gematik.de"
    },
    {
      "system" : "email",
      "value" : "erp-umsetzung@gematik.de"
    }]
  }],
  "description" : "Type of Consents for the ePrescription.",
  "jurisdiction" : [{
    "coding" : [{
      "system" : "urn:iso:std:iso:3166",
      "code" : "DE",
      "display" : "Germany"
    }]
  }],
  "compose" : {
    "include" : [{
      "system" : "https://gematik.de/fhir/erpchrg/CodeSystem/GEM_ERPCHRG_CS_ConsentType"
    }]
  }
}