{
  "codeSystems" : [{
    "url" : "http://fhir.de/ValueSet/identifier-type-de-basis",
    "version" : "1.5.4",
    "status" : "active",
    "name" : "IdentifierTypeDeBasisVS",
    "title" : "Identifier Type DeBasis ValueSet",
    "description" : "ValueSet zur Codierung des Identifier-Typs",
    "systems" : ["http://fhir.de/CodeSystem/identifier-type-de-basis",
    "http://terminology.hl7.org/CodeSystem/v2-0203"],
    "uses" : {
    },
    "StructureDefinition-GEM-ERPCHRG-PR-Consent.html" : "GEM_ERPCHRG_PR_Consent"
  },
  {
    "url" : "http://hl7.org/fhir/ValueSet/body-site",
    "version" : "4.0.1",
    "status" : "draft",
    "name" : "SNOMEDCTBodyStructures",
    "title" : "SNOMED CT Body Structures",
    "description" : "This value set includes all codes from [SNOMED CT](http://snomed.info/sct) where concept is-a 442083009 (Anatomical or acquired body site (body structure)).",
    "systems" : ["http://snomed.info/sct"],
    "oids" : ["2.16.840.1.113883.4.642.3.141"],
    "sources" : ["2.16.840.1.113883.4.642.3.141"],
    "uses" : {
    },
    "StructureDefinition-GEM-ERPCHRG-PR-ChargeItem.html" : "GEM_ERPCHRG_PR_ChargeItem"
  },
  {
    "url" : "http://hl7.org/fhir/ValueSet/chargeitem-billingcodes",
    "version" : "4.0.1",
    "status" : "draft",
    "name" : "ChargeItemCode",
    "title" : "ChargeItemCode",
    "description" : "Example set of codes that can be used for billing purposes.",
    "systems" : ["http://terminology.hl7.org/CodeSystem/chargeitem-billingcodes"],
    "oids" : ["2.16.840.1.113883.4.642.3.848"],
    "sources" : ["2.16.840.1.113883.4.642.3.848"],
    "uses" : {
    },
    "StructureDefinition-GEM-ERPCHRG-PR-ChargeItem.html" : "GEM_ERPCHRG_PR_ChargeItem"
  },
  {
    "url" : "http://hl7.org/fhir/ValueSet/chargeitem-status",
    "version" : "4.0.1",
    "status" : "draft",
    "name" : "ChargeItemStatus",
    "title" : "ChargeItemStatus",
    "description" : "Codes identifying the lifecycle stage of a ChargeItem.",
    "systems" : ["http://hl7.org/fhir/chargeitem-status"],
    "oids" : ["2.16.840.1.113883.4.642.3.846"],
    "sources" : ["2.16.840.1.113883.4.642.3.846"],
    "uses" : {
    },
    "StructureDefinition-GEM-ERPCHRG-PR-ChargeItem.html" : "GEM_ERPCHRG_PR_ChargeItem"
  },
  {
    "url" : "http://hl7.org/fhir/ValueSet/clinical-findings",
    "version" : "4.0.1",
    "status" : "draft",
    "name" : "SNOMEDCTClinicalFindings",
    "title" : "SNOMED CT Clinical Findings",
    "description" : "This value set includes all the \"Clinical finding\" [SNOMED CT](http://snomed.info/sct) codes - concepts where concept is-a 404684003 (Clinical finding (finding)).",
    "systems" : ["http://snomed.info/sct"],
    "oids" : ["2.16.840.1.113883.4.642.3.232"],
    "sources" : ["2.16.840.1.113883.4.642.3.232"],
    "uses" : {
    },
    "StructureDefinition-GEM-ERPCHRG-PR-Communication-ChargChangeReply.html" : "Reply on change Request on ChargeItem from pharmacy to Patient",
    "StructureDefinition-GEM-ERPCHRG-PR-Communication-ChargChangeReq.html" : "Request for Modification on ChargeItem"
  },
  {
    "url" : "http://hl7.org/fhir/ValueSet/common-tags",
    "version" : "4.0.1",
    "status" : "draft",
    "name" : "CommonTags",
    "title" : "Common Tags",
    "description" : "Common Tag Codes defined by FHIR project",
    "systems" : ["http://terminology.hl7.org/CodeSystem/common-tags"],
    "oids" : ["2.16.840.1.113883.4.642.3.79"],
    "sources" : ["2.16.840.1.113883.4.642.3.79"],
    "uses" : {
    },
    "StructureDefinition-GEM-ERPCHRG-PR-ChargeItem.html" : "GEM_ERPCHRG_PR_ChargeItem",
    "StructureDefinition-GEM-ERPCHRG-PR-Consent.html" : "GEM_ERPCHRG_PR_Consent",
    "StructureDefinition-GEM-ERPCHRG-PR-PAR-Patch-ChargeItem-Input.html" : "GEM ERPCHRG PR PAR Patch ChargeItem Input Parameter",
    "StructureDefinition-GEM-ERPCHRG-PR-Communication-ChargChangeReply.html" : "Reply on change Request on ChargeItem from pharmacy to Patient",
    "StructureDefinition-GEM-ERPCHRG-PR-Communication-ChargChangeReq.html" : "Request for Modification on ChargeItem"
  },
  {
    "url" : "http://hl7.org/fhir/ValueSet/communication-category",
    "version" : "4.0.1",
    "status" : "draft",
    "name" : "CommunicationCategory",
    "title" : "CommunicationCategory",
    "description" : "Codes for general categories of communications such as alerts, instructions, etc.",
    "systems" : ["http://terminology.hl7.org/CodeSystem/communication-category"],
    "oids" : ["2.16.840.1.113883.4.642.3.172"],
    "sources" : ["2.16.840.1.113883.4.642.3.172"],
    "uses" : {
    },
    "StructureDefinition-GEM-ERPCHRG-PR-Communication-ChargChangeReply.html" : "Reply on change Request on ChargeItem from pharmacy to Patient",
    "StructureDefinition-GEM-ERPCHRG-PR-Communication-ChargChangeReq.html" : "Request for Modification on ChargeItem"
  },
  {
    "url" : "http://hl7.org/fhir/ValueSet/communication-not-done-reason",
    "version" : "4.0.1",
    "status" : "draft",
    "name" : "CommunicationNotDoneReason",
    "title" : "CommunicationNotDoneReason",
    "description" : "Codes for the reason why a communication did not happen.",
    "systems" : ["http://terminology.hl7.org/CodeSystem/communication-not-done-reason"],
    "oids" : ["2.16.840.1.113883.4.642.3.174"],
    "sources" : ["2.16.840.1.113883.4.642.3.174"],
    "uses" : {
    },
    "StructureDefinition-GEM-ERPCHRG-PR-Communication-ChargChangeReply.html" : "Reply on change Request on ChargeItem from pharmacy to Patient",
    "StructureDefinition-GEM-ERPCHRG-PR-Communication-ChargChangeReq.html" : "Request for Modification on ChargeItem"
  },
  {
    "url" : "http://hl7.org/fhir/ValueSet/communication-topic",
    "version" : "4.0.1",
    "status" : "draft",
    "name" : "CommunicationTopic",
    "title" : "CommunicationTopic",
    "description" : "Codes describing the purpose or content of the communication.",
    "systems" : ["http://terminology.hl7.org/CodeSystem/communication-topic"],
    "oids" : ["2.16.840.1.113883.4.642.3.983"],
    "sources" : ["2.16.840.1.113883.4.642.3.983"],
    "uses" : {
    },
    "StructureDefinition-GEM-ERPCHRG-PR-Communication-ChargChangeReply.html" : "Reply on change Request on ChargeItem from pharmacy to Patient",
    "StructureDefinition-GEM-ERPCHRG-PR-Communication-ChargChangeReq.html" : "Request for Modification on ChargeItem"
  },
  {
    "url" : "http://hl7.org/fhir/ValueSet/consent-action",
    "version" : "4.0.1",
    "status" : "draft",
    "name" : "ConsentActionCodes",
    "title" : "Consent Action Codes",
    "description" : "This value set includes sample Consent Action codes.",
    "systems" : ["http://terminology.hl7.org/CodeSystem/consentaction"],
    "oids" : ["2.16.840.1.113883.4.642.3.753"],
    "sources" : ["2.16.840.1.113883.4.642.3.753"],
    "uses" : {
    },
    "StructureDefinition-GEM-ERPCHRG-PR-Consent.html" : "GEM_ERPCHRG_PR_Consent"
  },
  {
    "url" : "http://hl7.org/fhir/ValueSet/consent-content-class",
    "version" : "4.0.1",
    "status" : "draft",
    "name" : "ConsentContentClass",
    "title" : "Consent Content Class",
    "description" : "This value set includes the FHIR resource types, along with some other important content class codes",
    "systems" : ["urn:ietf:rfc:3986",
    "urn:ietf:bcp:13",
    "http://hl7.org/fhir/resource-types",
    "http://ihe.net/fhir/ValueSet/IHE.FormatCode.codesystem"],
    "oids" : ["2.16.840.1.113883.4.642.3.747"],
    "sources" : ["2.16.840.1.113883.4.642.3.747"],
    "uses" : {
    },
    "StructureDefinition-GEM-ERPCHRG-PR-Consent.html" : "GEM_ERPCHRG_PR_Consent"
  },
  {
    "url" : "http://hl7.org/fhir/ValueSet/consent-content-code",
    "version" : "4.0.1",
    "status" : "draft",
    "name" : "ConsentContentCodes",
    "title" : "Consent Content Codes",
    "description" : "This example value set contains all LOINC code",
    "systems" : ["http://loinc.org"],
    "oids" : ["2.16.840.1.113883.4.642.3.748"],
    "sources" : ["2.16.840.1.113883.4.642.3.748"],
    "uses" : {
    },
    "StructureDefinition-GEM-ERPCHRG-PR-Consent.html" : "GEM_ERPCHRG_PR_Consent"
  },
  {
    "url" : "http://hl7.org/fhir/ValueSet/consent-data-meaning",
    "version" : "4.0.1",
    "status" : "draft",
    "name" : "ConsentDataMeaning",
    "title" : "ConsentDataMeaning",
    "description" : "How a resource reference is interpreted when testing consent restrictions.",
    "systems" : ["http://hl7.org/fhir/consent-data-meaning"],
    "oids" : ["2.16.840.1.113883.4.642.3.759"],
    "sources" : ["2.16.840.1.113883.4.642.3.759"],
    "uses" : {
    },
    "StructureDefinition-GEM-ERPCHRG-PR-Consent.html" : "GEM_ERPCHRG_PR_Consent"
  },
  {
    "url" : "http://hl7.org/fhir/ValueSet/consent-provision-type",
    "version" : "4.0.1",
    "status" : "draft",
    "name" : "ConsentProvisionType",
    "title" : "ConsentProvisionType",
    "description" : "How a rule statement is applied, such as adding additional consent or removing consent.",
    "systems" : ["http://hl7.org/fhir/consent-provision-type"],
    "oids" : ["2.16.840.1.113883.4.642.3.757"],
    "sources" : ["2.16.840.1.113883.4.642.3.757"],
    "uses" : {
    },
    "StructureDefinition-GEM-ERPCHRG-PR-Consent.html" : "GEM_ERPCHRG_PR_Consent"
  },
  {
    "url" : "http://hl7.org/fhir/ValueSet/consent-scope",
    "version" : "4.0.1",
    "status" : "draft",
    "name" : "ConsentScopeCodes",
    "title" : "Consent Scope Codes",
    "description" : "This value set includes the four Consent scope codes.",
    "systems" : ["http://terminology.hl7.org/CodeSystem/consentscope"],
    "oids" : ["2.16.840.1.113883.4.642.3.761"],
    "sources" : ["2.16.840.1.113883.4.642.3.761"],
    "uses" : {
    },
    "StructureDefinition-GEM-ERPCHRG-PR-Consent.html" : "GEM_ERPCHRG_PR_Consent"
  },
  {
    "url" : "http://hl7.org/fhir/ValueSet/consent-state-codes",
    "version" : "4.0.1",
    "status" : "draft",
    "name" : "ConsentState",
    "title" : "ConsentState",
    "description" : "Indicates the state of the consent.",
    "systems" : ["http://hl7.org/fhir/consent-state-codes"],
    "oids" : ["2.16.840.1.113883.4.642.3.755"],
    "sources" : ["2.16.840.1.113883.4.642.3.755"],
    "uses" : {
    },
    "StructureDefinition-GEM-ERPCHRG-PR-Consent.html" : "GEM_ERPCHRG_PR_Consent"
  },
  {
    "url" : "http://hl7.org/fhir/ValueSet/device-kind",
    "version" : "4.0.1",
    "status" : "draft",
    "name" : "FHIRDeviceTypes",
    "title" : "FHIR Device Types",
    "description" : "Codes used to identify medical devices. Includes concepts from SNOMED CT (http://www.snomed.org/) where concept is-a 49062001 (Device)  and is provided as a suggestive example.",
    "systems" : ["http://snomed.info/sct"],
    "oids" : ["2.16.840.1.113883.4.642.3.208"],
    "sources" : ["2.16.840.1.113883.4.642.3.208"],
    "uses" : {
    },
    "StructureDefinition-GEM-ERPCHRG-PR-ChargeItem.html" : "GEM_ERPCHRG_PR_ChargeItem"
  },
  {
    "url" : "http://hl7.org/fhir/ValueSet/event-status",
    "version" : "4.0.1",
    "status" : "draft",
    "name" : "EventStatus",
    "title" : "EventStatus",
    "description" : "Codes identifying the lifecycle stage of an event.",
    "systems" : ["http://hl7.org/fhir/event-status"],
    "oids" : ["2.16.840.1.113883.4.642.3.109"],
    "sources" : ["2.16.840.1.113883.4.642.3.109"],
    "uses" : {
    },
    "StructureDefinition-GEM-ERPCHRG-PR-Communication-ChargChangeReply.html" : "Reply on change Request on ChargeItem from pharmacy to Patient",
    "StructureDefinition-GEM-ERPCHRG-PR-Communication-ChargChangeReq.html" : "Request for Modification on ChargeItem"
  },
  {
    "url" : "http://hl7.org/fhir/ValueSet/icd-10",
    "version" : "4.0.1",
    "status" : "draft",
    "name" : "ICD-10Codes",
    "title" : "ICD-10 Codes",
    "description" : "This value set includes sample ICD-10 codes.",
    "systems" : ["http://hl7.org/fhir/sid/icd-10"],
    "oids" : ["2.16.840.1.113883.4.642.3.531"],
    "sources" : ["2.16.840.1.113883.4.642.3.531"],
    "uses" : {
    },
    "StructureDefinition-GEM-ERPCHRG-PR-ChargeItem.html" : "GEM_ERPCHRG_PR_ChargeItem"
  },
  {
    "url" : "http://hl7.org/fhir/ValueSet/identifier-type",
    "version" : "4.0.1",
    "status" : "active",
    "name" : "Identifier Type Codes",
    "title" : "IdentifierType",
    "description" : "A coded type for an identifier that can be used to determine which identifier to use for a specific purpose.",
    "systems" : ["http://terminology.hl7.org/CodeSystem/v2-0203"],
    "oids" : ["2.16.840.1.113883.4.642.3.45"],
    "sources" : ["2.16.840.1.113883.4.642.3.45"],
    "uses" : {
    },
    "StructureDefinition-GEM-ERPCHRG-PR-ChargeItem.html" : "GEM_ERPCHRG_PR_ChargeItem"
  },
  {
    "url" : "http://hl7.org/fhir/ValueSet/identifier-use",
    "version" : "4.0.1",
    "status" : "active",
    "name" : "IdentifierUse",
    "title" : "IdentifierUse",
    "description" : "Identifies the purpose for this identifier, if known .",
    "systems" : ["http://hl7.org/fhir/identifier-use"],
    "oids" : ["2.16.840.1.113883.4.642.3.57"],
    "sources" : ["2.16.840.1.113883.4.642.3.57"],
    "uses" : {
    },
    "StructureDefinition-GEM-ERPCHRG-PR-ChargeItem.html" : "GEM_ERPCHRG_PR_ChargeItem",
    "StructureDefinition-GEM-ERPCHRG-PR-Consent.html" : "GEM_ERPCHRG_PR_Consent"
  },
  {
    "url" : "http://hl7.org/fhir/ValueSet/languages",
    "version" : "4.0.1",
    "status" : "draft",
    "name" : "CommonLanguages",
    "title" : "Common Languages",
    "description" : "This value set includes common codes from BCP-47 (http://tools.ietf.org/html/bcp47)",
    "systems" : ["urn:ietf:bcp:47"],
    "oids" : ["2.16.840.1.113883.4.642.3.20"],
    "sources" : ["2.16.840.1.113883.4.642.3.20"],
    "uses" : {
    },
    "StructureDefinition-GEM-ERPCHRG-PR-ChargeItem.html" : "GEM_ERPCHRG_PR_ChargeItem",
    "StructureDefinition-GEM-ERPCHRG-PR-Consent.html" : "GEM_ERPCHRG_PR_Consent",
    "StructureDefinition-GEM-ERPCHRG-PR-PAR-Patch-ChargeItem-Input.html" : "GEM ERPCHRG PR PAR Patch ChargeItem Input Parameter",
    "StructureDefinition-GEM-ERPCHRG-PR-Communication-ChargChangeReply.html" : "Reply on change Request on ChargeItem from pharmacy to Patient",
    "StructureDefinition-GEM-ERPCHRG-PR-Communication-ChargChangeReq.html" : "Request for Modification on ChargeItem"
  },
  {
    "url" : "http://hl7.org/fhir/ValueSet/performer-role",
    "version" : "4.0.1",
    "status" : "draft",
    "name" : "ProcedurePerformerRoleCodes",
    "title" : "Procedure Performer Role Codes",
    "description" : "This example value set defines the set of codes that can be used to indicate a role of a procedure performer.",
    "systems" : ["http://snomed.info/sct"],
    "oids" : ["2.16.840.1.113883.4.642.3.433"],
    "sources" : ["2.16.840.1.113883.4.642.3.433"],
    "uses" : {
    },
    "StructureDefinition-GEM-ERPCHRG-PR-ChargeItem.html" : "GEM_ERPCHRG_PR_ChargeItem"
  },
  {
    "url" : "http://hl7.org/fhir/ValueSet/request-priority",
    "version" : "4.0.1",
    "status" : "draft",
    "name" : "RequestPriority",
    "title" : "Request priority",
    "description" : "The clinical priority of a diagnostic order.",
    "systems" : ["http://hl7.org/fhir/request-priority"],
    "oids" : ["2.16.840.1.113883.4.642.3.115"],
    "sources" : ["2.16.840.1.113883.4.642.3.115"],
    "uses" : {
    },
    "StructureDefinition-GEM-ERPCHRG-PR-Communication-ChargChangeReply.html" : "Reply on change Request on ChargeItem from pharmacy to Patient",
    "StructureDefinition-GEM-ERPCHRG-PR-Communication-ChargChangeReq.html" : "Request for Modification on ChargeItem"
  },
  {
    "url" : "http://hl7.org/fhir/ValueSet/resource-types",
    "version" : "4.0.1",
    "status" : "active",
    "name" : "ResourceType",
    "title" : "ResourceType",
    "description" : "One of the resource types defined as part of this version of FHIR.",
    "systems" : ["http://hl7.org/fhir/resource-types"],
    "oids" : ["2.16.840.1.113883.4.642.3.27"],
    "sources" : ["2.16.840.1.113883.4.642.3.27"],
    "uses" : {
    },
    "StructureDefinition-GEM-ERPCHRG-PR-ChargeItem.html" : "GEM_ERPCHRG_PR_ChargeItem",
    "StructureDefinition-GEM-ERPCHRG-PR-Consent.html" : "GEM_ERPCHRG_PR_Consent",
    "StructureDefinition-GEM-ERPCHRG-PR-Communication-ChargChangeReply.html" : "Reply on change Request on ChargeItem from pharmacy to Patient",
    "StructureDefinition-GEM-ERPCHRG-PR-Communication-ChargChangeReq.html" : "Request for Modification on ChargeItem"
  },
  {
    "url" : "http://hl7.org/fhir/ValueSet/security-labels",
    "version" : "4.0.1",
    "status" : "active",
    "name" : "All Security Labels",
    "title" : "SecurityLabels",
    "description" : "A single value set for all security labels defined by FHIR.",
    "systems" : ["http://terminology.hl7.org/CodeSystem/v3-ActReason",
    "http://terminology.hl7.org/CodeSystem/v3-ActUSPrivacyLaw",
    "http://terminology.hl7.org/CodeSystem/v3-ObservationValue",
    "http://terminology.hl7.org/CodeSystem/v3-ActCode",
    "http://terminology.hl7.org/CodeSystem/v3-Confidentiality"],
    "oids" : ["2.16.840.1.113883.4.642.3.47"],
    "sources" : ["2.16.840.1.113883.4.642.3.47"],
    "uses" : {
    },
    "StructureDefinition-GEM-ERPCHRG-PR-ChargeItem.html" : "GEM_ERPCHRG_PR_ChargeItem",
    "StructureDefinition-GEM-ERPCHRG-PR-Consent.html" : "GEM_ERPCHRG_PR_Consent",
    "StructureDefinition-GEM-ERPCHRG-PR-PAR-Patch-ChargeItem-Input.html" : "GEM ERPCHRG PR PAR Patch ChargeItem Input Parameter",
    "StructureDefinition-GEM-ERPCHRG-PR-Communication-ChargChangeReply.html" : "Reply on change Request on ChargeItem from pharmacy to Patient",
    "StructureDefinition-GEM-ERPCHRG-PR-Communication-ChargChangeReq.html" : "Request for Modification on ChargeItem"
  },
  {
    "url" : "http://hl7.org/fhir/ValueSet/security-role-type",
    "version" : "4.0.1",
    "status" : "draft",
    "name" : "SecurityRoleType",
    "title" : "SecurityRoleType",
    "description" : "This example FHIR value set is comprised of example Actor Type codes, which can be used to value FHIR agents, actors, and other role         elements such as those specified in financial transactions. The FHIR Actor value set is based on    DICOM Audit Message, C402;   ASTM Standard, E1762-95 [2013]; selected codes and          derived actor roles from HL7 RoleClass OID 2.16.840.1.113883.5.110;    HL7 Role Code 2.16.840.1.113883.5.111, including AgentRoleType;          HL7 ParticipationType OID: 2.16.840.1.113883.5.90; and    HL7 ParticipationFunction codes OID: 2.16.840.1.113883.5.88.           This value set includes, by reference, role codes from external code systems: NUCC Health Care Provider Taxonomy OID: 2.16.840.1.113883.6.101;          North American Industry Classification System [NAICS]OID: 2.16.840.1.113883.6.85; IndustryClassificationSystem 2.16.840.1.113883.1.11.16039;          and US Census Occupation Code OID: 2.16.840.1.113883.6.243 for relevant recipient or custodian codes not included in this value set.            If no source is indicated in the definition comments, then these are example FHIR codes.          It can be extended with appropriate roles described by SNOMED as well as those described in the HL7 Role Based Access Control Catalog and the          HL7 Healthcare (Security and Privacy) Access Control Catalog.            In Role-Based Access Control (RBAC), permissions are operations on an object that a user wishes to access. Permissions are grouped into roles.          A role characterizes the functions a user is allowed to perform. Roles are assigned to users. If the user's role has the appropriate permissions          to access an object, then that user is granted access to the object. FHIR readily enables RBAC, as FHIR Resources are object types and the CRUDE          events (the FHIR equivalent to permissions in the RBAC scheme) are operations on those objects.          In Attribute-Based Access Control (ABAC), a user requests to perform operations on objects. That user's access request is granted or denied          based on a set of access control policies that are specified in terms of attributes and conditions. FHIR readily enables ABAC, as instances of          a Resource in FHIR (again, Resources are object types) can have attributes associated with them. These attributes include security tags,          environment conditions, and a host of user and object characteristics, which are the same attributes as those used in ABAC. Attributes help          define the access control policies that determine the operations a user may perform on a Resource (in FHIR) or object (in ABAC). For example,          a tag (or attribute) may specify that the identified Resource (object) is not to be further disclosed without explicit consent from the patient.",
    "systems" : ["http://terminology.hl7.org/CodeSystem/extra-security-role-type",
    "http://terminology.hl7.org/CodeSystem/v3-RoleCode",
    "http://terminology.hl7.org/CodeSystem/v3-RoleClass",
    "http://terminology.hl7.org/CodeSystem/v3-ParticipationFunction",
    "http://terminology.hl7.org/CodeSystem/contractsignertypecodes",
    "http://terminology.hl7.org/CodeSystem/v3-ParticipationType",
    "http://dicom.nema.org/resources/ontology/DCM"],
    "oids" : ["2.16.840.1.113883.4.642.3.978"],
    "sources" : ["2.16.840.1.113883.4.642.3.978"],
    "uses" : {
    },
    "StructureDefinition-GEM-ERPCHRG-PR-Consent.html" : "GEM_ERPCHRG_PR_Consent"
  },
  {
    "url" : "http://terminology.hl7.org/ValueSet/v3-ActCode",
    "version" : "3.0.0",
    "status" : "active",
    "name" : "ActCode",
    "title" : "v3 Code System ActCode",
    "description" : "A code specifying the particular kind of Act that the Act-instance represents within its class.  Constraints:\r\nThe kind of Act (e.g. physical examination, serum potassium, inpatient encounter, charge financial transaction, etc.) is specified with a code from one of several, typically external, coding systems.  The coding system will depend on the class of Act, such as LOINC for observations, etc. Conceptually, the Act.code must be a specialization of the Act.classCode. This is why the structure of ActClass domain should be reflected in the superstructure of the ActCode domain and then individual codes or externally referenced vocabularies subordinated under these domains that reflect the ActClass structure. Act.classCode and Act.code are not modifiers of each other but the Act.code concept should really imply the Act.classCode concept. For a negative example, it is not appropriate to use an Act.code \"potassium\" together with and Act.classCode for \"laboratory observation\" to somehow mean \"potassium laboratory observation\" and then use the same Act.code for \"potassium\" together with Act.classCode for \"medication\" to mean \"substitution of potassium\". This mutually modifying use of Act.code and Act.classCode is not permitted.",
    "systems" : ["http://terminology.hl7.org/CodeSystem/v3-ActCode"],
    "uses" : {
    },
    "StructureDefinition-GEM-ERPCHRG-PR-Consent.html" : "GEM_ERPCHRG_PR_Consent"
  },
  {
    "url" : "http://terminology.hl7.org/ValueSet/v3-ParticipationMode",
    "version" : "3.0.0",
    "status" : "active",
    "name" : "ParticipationMode",
    "title" : "ParticipationMode",
    "description" : "Identifies the primary means by which an Entity participates in an Act.",
    "systems" : ["http://terminology.hl7.org/CodeSystem/v3-ParticipationMode"],
    "oids" : ["2.16.840.1.113883.1.11.16543"],
    "sources" : ["2.16.840.1.113883.1.11.16543"],
    "uses" : {
    },
    "StructureDefinition-GEM-ERPCHRG-PR-Communication-ChargChangeReply.html" : "Reply on change Request on ChargeItem from pharmacy to Patient",
    "StructureDefinition-GEM-ERPCHRG-PR-Communication-ChargChangeReq.html" : "Request for Modification on ChargeItem"
  },
  {
    "url" : "http://terminology.hl7.org/ValueSet/v3-PurposeOfUse",
    "version" : "3.1.0",
    "status" : "active",
    "name" : "PurposeOfUse",
    "title" : "PurposeOfUse",
    "description" : "Supports communication of purpose of use at a general level.",
    "systems" : ["http://terminology.hl7.org/CodeSystem/v3-ActReason"],
    "oids" : ["2.16.840.1.113883.1.11.20448"],
    "sources" : ["2.16.840.1.113883.1.11.20448"],
    "uses" : {
    },
    "StructureDefinition-GEM-ERPCHRG-PR-Consent.html" : "GEM_ERPCHRG_PR_Consent"
  },
  {
    "url" : "https://gematik.de/fhir/erpchrg/ValueSet/GEM_ERPCHRG_VS_ConsentType",
    "version" : "1.1.0-draft",
    "status" : "draft",
    "name" : "GEM_ERPCHRG_VS_ConsentType",
    "title" : "ValueSet of Consent Codes",
    "description" : "Type of Consents for the ePrescription.",
    "systems" : ["https://gematik.de/fhir/erpchrg/CodeSystem/GEM_ERPCHRG_CS_ConsentType"],
    "uses" : {
    },
    "StructureDefinition-GEM-ERPCHRG-PR-Consent.html" : "GEM_ERPCHRG_PR_Consent"
  }]
}
