[{
  "id" : "de.gematik.eflow-diga",
  "type" : "ImplementationGuide",
  "url" : "https://gematik.de/fhir/erp-diga/ImplementationGuide/de.gematik.eflow-diga",
  "version" : "2.0.0-draft",
  "name" : "ERezeptDiGA"
},
{
  "id" : "GEM-ERP-LOG-MedicationDispense-DiGA",
  "type" : "StructureDefinition",
  "url" : "https://gematik.de/fhir/erp-diga/StructureDefinition/GEM-ERP-LOG-MedicationDispense-DiGA",
  "version" : "2.0.0-draft",
  "name" : "GEM_ERP_LOG_MedicationDispense_DiGA"
},
{
  "id" : "GEM-ERP-PR-Communication-DiGA",
  "type" : "StructureDefinition",
  "url" : "https://gematik.de/fhir/erp-diga/StructureDefinition/GEM-ERP-PR-Communication-DiGA",
  "version" : "2.0.0-draft",
  "name" : "GEM_ERP_PR_Communication_DiGA"
},
{
  "id" : "GEM-ERP-PR-MedicationDispense-DiGA",
  "type" : "StructureDefinition",
  "url" : "https://gematik.de/fhir/erp-diga/StructureDefinition/GEM-ERP-PR-MedicationDispense-DiGA",
  "version" : "2.0.0-draft",
  "name" : "GEM_ERP_PR_MedicationDispense_DiGA"
},
{
  "id" : "GEM-ERP-PR-PAR-CloseOperation-Input",
  "type" : "StructureDefinition",
  "url" : "https://gematik.de/fhir/erp-diga/StructureDefinition/GEM-ERP-PR-PAR-CloseOperation-Input",
  "version" : "2.0.0-draft",
  "name" : "GEM_ERP_PR_PAR_CloseOperation_Input"
},
{
  "id" : "GEM-ERP-EX-DeepLink",
  "type" : "StructureDefinition",
  "url" : "https://gematik.de/fhir/erp-diga/StructureDefinition/GEM_ERP_EX_DeepLink",
  "version" : "2.0.0-draft",
  "name" : "GEM_ERP_EX_DeepLink"
},
{
  "id" : "GEM-ERP-EX-RedeemCode",
  "type" : "StructureDefinition",
  "url" : "https://gematik.de/fhir/erp-diga/StructureDefinition/GEM_ERP_EX_RedeemCode",
  "version" : "2.0.0-draft",
  "name" : "GEM_ERP_EX_RedeemCode"
}]
