<?xml version="1.0" encoding="UTF-8"?>

<Parameters xmlns="http://hl7.org/fhir">
  <id value="ExampleCloseInputParametersDiGA"/>
  <meta>
    <profile value="https://gematik.de/fhir/erp-diga/StructureDefinition/GEM-ERP-PR-PAR-CloseOperation-Input"/>
  </meta>
  <parameter>
    <name value="rxDispensation"/>
    <part>
      <name value="medicationDispense"/>
      <resource>
        <MedicationDispense>
          <id value="Example-MedicationDispense-DiGA-Name-And-PZN"/>
          <meta>
            <profile value="https://gematik.de/fhir/erp-diga/StructureDefinition/GEM-ERP-PR-MedicationDispense-DiGA"/>
          </meta>
          <extension url="https://gematik.de/fhir/erp-diga/StructureDefinition/GEM_ERP_EX_RedeemCode">
            <valueString value="DE12345678901234"/>
          </extension>
          <identifier>
            <system value="https://gematik.de/fhir/erp/NamingSystem/GEM_ERP_NS_PrescriptionId"/>
            <value value="162.000.033.491.280.78"/>
          </identifier>
          <status value="completed"/>
          <medicationReference>
            <identifier>
              <system value="http://fhir.de/CodeSystem/ifa/pzn"/>
              <value value="12345678"/>
            </identifier>
            <display value="Gematico Diabetestherapie"/>
          </medicationReference>
          <subject>
            <identifier>
              <system value="http://fhir.de/sid/gkv/kvid-10"/>
              <value value="X123456789"/>
            </identifier>
          </subject>
          <performer>
            <actor>
              <identifier>
                <system value="https://gematik.de/fhir/sid/telematik-id"/>
                <value value="8-SMC-B-Testkarte-883110000095957"/>
              </identifier>
            </actor>
          </performer>
          <whenHandedOver value="2026-02-06"/>
        </MedicationDispense>
      </resource>
    </part>
  </parameter>
</Parameters>