{
  "resourceType" : "Parameters",
  "id" : "ExampleCloseInputParametersDiGA",
  "meta" : {
    "profile" : ["https://gematik.de/fhir/erp-diga/StructureDefinition/GEM_ERP_PR_PAR_CloseOperation_Input|2.0"]
  },
  "parameter" : [{
    "name" : "rxDispensation",
    "part" : [{
      "name" : "medicationDispense",
      "resource" : {
        "resourceType" : "MedicationDispense",
        "id" : "Example-MedicationDispense-DiGA-Name-And-PZN",
        "meta" : {
          "profile" : ["https://gematik.de/fhir/erp-diga/StructureDefinition/GEM_ERP_PR_MedicationDispense_DiGA|2.0"]
        },
        "extension" : [{
          "url" : "https://gematik.de/fhir/erp-diga/StructureDefinition/GEM_ERP_EX_RedeemCode",
          "valueString" : "DE12345678901234"
        }],
        "identifier" : [{
          "system" : "https://gematik.de/fhir/erp/NamingSystem/GEM_ERP_NS_PrescriptionId",
          "value" : "162.000.033.491.280.78"
        }],
        "status" : "completed",
        "medicationReference" : {
          "identifier" : {
            "system" : "http://fhir.de/CodeSystem/ifa/pzn",
            "value" : "12345678"
          },
          "display" : "Gematico Diabetestherapie"
        },
        "subject" : {
          "identifier" : {
            "system" : "http://fhir.de/sid/gkv/kvid-10",
            "value" : "X123456789"
          }
        },
        "performer" : [{
          "actor" : {
            "identifier" : {
              "system" : "https://gematik.de/fhir/sid/telematik-id",
              "value" : "8-SMC-B-Testkarte-883110000095957"
            }
          }
        }],
        "whenHandedOver" : "2026-02-06"
      }
    }]
  }]
}