{
  "codeSystems" : [
    {
      "url" : "http://hl7.org/fhir/ValueSet/clinical-findings",
      "version" : "4.0.1",
      "status" : "draft",
      "name" : "SNOMEDCTClinicalFindings",
      "title" : "SNOMED CT Clinical Findings",
      "description" : "This value set includes all the \"Clinical finding\" [SNOMED CT](http://snomed.info/sct) codes - concepts where concept is-a 404684003 (Clinical finding (finding)).",
      "systems" : ["http://snomed.info/sct"],
      "oids" : ["2.16.840.1.113883.4.642.3.232"],
      "sources" : ["2.16.840.1.113883.4.642.3.232"],
      "uses" : {
      },
      "StructureDefinition-GEM-ERP-PR-Communication-DiGA.html" : "GEM ERP PR Communication DiGA"
    },
    {
      "url" : "http://hl7.org/fhir/ValueSet/common-tags",
      "version" : "4.0.1",
      "status" : "draft",
      "name" : "CommonTags",
      "title" : "Common Tags",
      "description" : "Common Tag Codes defined by FHIR project",
      "systems" : ["http://terminology.hl7.org/CodeSystem/common-tags"],
      "oids" : ["2.16.840.1.113883.4.642.3.79"],
      "sources" : ["2.16.840.1.113883.4.642.3.79"],
      "uses" : {
      },
      "StructureDefinition-GEM-ERP-PR-PAR-Close-Operation-Input.html" : "GEM ERP PR CloseOperation Input",
      "StructureDefinition-GEM-ERP-PR-MedicationDispense-DiGA.html" : "GEM ERP PR MedicationDispense DiGA",
      "StructureDefinition-GEM-ERP-PR-Communication-DiGA.html" : "GEM ERP PR Communication DiGA"
    },
    {
      "url" : "http://hl7.org/fhir/ValueSet/communication-category",
      "version" : "4.0.1",
      "status" : "draft",
      "name" : "CommunicationCategory",
      "title" : "CommunicationCategory",
      "description" : "Codes for general categories of communications such as alerts, instructions, etc.",
      "systems" : [
        "http://terminology.hl7.org/CodeSystem/communication-category"
      ],
      "oids" : ["2.16.840.1.113883.4.642.3.172"],
      "sources" : ["2.16.840.1.113883.4.642.3.172"],
      "uses" : {
      },
      "StructureDefinition-GEM-ERP-PR-Communication-DiGA.html" : "GEM ERP PR Communication DiGA"
    },
    {
      "url" : "http://hl7.org/fhir/ValueSet/communication-not-done-reason",
      "version" : "4.0.1",
      "status" : "draft",
      "name" : "CommunicationNotDoneReason",
      "title" : "CommunicationNotDoneReason",
      "description" : "Codes for the reason why a communication did not happen.",
      "systems" : [
        "http://terminology.hl7.org/CodeSystem/communication-not-done-reason"
      ],
      "oids" : ["2.16.840.1.113883.4.642.3.174"],
      "sources" : ["2.16.840.1.113883.4.642.3.174"],
      "uses" : {
      },
      "StructureDefinition-GEM-ERP-PR-Communication-DiGA.html" : "GEM ERP PR Communication DiGA"
    },
    {
      "url" : "http://hl7.org/fhir/ValueSet/communication-topic",
      "version" : "4.0.1",
      "status" : "draft",
      "name" : "CommunicationTopic",
      "title" : "CommunicationTopic",
      "description" : "Codes describing the purpose or content of the communication.",
      "systems" : ["http://terminology.hl7.org/CodeSystem/communication-topic"],
      "oids" : ["2.16.840.1.113883.4.642.3.983"],
      "sources" : ["2.16.840.1.113883.4.642.3.983"],
      "uses" : {
      },
      "StructureDefinition-GEM-ERP-PR-Communication-DiGA.html" : "GEM ERP PR Communication DiGA"
    },
    {
      "url" : "http://hl7.org/fhir/ValueSet/data-absent-reason",
      "version" : "4.0.1",
      "status" : "active",
      "name" : "DataAbsentReason",
      "title" : "DataAbsentReason",
      "description" : "Used to specify why the normally expected content of the data element is missing.",
      "systems" : ["http://terminology.hl7.org/CodeSystem/data-absent-reason"],
      "oids" : ["2.16.840.1.113883.4.642.3.5"],
      "sources" : ["2.16.840.1.113883.4.642.3.5"],
      "uses" : {
      },
      "StructureDefinition-GEM-ERP-PR-MedicationDispense-DiGA.html" : "GEM ERP PR MedicationDispense DiGA"
    },
    {
      "url" : "http://hl7.org/fhir/ValueSet/event-status",
      "version" : "4.0.1",
      "status" : "draft",
      "name" : "EventStatus",
      "title" : "EventStatus",
      "description" : "Codes identifying the lifecycle stage of an event.",
      "systems" : ["http://hl7.org/fhir/event-status"],
      "oids" : ["2.16.840.1.113883.4.642.3.109"],
      "sources" : ["2.16.840.1.113883.4.642.3.109"],
      "uses" : {
      },
      "StructureDefinition-GEM-ERP-PR-Communication-DiGA.html" : "GEM ERP PR Communication DiGA"
    },
    {
      "url" : "http://hl7.org/fhir/ValueSet/identifier-type",
      "version" : "4.0.1",
      "status" : "active",
      "name" : "Identifier Type Codes",
      "title" : "IdentifierType",
      "description" : "A coded type for an identifier that can be used to determine which identifier to use for a specific purpose.",
      "systems" : ["http://terminology.hl7.org/CodeSystem/v2-0203"],
      "oids" : ["2.16.840.1.113883.4.642.3.45"],
      "sources" : ["2.16.840.1.113883.4.642.3.45"],
      "uses" : {
      },
      "StructureDefinition-GEM-ERP-PR-MedicationDispense-DiGA.html" : "GEM ERP PR MedicationDispense DiGA"
    },
    {
      "url" : "http://hl7.org/fhir/ValueSet/identifier-use",
      "version" : "4.0.1",
      "status" : "active",
      "name" : "IdentifierUse",
      "title" : "IdentifierUse",
      "description" : "Identifies the purpose for this identifier, if known .",
      "systems" : ["http://hl7.org/fhir/identifier-use"],
      "oids" : ["2.16.840.1.113883.4.642.3.57"],
      "sources" : ["2.16.840.1.113883.4.642.3.57"],
      "uses" : {
      },
      "StructureDefinition-GEM-ERP-PR-MedicationDispense-DiGA.html" : "GEM ERP PR MedicationDispense DiGA"
    },
    {
      "url" : "http://hl7.org/fhir/ValueSet/languages",
      "version" : "4.0.1",
      "status" : "draft",
      "name" : "CommonLanguages",
      "title" : "Common Languages",
      "description" : "This value set includes common codes from BCP-47 (http://tools.ietf.org/html/bcp47)",
      "systems" : ["urn:ietf:bcp:47"],
      "oids" : ["2.16.840.1.113883.4.642.3.20"],
      "sources" : ["2.16.840.1.113883.4.642.3.20"],
      "uses" : {
      },
      "StructureDefinition-GEM-ERP-PR-PAR-Close-Operation-Input.html" : "GEM ERP PR CloseOperation Input",
      "StructureDefinition-GEM-ERP-PR-MedicationDispense-DiGA.html" : "GEM ERP PR MedicationDispense DiGA",
      "StructureDefinition-GEM-ERP-PR-Communication-DiGA.html" : "GEM ERP PR Communication DiGA"
    },
    {
      "url" : "http://hl7.org/fhir/ValueSet/medicationdispense-performer-function",
      "version" : "4.0.1",
      "status" : "draft",
      "name" : "MedicationDispense Performer Function Codes",
      "title" : "Medication dispense  performer  function  codes",
      "description" : "MedicationDispense Performer Function Codes",
      "systems" : [
        "http://terminology.hl7.org/CodeSystem/medicationdispense-performer-function"
      ],
      "oids" : ["2.16.840.1.113883.4.642.3.1318"],
      "sources" : ["2.16.840.1.113883.4.642.3.1318"],
      "uses" : {
      },
      "StructureDefinition-GEM-ERP-PR-MedicationDispense-DiGA.html" : "GEM ERP PR MedicationDispense DiGA"
    },
    {
      "url" : "http://hl7.org/fhir/ValueSet/medicationdispense-status-reason",
      "version" : "4.0.1",
      "status" : "draft",
      "name" : "MedicationDispense Status Reason Codes",
      "title" : "Medication dispense  status  reason  codes",
      "description" : "MedicationDispense Status Codes",
      "systems" : [
        "http://terminology.hl7.org/fhir/CodeSystem/medicationdispense-status-reason"
      ],
      "oids" : ["2.16.840.1.113883.4.642.3.1316"],
      "sources" : ["2.16.840.1.113883.4.642.3.1316"],
      "uses" : {
      },
      "StructureDefinition-GEM-ERP-PR-MedicationDispense-DiGA.html" : "GEM ERP PR MedicationDispense DiGA"
    },
    {
      "url" : "http://hl7.org/fhir/ValueSet/request-priority",
      "version" : "4.0.1",
      "status" : "draft",
      "name" : "RequestPriority",
      "title" : "Request priority",
      "description" : "The clinical priority of a diagnostic order.",
      "systems" : ["http://hl7.org/fhir/request-priority"],
      "oids" : ["2.16.840.1.113883.4.642.3.115"],
      "sources" : ["2.16.840.1.113883.4.642.3.115"],
      "uses" : {
      },
      "StructureDefinition-GEM-ERP-PR-Communication-DiGA.html" : "GEM ERP PR Communication DiGA"
    },
    {
      "url" : "http://hl7.org/fhir/ValueSet/resource-types",
      "version" : "4.0.1",
      "status" : "active",
      "name" : "ResourceType",
      "title" : "ResourceType",
      "description" : "One of the resource types defined as part of this version of FHIR.",
      "systems" : ["http://hl7.org/fhir/resource-types"],
      "oids" : ["2.16.840.1.113883.4.642.3.27"],
      "sources" : ["2.16.840.1.113883.4.642.3.27"],
      "uses" : {
      },
      "StructureDefinition-GEM-ERP-PR-MedicationDispense-DiGA.html" : "GEM ERP PR MedicationDispense DiGA",
      "StructureDefinition-GEM-ERP-PR-Communication-DiGA.html" : "GEM ERP PR Communication DiGA"
    },
    {
      "url" : "http://hl7.org/fhir/ValueSet/security-labels",
      "version" : "4.0.1",
      "status" : "active",
      "name" : "All Security Labels",
      "title" : "SecurityLabels",
      "description" : "A single value set for all security labels defined by FHIR.",
      "systems" : [
        "http://terminology.hl7.org/CodeSystem/v3-ActReason",
        "http://terminology.hl7.org/CodeSystem/v3-ActUSPrivacyLaw",
        "http://terminology.hl7.org/CodeSystem/v3-ObservationValue",
        "http://terminology.hl7.org/CodeSystem/v3-ActCode",
        "http://terminology.hl7.org/CodeSystem/v3-Confidentiality"
      ],
      "oids" : ["2.16.840.1.113883.4.642.3.47"],
      "sources" : ["2.16.840.1.113883.4.642.3.47"],
      "uses" : {
      },
      "StructureDefinition-GEM-ERP-PR-PAR-Close-Operation-Input.html" : "GEM ERP PR CloseOperation Input",
      "StructureDefinition-GEM-ERP-PR-MedicationDispense-DiGA.html" : "GEM ERP PR MedicationDispense DiGA",
      "StructureDefinition-GEM-ERP-PR-Communication-DiGA.html" : "GEM ERP PR Communication DiGA"
    },
    {
      "url" : "http://terminology.hl7.org/ValueSet/v3-ActPharmacySupplyType",
      "version" : "3.0.0",
      "status" : "active",
      "name" : "ActPharmacySupplyType",
      "title" : "ActPharmacySupplyType",
      "description" : "Identifies types of dispensing events",
      "systems" : ["http://terminology.hl7.org/CodeSystem/v3-ActCode"],
      "oids" : ["2.16.840.1.113883.1.11.16208"],
      "sources" : ["2.16.840.1.113883.1.11.16208"],
      "uses" : {
      },
      "StructureDefinition-GEM-ERP-PR-MedicationDispense-DiGA.html" : "GEM ERP PR MedicationDispense DiGA"
    },
    {
      "url" : "http://terminology.hl7.org/ValueSet/v3-ActSubstanceAdminSubstitutionCode",
      "version" : "3.0.0",
      "status" : "active",
      "name" : "ActSubstanceAdminSubstitutionCode",
      "title" : "ActSubstanceAdminSubstitutionCode",
      "description" : "***No description***",
      "systems" : [
        "http://terminology.hl7.org/CodeSystem/v3-substanceAdminSubstitution"
      ],
      "oids" : ["2.16.840.1.113883.1.11.16621"],
      "sources" : ["2.16.840.1.113883.1.11.16621"],
      "uses" : {
      },
      "StructureDefinition-GEM-ERP-PR-MedicationDispense-DiGA.html" : "GEM ERP PR MedicationDispense DiGA"
    },
    {
      "url" : "http://terminology.hl7.org/ValueSet/v3-ParticipationMode",
      "version" : "3.0.0",
      "status" : "active",
      "name" : "ParticipationMode",
      "title" : "ParticipationMode",
      "description" : "Identifies the primary means by which an Entity participates in an Act.",
      "systems" : ["http://terminology.hl7.org/CodeSystem/v3-ParticipationMode"],
      "oids" : ["2.16.840.1.113883.1.11.16543"],
      "sources" : ["2.16.840.1.113883.1.11.16543"],
      "uses" : {
      },
      "StructureDefinition-GEM-ERP-PR-Communication-DiGA.html" : "GEM ERP PR Communication DiGA"
    },
    {
      "url" : "http://terminology.hl7.org/ValueSet/v3-SubstanceAdminSubstitutionReason",
      "version" : "3.0.0",
      "status" : "active",
      "name" : "SubstanceAdminSubstitutionReason",
      "title" : "SubstanceAdminSubstitutionReason",
      "description" : "***No description***",
      "systems" : ["http://terminology.hl7.org/CodeSystem/v3-ActReason"],
      "oids" : ["2.16.840.1.113883.1.11.19377"],
      "sources" : ["2.16.840.1.113883.1.11.19377"],
      "uses" : {
      },
      "StructureDefinition-GEM-ERP-PR-MedicationDispense-DiGA.html" : "GEM ERP PR MedicationDispense DiGA"
    },
    {
      "url" : "https://gematik.de/fhir/terminology/ValueSet/ti-medication-dispense-category-vs",
      "version" : "1.0.7",
      "status" : "active",
      "name" : "TIMedicationDispenseCategoryVS",
      "title" : "TI Medication Dispense Category ValueSet",
      "description" : "Definiert den Kontext einer Abgabe: verschreibungspflichtig oder nicht verschreibungspflichtig",
      "systems" : [
        "https://gematik.de/fhir/terminology/CodeSystem/ti-medication-dispense-category-cs"
      ],
      "uses" : {
      },
      "StructureDefinition-GEM-ERP-PR-MedicationDispense-DiGA.html" : "GEM ERP PR MedicationDispense DiGA"
    },
    {
      "url" : "https://gematik.de/fhir/terminology/ValueSet/ti-medication-dispense-status-vs",
      "version" : "1.0.7",
      "status" : "active",
      "name" : "TIMedicationDispenseStatusVS",
      "title" : "TI Medication Dispense ValueSet",
      "description" : "TI Medication Dispense ValueSet",
      "systems" : [
        "http://terminology.hl7.org/CodeSystem/medicationdispense-status"
      ],
      "uses" : {
      },
      "StructureDefinition-GEM-ERP-PR-MedicationDispense-DiGA.html" : "GEM ERP PR MedicationDispense DiGA"
    }
  ]
}
