URL,Version,Status,OIDs,Name,Title,Description,Used
http://terminology.hl7.org/CodeSystem/v3-ActCode,11.0.0,active,"2.16.840.1.113883.5.4",ActCode,ActCode,"A code specifying the particular kind of Act that the Act-instance represents within its class.    *Constraints:* The kind of Act (e.g. physical examination, serum potassium, inpatient encounter, charge financial transaction, etc.) is specified with a code from one of several, typically external, coding systems. The coding system will depend on the class of Act, such as LOINC for observations, etc.    Conceptually, the Act.code must be a specialization of the Act.classCode. This is why the structure of ActClass domain should be reflected in the superstructure of the ActCode domain and then individual codes or externally referenced vocabularies subordinated under these domains that reflect the ActClass structure.    Act.classCode and Act.code are not modifiers of each other but the Act.code concept should really imply the Act.classCode concept. For a negative example, it is not appropriate to use an Act.code ""potassium"" together with and Act.classCode for ""laboratory observation"" to somehow mean ""potassium laboratory observation"" and then use the same Act.code for ""potassium"" together with Act.classCode for ""medication"" to mean ""substitution of potassium"". This mutually modifying use of Act.code and Act.classCode is not permitted.","ValueSet/GEM-ERPEU-VS-Consent-PolicyRule"
https://gematik.de/fhir/erp/CodeSystem/GEM_ERP_CS_AvailabilityStatus,2.0.0-ballot.3,active,,GEM_ERP_CS_AvailabilityStatus,CodeSystem des Verfügbarkeitsstatus,"Typ des Verfügbarkeitsstatus für die Anfrage zur Medikamentenverfügbarkeit.","ValueSet/GEM-ERP-VS-AvailabilityStatus"
https://gematik.de/fhir/erp/CodeSystem/GEM_ERP_CS_DocumentType,2.0.0-ballot.3,active,,GEM_ERP_CS_DocumentType,CodeSystem der Dokumententypen,"Dokumententyp abhängig vom Empfänger des Bundles.","ValueSet/GEM-ERP-VS-DocumentType"
https://gematik.de/fhir/erp/CodeSystem/GEM_ERP_CS_FlowType,2.0.0-ballot.3,active,,GEM_ERP_CS_FlowType,CodeSystem der Flowtypes in TIFlow Anwendungen,"Zeigt die verschiedenen Typen der TI Workflows entsprechend der Verordnungsformulare.  WICHTIG: Der Codebereich 9xx ist reserviert für Abrechnungsprozesse in Apotheken wie z.B. Pharmazeutische Dienstleistungen!","ValueSet/GEM-ERP-VS-FlowType"
https://gematik.de/fhir/ti/CodeSystem/operation-outcome-details-codes,1.3.1,active,,TIOperationOutcomeDetailsCS,TI Operation Outcome Details CodeSystem,"Telematikinfrastruktur (TI) Operation Outcome Details CodeSystem","ValueSet/tiflow-erezept-operation-outcome-details-vs"
https://gematik.de/fhir/tiflow-erezept/CodeSystem/GEM-ERPEU-CS-ConsentType,2.0.0-ballot.3,draft,,GEM_ERPEU_CS_ConsentType,CodeSystem of types for a consent,"Type of patient consent.","ValueSet/GEM-ERPEU-VS-ConsentType"
https://gematik.de/fhir/tiflow-erezept/CodeSystem/GEM-ERPEU-CS-RequestType,2.0.0-ballot.3,draft,,GEM_ERPEU_CS_RequestType,CodeSystem of NCPeH Request Types,"Type of Request from NCPeH","ValueSet/GEM-ERPEU-VS-RequestType"
https://gematik.de/fhir/tiflow-erezept/CodeSystem/tiflow-erezept-operation-outcome-details-cs,2.0.0-ballot.3,active,,TIFLOWEREZEPTOperationOutcomeDetailsCS,TIFLOW EREZEPT Operation Outcome Details CS,"E-Rezept-spezifische Codes, die im Rahmen des TIFlow in den OperationOutcomes.details angegeben werden können","ValueSet/tiflow-erezept-operation-outcome-details-vs"
https://gematik.de/fhir/tiflow/CodeSystem/tiflow-operation-outcome-details-cs,2.0.0-ballot.3,active,,TIFLOWOperationOutcomeDetailsCS,TIFLOW Operation Outcome Details CS,"Codes, die im Rahmen des TIFlow in den OperationOutcomes.details angegeben werden können","ValueSet/tiflow-erezept-operation-outcome-details-vs"
