Source File	Size	loadResources	load	generateSnapshots	load-configure	scan	loadDepInfo	loadInfo	checkR4R4B	generateNarratives	validate	loadLists	checkConformanceResources	checkConformanceResources2	checkConformanceResources3	generateLogicalMaps	validateExpressions	scanForUsageStats	checkURLsUnique	processProvenanceDetails	generate1	generate2	generateLogicals	makeDependencies	generateExampleZip	generateValidationPack	scanProfilesForR5	scanExamplesForR5
/fsh-generated/resources/ImplementationGuide-de.gematik.tiflow.erezept.json	86227	-	0	0	1	0	0	0	36	67	0	0	0	0	0	0	0	2	0	0	353	394	0	0	0	15	0	2
fsh-generated/resources/Binary-PrescriptionBinaryWithMeta.json	268	2	0	0	1	0	0	0	0	0	0	0	0	0	0	0	0	0	0	0	3	15	0	0	0	0	0	0
fsh-generated/resources/Binary-b939a82a-9c23-4b6d-a139-f468d1b9d652.json	296	1	0	0	0	0	0	0	0	1	0	0	0	0	0	0	0	0	0	0	3	2	0	0	0	0	0	0
fsh-generated/resources/Bundle-Bundle-AcceptOperation.json	3616	3	20	0	0	0	0	0	1	0	0	0	0	0	0	0	0	0	0	0	8	22	0	0	0	0	0	0
fsh-generated/resources/Bundle-ExampleAcceptResponseBundle.json	3621	2	1	0	0	0	0	0	0	0	0	0	0	0	0	0	0	0	0	0	7	11	0	0	0	0	0	0
fsh-generated/resources/Bundle-ExampleCommunicationGetDispReq.json	2037	2	6	0	0	0	0	0	0	0	0	0	0	0	0	0	0	0	0	0	5	48	0	0	0	0	0	0
fsh-generated/resources/Bundle-ExampleERPBundle.json	3328	2	13	0	0	0	0	0	1	0	0	0	0	0	0	0	0	0	0	0	7	13	0	0	0	0	0	0
fsh-generated/resources/Bundle-ExampleGetConsent.json	1910	2	4	0	0	0	0	0	0	0	0	0	0	0	0	0	0	0	0	0	5	4	0	0	0	0	0	0
fsh-generated/resources/Bundle-ExampleGetEUPrescriptionBundle.json	4454	2	2	0	0	0	0	0	0	0	0	0	0	0	0	0	0	0	0	0	7	11	0	0	0	0	0	0
fsh-generated/resources/Bundle-ExampleMedicationDispenseSearchResponse.json	3642	2	8	0	0	0	0	0	1	0	0	0	0	0	0	0	0	0	0	0	7	122	0	0	0	0	0	0
fsh-generated/resources/Bundle-ExampleRXAcceptResponse.json	3789	2	1	0	0	0	0	0	0	0	0	0	0	0	0	0	0	0	0	0	9	13	0	0	0	0	0	0
fsh-generated/resources/Bundle-ExampleRxCommunicationSearchset.json	724	1	0	0	0	0	0	0	0	0	0	0	0	0	0	0	0	0	0	0	3	4	0	0	0	0	0	0
fsh-generated/resources/Bundle-ExampleRxMedicationDispenseSearchset.json	889	1	1	0	0	0	0	0	0	0	0	0	0	0	0	0	0	0	0	0	3	4	0	0	0	0	0	1
fsh-generated/resources/Bundle-ExampleRxTaskSearchset.json	3402	2	1	0	0	0	0	0	0	0	0	0	0	0	0	0	0	0	0	0	7	13	0	0	0	0	0	0
fsh-generated/resources/Bundle-dffbfd6a-5712-4798-bdc8-07201eb77ab8.json	3738	2	2	0	0	0	0	0	1	0	0	0	0	0	0	0	0	0	0	0	8	11	0	0	0	0	0	0
fsh-generated/resources/Bundle-example-searchset-consent.json	1440	1	0	0	0	0	0	0	0	0	0	0	0	0	0	0	0	0	0	0	4	6	0	0	0	0	0	0
fsh-generated/resources/Bundle-example-searchset-medicationdispense.json	1509	1	1	0	0	0	0	0	0	0	0	0	0	0	0	0	0	0	0	0	4	6	0	0	0	0	0	0
fsh-generated/resources/CapabilityStatement-ti-flow-fachdienst-server-rx.json	175645	35	0	0	0	0	1	0	17	0	0	0	0	0	0	0	0	0	0	0	168	127	0	0	0	5	0	1
fsh-generated/resources/CodeSystem-GEM-ERPEU-CS-ConsentType.json	764	2	0	0	0	0	0	0	0	6	0	0	0	0	0	0	0	0	0	0	12	61	0	0	0	0	0	0
fsh-generated/resources/CodeSystem-GEM-ERPEU-CS-RequestType.json	936	1	0	0	0	0	0	0	0	3	0	0	0	0	0	0	0	0	0	0	10	42	0	0	0	0	0	0
fsh-generated/resources/CodeSystem-tiflow-erezept-operation-outcome-details-cs.json	4569	1	0	0	1	0	0	0	1	6	0	0	0	0	0	0	0	0	0	0	21	62	0	0	0	1	0	1
fsh-generated/resources/Communication-ExampleCommunicationReplyPharmacy.json	1798	1	0	0	0	0	0	0	0	0	0	0	0	0	0	0	0	0	0	0	6	10	0	0	0	0	0	0
fsh-generated/resources/Communication-ExampleRxCommunicationDispReq.json	236	1	0	0	0	0	0	0	0	0	0	0	0	0	0	0	0	0	0	0	2	3	0	0	0	0	0	0
fsh-generated/resources/Consent-ExampleEUConsent.json	1167	1	0	0	0	0	0	0	0	0	0	0	0	0	0	0	0	0	0	0	4	5	0	0	0	0	0	0
fsh-generated/resources/Consent-QueryConsentCHARGCONS.json	804	1	0	0	0	0	0	0	0	0	0	0	0	0	0	0	0	1	0	0	4	3	0	0	0	0	0	0
fsh-generated/resources/Device-ReceiptBundleDevice.json	479	1	0	0	0	0	0	0	0	18	0	0	0	0	0	0	0	0	0	0	5	4	0	0	0	0	0	0
fsh-generated/resources/Medication-EU-Medication-Without-Strength-Code.json	1053	1	0	0	0	0	0	0	0	0	0	0	0	0	0	0	0	0	0	0	5	4	0	0	0	0	0	0
fsh-generated/resources/Medication-EU-Medication-Without-Strength-Numerator.json	1673	2	0	0	0	0	0	0	1	0	0	0	0	0	0	0	0	0	0	0	5	3	0	0	0	0	0	0
fsh-generated/resources/Medication-EUSimpleMedication.json	381	0	0	0	0	0	0	0	0	0	0	0	0	0	0	0	0	0	0	0	3	5	0	0	0	0	0	0
fsh-generated/resources/Medication-EUSumatripanMedication.json	1461	2	0	0	0	0	0	0	0	0	0	0	0	0	0	0	0	0	0	0	5	559	0	0	0	0	0	0
fsh-generated/resources/Medication-ExampleUnitMedication.json	1073	1	0	0	0	0	0	0	0	0	0	0	0	0	0	0	0	0	0	0	4	59	0	0	1	0	0	0
fsh-generated/resources/Medication-Medication-Kombipackung.json	3971	2	0	0	0	0	0	0	0	0	0	0	0	0	0	0	0	0	0	0	8	8	0	0	0	0	0	0
fsh-generated/resources/Medication-Medication-Rezeptur-FD.json	4407	1	0	0	0	0	0	0	1	0	0	0	0	0	0	0	0	0	0	0	9	67	0	0	0	0	0	0
fsh-generated/resources/Medication-Medication-Rezeptur.json	3974	2	0	0	0	0	0	0	0	0	0	0	0	0	0	0	0	0	0	0	8	116	0	0	0	0	0	0
fsh-generated/resources/Medication-Medication-Without-Strength-Code.json	940	1	0	0	0	0	0	0	0	0	0	0	0	0	0	0	0	0	0	0	3	3	0	0	0	0	0	0
fsh-generated/resources/Medication-Medication-Without-Strength-Numerator.json	1560	1	0	0	0	0	0	0	1	0	0	0	0	0	0	0	0	0	0	0	5	3	0	0	0	0	0	0
fsh-generated/resources/Medication-SimpleMedication.json	392	1	0	0	0	0	0	0	0	0	0	0	0	0	0	0	0	0	0	0	4	5	0	0	0	0	0	0
fsh-generated/resources/Medication-SumatripanMedication.json	1472	1	0	0	0	0	0	0	0	0	0	0	0	0	0	0	0	0	0	0	4	58	0	0	0	0	0	0
fsh-generated/resources/MedicationDispense-Example-MedicationDispense-2.json	848	1	0	0	0	0	0	0	0	0	0	0	0	0	0	0	0	0	0	0	4	8	0	0	0	0	0	0
fsh-generated/resources/MedicationDispense-Example-MedicationDispense-Dosage-comb-dayofweek.json	1980	2	0	0	0	0	0	0	0	0	0	0	0	0	0	0	0	0	0	0	5	18	0	0	0	0	0	0
fsh-generated/resources/MedicationDispense-Example-MedicationDispense-Dosage-comb-interval.json	2382	1	0	0	0	0	0	0	1	0	0	0	0	0	0	0	0	0	0	0	6	28	0	0	0	0	0	0
fsh-generated/resources/MedicationDispense-Example-MedicationDispense-Dosage-interval.json	1811	1	0	0	0	0	0	0	0	0	0	0	0	0	0	0	0	0	0	0	5	15	0	0	0	0	0	0
fsh-generated/resources/MedicationDispense-Example-MedicationDispense-Dosage-tageszeit.json	2308	2	0	0	0	0	0	0	0	0	0	0	0	0	0	0	0	0	0	0	5	18	0	0	0	0	0	0
fsh-generated/resources/MedicationDispense-Example-MedicationDispense-Dosage-uhrzeit.json	1882	1	0	0	0	0	0	0	0	0	0	0	0	0	0	0	0	0	0	0	5	15	0	0	0	0	0	0
fsh-generated/resources/MedicationDispense-Example-MedicationDispense-Dosage-weekday.json	1916	1	0	0	0	0	0	0	0	0	0	0	0	0	0	0	0	0	0	0	5	14	0	0	0	0	0	0
fsh-generated/resources/MedicationDispense-Example-MedicationDispense-EU.json	834	1	0	0	0	0	0	0	1	0	0	0	0	0	0	0	0	0	0	0	3	10	0	0	0	0	0	0
fsh-generated/resources/MedicationDispense-Example-MedicationDispense-Kombipackung.json	866	1	0	0	0	0	0	0	0	0	0	0	0	0	0	0	0	0	0	0	3	4	0	0	0	0	0	0
fsh-generated/resources/MedicationDispense-Example-MedicationDispense-Rezeptur.json	858	1	0	0	0	0	0	0	0	0	0	0	0	0	0	0	0	0	0	0	4	4	0	0	0	0	0	0
fsh-generated/resources/MedicationDispense-Example-MedicationDispense-Without-Medication.json	869	1	0	0	0	0	0	0	0	0	0	0	0	0	0	0	0	0	0	0	3	6	0	0	0	0	0	0
fsh-generated/resources/MedicationDispense-Example-MedicationDispense.json	850	1	0	0	0	0	0	0	0	0	0	0	0	0	0	0	0	0	0	0	3	5	0	0	0	0	0	0
fsh-generated/resources/MedicationDispense-ExampleRxMedicationDispense.json	350	0	0	0	0	0	0	0	0	0	0	0	0	0	0	0	0	0	0	0	2	3	0	0	0	0	0	0
fsh-generated/resources/OperationDefinition-EUCloseOperation.json	756	1	0	0	1	0	0	0	0	3	0	0	0	0	0	0	0	0	0	0	7	6	0	0	0	0	0	0
fsh-generated/resources/OperationDefinition-GETPrescriptionEU.json	1065	1	0	0	0	0	0	0	0	20	0	0	0	0	0	0	0	0	0	0	8	6	0	0	0	1	0	0
fsh-generated/resources/OperationDefinition-GrantEUAccessPermission.json	1674	1	0	0	0	0	0	0	1	4	0	0	0	0	0	0	0	0	0	0	11	5	0	0	0	0	0	0
fsh-generated/resources/OperationDefinition-ReadEUAccessPermission.json	1502	1	0	0	0	0	0	0	0	3	0	0	0	0	0	0	0	0	0	0	10	7	0	0	0	0	0	0
fsh-generated/resources/OperationDefinition-RevokeEUAccessPermission.json	551	0	0	0	0	0	0	0	0	2	0	0	0	0	0	0	0	0	0	0	7	6	0	0	0	0	0	0
fsh-generated/resources/OperationDefinition-tiflow-rx-abort-op.json	1279	1	0	0	0	0	0	0	0	5	0	0	0	0	0	0	0	0	0	0	11	8	0	0	0	1	0	0
fsh-generated/resources/OperationDefinition-tiflow-rx-accept-op.json	1152	1	0	0	0	0	0	0	0	2	0	0	0	0	0	0	0	0	0	0	8	7	0	0	0	0	0	0
fsh-generated/resources/OperationDefinition-tiflow-rx-activate-op.json	1139	1	0	0	0	0	0	0	1	2	0	0	0	0	0	0	0	0	0	0	8	7	0	0	0	0	0	0
fsh-generated/resources/OperationDefinition-tiflow-rx-close-op.json	1136	0	0	0	0	0	0	0	0	2	0	0	0	0	0	0	0	0	0	0	8	7	0	0	0	1	0	0
fsh-generated/resources/OperationDefinition-tiflow-rx-create-op.json	963	1	0	0	0	0	0	0	0	2	0	0	0	0	0	0	0	0	0	0	9	7	0	0	0	0	0	0
fsh-generated/resources/OperationDefinition-tiflow-rx-dispense-op.json	917	0	0	0	0	0	0	0	0	1	0	0	0	0	0	0	0	0	0	0	7	7	0	0	0	0	0	0
fsh-generated/resources/OperationDefinition-tiflow-rx-reject-op.json	1006	1	0	0	0	0	0	0	0	2	0	0	0	0	0	0	0	0	0	0	9	7	0	0	0	0	0	0
fsh-generated/resources/OperationOutcome-ExampleCreateOperationOutputError.json	619	1	0	0	0	0	0	0	0	0	0	0	0	0	0	0	0	0	0	0	2	4	0	0	0	0	0	0
fsh-generated/resources/OperationOutcome-ExampleERPEUOperationOutcomeError.json	617	0	0	0	0	0	0	0	0	0	0	0	0	0	0	0	0	0	0	0	3	4	0	0	0	0	0	0
fsh-generated/resources/OperationOutcome-ExampleOperationAbortErrorAVS.json	631	1	0	0	0	0	0	0	0	0	0	0	0	0	0	0	0	0	0	0	3	3	0	0	0	0	0	0
fsh-generated/resources/OperationOutcome-ExampleOperationAbortErrorPVS.json	568	0	0	0	0	0	0	0	0	0	0	0	0	0	0	0	0	0	0	0	3	3	0	0	0	0	0	0
fsh-generated/resources/OperationOutcome-ExampleOperationAbortErrorRoleFdV.json	617	1	0	0	0	0	0	0	0	0	0	0	0	0	0	0	0	0	0	0	3	3	0	0	0	0	0	0
fsh-generated/resources/OperationOutcome-ExampleOperationAcceptError.json	569	1	0	0	0	0	0	0	1	0	0	0	0	0	0	0	0	0	0	0	3	3	0	0	0	0	0	0
fsh-generated/resources/OperationOutcome-ExampleOperationAcceptRoleError.json	615	0	0	0	0	0	0	0	0	0	0	0	0	0	0	0	0	0	0	0	2	3	0	0	0	0	0	0
fsh-generated/resources/OperationOutcome-ExampleOperationActivateError.json	684	1	0	0	0	0	0	0	0	0	0	0	0	0	0	0	0	0	0	0	3	3	0	0	0	0	0	0
fsh-generated/resources/OperationOutcome-ExampleOperationActivateInvalidRoleError.json	530	0	0	0	0	0	0	0	0	0	0	0	0	0	0	0	0	0	0	0	3	3	0	0	0	0	0	0
fsh-generated/resources/OperationOutcome-ExampleOperationCloseError.json	555	1	0	0	0	0	0	0	0	0	0	0	0	0	0	0	0	0	0	0	3	2	0	0	0	0	0	0
fsh-generated/resources/OperationOutcome-ExampleOperationCloseProfileError.json	684	1	0	0	0	0	0	0	0	0	0	0	0	0	0	0	0	0	0	0	3	3	0	0	0	0	0	0
fsh-generated/resources/OperationOutcome-ExampleOperationCreateError.json	1010	0	0	0	0	0	0	0	0	0	0	0	0	0	0	0	0	0	0	0	4	3	0	0	0	0	0	0
fsh-generated/resources/OperationOutcome-ExampleOperationDispenseRoleError.json	617	1	0	0	0	0	0	0	0	0	0	0	0	0	0	0	0	0	0	0	2	3	0	0	0	0	0	0
fsh-generated/resources/OperationOutcome-ExampleOperationEUCloseError.json	557	0	0	0	1	0	0	0	0	0	0	0	0	0	0	0	0	0	0	0	3	3	0	0	0	0	0	0
fsh-generated/resources/OperationOutcome-ExampleOperationGetEUError.json	555	1	0	0	0	0	0	0	0	0	0	0	0	0	0	0	0	0	0	0	3	3	0	0	0	0	0	0
fsh-generated/resources/OperationOutcome-ExampleOperationRejectError.json	564	0	0	0	0	0	0	0	0	0	0	0	0	0	0	0	0	0	0	0	3	3	0	0	0	0	0	0
fsh-generated/resources/OperationOutcome-ExampleOperationRejectRolleError.json	616	1	0	0	0	0	0	0	0	0	0	0	0	0	0	0	0	0	0	0	3	3	0	0	0	0	0	0
fsh-generated/resources/Organization-Example-EU-Organization.json	802	1	0	0	0	0	0	0	0	2	0	0	0	0	0	0	0	0	0	0	5	4	0	0	0	0	0	0
fsh-generated/resources/Parameters-Example-EU-PermissionRequest.json	573	0	0	0	0	0	0	0	0	0	0	0	0	0	0	0	0	0	0	0	3	4	0	0	0	0	0	0
fsh-generated/resources/Parameters-Example-EU-PermissionResponse.json	764	1	0	0	0	0	0	0	1	0	0	0	0	0	0	0	0	0	0	0	4	5	0	0	0	0	0	0
fsh-generated/resources/Parameters-Example-PATCH-Task-Single-Input-Request-False.json	350	1	0	0	0	0	0	0	0	0	0	0	0	0	0	0	0	0	0	0	3	3	0	0	0	0	0	0
fsh-generated/resources/Parameters-Example-PATCH-Task-Single-Input-Request-True.json	348	0	0	0	0	0	0	0	0	0	0	0	0	0	0	0	0	0	0	0	3	3	0	0	0	0	0	0
fsh-generated/resources/Parameters-ExampleCloseInputParameters.json	3747	2	0	0	0	0	0	0	0	0	0	0	0	0	0	0	0	1	0	0	6	104	0	0	0	0	0	0
fsh-generated/resources/Parameters-ExampleCloseInputParametersKombipackung.json	7184	2	0	0	0	0	0	0	1	0	0	0	0	0	0	0	0	0	0	0	9	22	0	0	0	0	0	0
fsh-generated/resources/Parameters-ExampleCloseInputParametersMultipleMedicationDispenses.json	5790	2	0	0	0	0	0	0	0	0	0	0	0	0	0	0	0	0	0	0	9	483	0	0	0	0	0	0
fsh-generated/resources/Parameters-ExampleCloseInputParametersRezeptur.json	7235	2	0	0	0	0	0	0	1	0	0	0	0	0	0	0	0	0	0	0	9	64	0	0	0	0	0	0
fsh-generated/resources/Parameters-ExampleCloseOutputParameters.json	4844	1	0	0	0	0	0	0	0	0	0	0	0	0	0	0	0	0	0	0	8	67	0	0	0	0	0	0
fsh-generated/resources/Parameters-ExampleDispenseInputParameters.json	3753	2	0	0	0	0	0	0	0	0	0	0	0	0	0	0	0	0	0	0	7	65	0	0	0	0	0	0
fsh-generated/resources/Parameters-ExampleDispenseInputParametersKombipackung.json	7190	2	0	0	0	0	0	0	1	0	0	0	0	0	0	0	0	0	0	0	9	7	0	0	0	0	0	0
fsh-generated/resources/Parameters-ExampleDispenseInputParametersMultipleMedicationDispenses.json	5796	2	0	0	0	0	0	0	0	0	0	0	0	0	0	0	0	0	0	0	9	68	0	0	0	0	0	0
fsh-generated/resources/Parameters-ExampleEUCloseInputParameters.json	7284	2	0	0	0	0	0	0	1	0	0	0	0	0	0	0	0	0	0	0	10	74	0	0	0	0	0	1
fsh-generated/resources/Parameters-ExampleEUGETPrescriptionDEMOGRAPHICS.json	1813	1	0	0	0	0	0	0	0	0	0	0	0	0	0	0	0	0	0	0	5	5	0	0	0	0	0	0
fsh-generated/resources/Parameters-ExampleEUGETPrescriptionE-PRESCRIPTIONS-LIST.json	1829	1	0	0	0	0	0	0	1	0	0	0	0	0	0	0	0	0	0	0	4	4	0	0	0	0	0	0
fsh-generated/resources/Parameters-ExampleEUGETPrescriptionE-PRESCRIPTIONS-RETRIEVAL.json	2795	1	0	0	0	0	0	0	0	0	0	0	0	0	0	0	0	0	0	0	6	7	0	0	0	0	0	0
fsh-generated/resources/Parameters-ExampleOperationActivateParametersInput.json	497	1	0	0	0	0	0	0	0	0	0	0	0	0	0	0	0	0	0	0	3	3	0	0	0	0	0	0
fsh-generated/resources/Parameters-ExampleRxOperationRequestParameters.json	303	0	0	0	0	0	0	0	0	0	0	0	0	0	0	0	0	0	0	0	2	3	0	0	0	0	0	0
fsh-generated/resources/Parameters-OperationCreateParametersInputExample.json	281	1	0	0	0	0	0	0	0	0	0	0	0	0	0	0	0	0	0	0	2	2	0	0	0	0	0	0
fsh-generated/resources/Practitioner-Example-EU-Practitioner.json	399	0	0	0	0	0	0	0	0	1	0	0	0	0	0	0	0	0	0	0	4	3	0	0	0	0	0	0
fsh-generated/resources/PractitionerRole-Example-EU-PractitionerRole.json	379	1	0	0	0	0	0	0	0	2	0	0	0	0	0	0	0	0	0	0	3	6	0	0	0	0	0	0
fsh-generated/resources/StructureDefinition-GEM-ERP-EX-AvailabilityState.json	1886	1	0	41	0	0	0	0	0	0	0	0	0	0	0	0	0	0	0	0	24	619	0	1	0	2	0	0
fsh-generated/resources/StructureDefinition-GEM-ERP-EX-EU-IS-REDEEMABLE-BY-PATIENT-AUTHORIZATION.json	2211	1	0	8	0	0	0	0	0	0	0	0	1	0	0	0	0	0	0	0	14	129	0	0	0	0	0	0
fsh-generated/resources/StructureDefinition-GEM-ERP-EX-EU-IS-REDEEMABLE-BY-PROPERTIES.json	2067	1	0	8	0	0	0	0	1	0	0	0	0	0	0	0	0	1	0	0	13	112	0	0	0	1	0	0
fsh-generated/resources/StructureDefinition-GEM-ERP-EX-LastMedicationDispense.json	2045	1	0	8	0	0	0	0	0	0	0	0	0	0	0	0	0	0	0	0	14	107	0	0	0	1	0	0
fsh-generated/resources/StructureDefinition-GEM-ERP-EX-SupplyOptionsType.json	4703	2	0	19	0	0	0	0	0	0	0	0	0	0	0	0	0	0	0	0	45	222	0	0	0	1	0	0
fsh-generated/resources/StructureDefinition-GEM-ERP-PR-Bundle-OP-Accept.json	2551	1	0	118	0	0	0	0	0	0	0	0	0	0	0	0	0	1	0	0	201	611	0	0	0	10	0	1
fsh-generated/resources/StructureDefinition-GEM-ERP-PR-Communication-DispReq.json	4543	2	0	72	1	0	0	0	0	0	0	0	0	0	0	0	0	1	0	0	138	357	0	0	0	7	1	1
fsh-generated/resources/StructureDefinition-GEM-ERP-PR-Communication-Reply.json	4664	1	0	37	0	0	0	0	0	0	0	0	0	0	0	0	0	0	0	0	132	317	0	0	0	7	0	1
fsh-generated/resources/StructureDefinition-GEM-ERP-PR-Communication.json	3347	2	0	2	0	0	0	0	0	0	0	0	0	0	0	0	0	0	0	0	102	288	0	0	0	5	0	0
fsh-generated/resources/StructureDefinition-GEM-ERP-PR-Medication.json	6858	2	0	108	0	0	0	0	0	0	0	0	0	0	0	0	0	2	0	0	346	938	0	0	0	17	0	2
fsh-generated/resources/StructureDefinition-GEM-ERP-PR-MedicationDispense.json	7487	3	0	63	0	0	0	0	0	0	0	0	1	0	0	0	0	0	0	0	185	476	0	0	0	9	0	1
fsh-generated/resources/StructureDefinition-GEM-ERP-PR-PAR-Accept-Operation-Output.json	2287	1	0	15	0	0	0	0	0	0	0	0	0	0	0	0	0	0	0	0	42	172	0	0	0	2	0	0
fsh-generated/resources/StructureDefinition-GEM-ERP-PR-PAR-Activate-Operation-Input.json	2306	1	0	13	0	0	0	0	0	0	0	0	0	0	0	0	0	1	0	0	39	175	0	0	0	1	0	1
fsh-generated/resources/StructureDefinition-GEM-ERP-PR-PAR-Activate-Operation-Output.json	2283	1	0	12	0	0	0	0	0	0	0	0	0	0	0	0	0	0	0	0	37	201	0	0	0	2	0	0
fsh-generated/resources/StructureDefinition-GEM-ERP-PR-PAR-Close-Operation-Input.json	5882	2	0	24	1	0	0	0	0	0	0	0	0	0	0	0	0	0	0	0	76	264	0	0	0	4	0	0
fsh-generated/resources/StructureDefinition-GEM-ERP-PR-PAR-Close-Operation-Output.json	2153	1	0	12	0	0	0	0	0	0	0	0	0	0	0	0	0	0	0	0	38	153	0	0	0	2	0	1
fsh-generated/resources/StructureDefinition-GEM-ERP-PR-PAR-Create-Operation-Input.json	2689	1	0	15	0	0	0	0	0	0	0	0	0	0	0	0	0	0	0	0	47	169	0	0	0	2	1	0
fsh-generated/resources/StructureDefinition-GEM-ERP-PR-PAR-Create-Operation-Output.json	2272	1	0	49	0	0	0	0	0	0	0	0	0	0	0	0	0	1	0	0	38	191	0	0	0	2	0	0
fsh-generated/resources/StructureDefinition-GEM-ERP-PR-PAR-Dispense-Operation-Input.json	5345	2	0	25	0	0	0	0	0	0	0	0	0	0	0	0	0	0	0	0	75	238	0	0	0	3	0	1
fsh-generated/resources/StructureDefinition-GEM-ERP-PR-Task.json	10386	4	0	42	0	0	0	0	0	0	0	0	0	0	0	0	0	1	0	0	249	505	0	0	0	13	0	1
fsh-generated/resources/StructureDefinition-GEM-ERPEU-EX-MedicinalPackageDescription.json	1621	1	0	7	0	0	0	0	0	0	0	0	0	0	0	0	0	0	0	0	11	77	0	0	0	1	0	0
fsh-generated/resources/StructureDefinition-GEM-ERPEU-EX-MedicinalPackageIdentifier.json	1663	1	0	11	0	0	0	0	0	0	0	0	0	0	0	0	0	0	0	0	26	100	0	0	0	2	0	0
fsh-generated/resources/StructureDefinition-GEM-ERPEU-PR-AccessCode.json	1970	0	0	7	0	0	0	0	0	0	0	0	0	0	0	0	0	0	0	0	22	93	0	0	0	1	0	0
fsh-generated/resources/StructureDefinition-GEM-ERPEU-PR-Consent.json	2992	2	0	50	1	0	0	0	1	0	0	0	0	0	0	0	0	1	0	0	169	343	0	0	0	10	0	1
fsh-generated/resources/StructureDefinition-GEM-ERPEU-PR-Medication.json	1509	1	0	85	0	0	0	0	0	0	0	0	1	0	0	0	0	1	0	0	316	520	0	0	0	18	0	2
fsh-generated/resources/StructureDefinition-GEM-ERPEU-PR-MedicationDispense.json	4799	1	0	51	0	0	0	0	0	0	0	0	0	0	0	0	0	0	0	0	171	323	0	0	0	9	0	1
fsh-generated/resources/StructureDefinition-GEM-ERPEU-PR-Organization.json	3023	2	0	120	0	0	0	0	0	0	0	0	0	0	0	0	0	2	0	0	330	545	0	0	0	24	1	1
fsh-generated/resources/StructureDefinition-GEM-ERPEU-PR-PAR-AccessAuthorization-Request.json	2745	1	0	19	0	0	0	0	0	0	0	0	0	0	0	0	0	0	0	0	59	178	0	1	0	3	0	1
fsh-generated/resources/StructureDefinition-GEM-ERPEU-PR-PAR-AccessAuthorization-Response.json	4553	2	0	23	0	0	0	0	0	0	0	0	0	0	0	0	0	0	0	0	84	194	0	0	0	6	0	0
fsh-generated/resources/StructureDefinition-GEM-ERPEU-PR-PAR-Close-Operation-Input.json	18561	6	0	140	0	0	0	0	0	0	0	0	0	0	0	0	0	1	0	0	256	877	0	0	0	12	0	1
fsh-generated/resources/StructureDefinition-GEM-ERPEU-PR-PAR-EU-GET-Prescription-Input.json	14618	5	0	53	0	0	0	0	0	0	0	0	1	0	0	0	0	1	0	0	196	287	0	0	0	15	0	1
fsh-generated/resources/StructureDefinition-GEM-ERPEU-PR-PAR-PATCH-Task-Input.json	2145	1	0	10	0	0	0	0	0	0	0	0	0	0	0	0	0	0	0	0	36	84	0	0	0	7	0	0
fsh-generated/resources/StructureDefinition-GEM-ERPEU-PR-Practitioner.json	1304	0	0	38	0	0	0	0	0	0	0	0	0	0	0	0	0	1	0	0	234	374	0	0	0	15	0	1
fsh-generated/resources/StructureDefinition-GEM-ERPEU-PR-PractitionerRole.json	1462	1	0	29	1	0	0	0	0	0	0	0	0	0	0	0	0	1	0	0	149	252	0	0	0	8	0	0
fsh-generated/resources/StructureDefinition-gem-erpeu-pr-par-get-prescription-output.json	1866	1	0	12	0	0	0	0	0	0	0	0	0	0	0	0	0	0	0	0	37	136	0	0	0	2	0	0
fsh-generated/resources/StructureDefinition-logical-eu-dispense-data.json	32717	6	0	24	0	0	0	0	0	0	0	0	0	0	0	0	0	0	0	0	114	490	0	0	0	4	0	1
fsh-generated/resources/Subscription-example-create-subscription-request.json	391	0	0	0	0	0	0	0	0	120	0	0	0	0	0	0	0	0	0	0	4	7	0	0	0	0	0	0
fsh-generated/resources/Subscription-example-create-subscription-response.json	373	1	0	0	0	0	0	0	0	4	0	0	0	0	0	0	0	0	0	0	5	3	0	0	0	0	0	0
fsh-generated/resources/Task-160.000.033.491.280.78.json	2335	1	0	0	0	0	0	0	1	0	0	0	0	0	0	0	0	0	0	0	5	16	0	0	0	0	0	0
fsh-generated/resources/Task-9b48f82c-9c11-4a57-aa72-a805f9537a82.json	2645	1	0	0	0	0	0	0	0	1	0	0	0	0	0	0	0	0	0	0	6	13	0	0	0	0	0	0
fsh-generated/resources/Task-ExampleERPEUTaskInReadyState.json	2765	2	0	0	0	0	0	0	0	0	0	0	0	0	0	0	0	0	0	0	7	8	0	0	0	0	0	0
fsh-generated/resources/Task-ExampleRxTaskInReadyState.json	138	0	0	0	0	0	0	0	0	0	0	0	0	0	0	0	0	0	0	0	2	3	0	0	0	0	0	0
fsh-generated/resources/Task-TaskInClosedState.json	2816	1	0	0	0	0	0	0	0	0	0	0	0	0	0	0	0	0	0	0	5	12	0	0	0	0	0	0
fsh-generated/resources/Task-TaskInCreatedState.json	1582	1	0	0	0	0	0	0	1	0	0	0	0	0	0	0	0	0	0	0	3	4	0	0	0	0	0	0
fsh-generated/resources/Task-TaskInReadyState.json	2454	1	0	0	0	0	0	0	0	0	0	0	0	0	0	0	0	0	0	0	4	10	0	0	0	0	0	0
fsh-generated/resources/Task-d70932d1-9e1c-483c-b2d4-b7dced09b35e.json	2148	1	0	0	0	0	0	0	0	0	0	0	0	0	0	0	0	0	0	0	4	7	0	0	0	0	0	0
fsh-generated/resources/Task-f5c21409-b84b-4125-8649-5630a00906b1.json	2645	2	0	0	1	0	0	0	0	0	0	0	0	0	0	0	0	0	0	0	5	12	0	0	0	0	0	0
fsh-generated/resources/ValueSet-GEM-ERP-VS-OrganizationType.json	1029	0	0	0	0	0	0	0	0	807	0	0	0	0	0	0	0	0	0	0	5	123	0	0	0	0	0	0
fsh-generated/resources/ValueSet-GEM-ERPEU-VS-Consent-PolicyRule.json	797	1	0	0	0	0	0	0	1	4	0	0	0	0	0	0	0	0	0	0	7	57	0	0	0	0	0	0
fsh-generated/resources/ValueSet-GEM-ERPEU-VS-ConsentType.json	693	0	0	0	0	0	0	0	0	1	0	0	0	0	0	0	0	0	0	0	6	42	0	0	0	1	0	0
fsh-generated/resources/ValueSet-GEM-ERPEU-VS-RequestType.json	686	1	0	0	0	0	0	0	0	1	0	0	0	0	0	0	0	0	0	0	5	42	0	0	0	0	0	0
fsh-generated/resources/ValueSet-tiflow-erezept-operation-outcome-details-vs.json	5554	1	0	0	1	0	0	0	0	9	0	0	0	0	0	0	0	0	0	0	25	80	0	0	0	1	0	0
input/resources/kbv-bundles/Bundle-input-example-1.json	14815	5	20	0	0	0	0	0	2	0	0	0	0	0	0	0	0	0	0	0	15	1883	0	0	0	0	0	0
input/resources/kbv-bundles/Bundle-input-example-2.json	16123	5	6	0	0	0	0	0	1	0	0	0	0	0	0	0	0	0	0	0	16	1212	0	0	0	0	0	0
input/resources/kbv-bundles/Bundle-input-example-3.json	15035	4	3	0	0	0	0	0	1	0	0	0	0	0	0	0	0	0	0	0	18	1163	0	0	0	0	0	0
input/resources/kbv-bundles/Bundle-input-example-4.json	15820	5	3	0	0	0	0	0	1	0	0	0	0	0	0	0	0	0	0	0	15	1182	0	0	0	0	0	0
input/resources/kbv-bundles/Bundle-input-example-5.json	16672	5	2	0	0	0	0	0	2	0	0	0	0	0	0	0	0	1	0	0	17	1138	0	0	0	0	0	0
input/resources/structuremaps/StructureMap-GEMErpPrMedication-to-EPAMedication.json	1166	0	0	0	0	0	0	0	0	3	0	0	0	0	0	0	0	0	0	0	8	7	0	0	0	0	0	0
input/resources/structuremaps/StructureMap-GEMErpPrMedicationdispense-to-EPAMedicationDispense.json	1295	1	0	0	0	0	0	0	0	2	0	0	0	0	0	0	0	0	0	0	8	5	0	0	0	0	0	0
input/resources/structuremaps/StructureMap-KBVPrErpBundle-to-EPAOpProvidePrescriptionERPInputParameters.json	35678	5	0	0	0	0	0	0	2	18	0	0	0	0	0	0	0	0	0	0	60	21	0	0	0	3	0	0
input/resources/structuremaps/StructureMap-KBVPrErpMedicationCompounding-to-EPAMedication.json	22543	3	0	0	0	0	0	0	2	9	0	0	0	0	0	0	0	0	0	0	44	23	0	0	0	1	0	0
input/resources/structuremaps/StructureMap-KBVPrErpMedicationFreetext-to-EPAMedication.json	13669	3	0	0	0	0	0	0	1	7	0	0	0	0	0	0	0	0	0	0	28	9	0	0	0	2	0	0
input/resources/structuremaps/StructureMap-KBVPrErpMedicationIngredient-to-EPAMedication.json	17746	3	0	0	0	0	0	0	1	8	0	0	0	0	0	0	0	0	0	0	36	10	0	0	0	1	0	1
input/resources/structuremaps/StructureMap-KBVPrErpMedicationPzn-to-EPAMedication.json	17673	3	0	0	0	0	0	0	1	7	0	0	0	0	0	0	0	0	0	0	35	15	0	0	0	1	0	0
input/resources/structuremaps/StructureMap-KBVPrErpPrescription-to-EPAMedicationRequest.json	84515	11	0	0	1	0	0	0	5	31	0	0	0	0	0	0	0	0	0	0	146	42	0	0	0	6	0	0
input/resources/structuremaps/StructureMap-KBVPrForOrganization-to-OrganizationDirectory.json	121808	17	0	0	0	0	0	0	7	41	0	0	0	0	0	0	0	0	0	0	190	43	0	0	0	8	0	0
input/resources/structuremaps/StructureMap-KBVPrForPractitioner-to-PractitionerDirectory.json	9527	2	0	0	0	0	0	0	1	5	0	0	0	0	0	0	0	0	0	0	21	11	0	0	0	1	0	0
input/resources/transformed-kbv-bundles/Parameters-output-example-1.json	8321	3	0	0	0	0	0	0	0	0	0	0	0	0	0	0	0	0	0	0	11	453	0	0	0	0	0	0
input/resources/transformed-kbv-bundles/Parameters-output-example-2.json	8451	2	0	0	0	0	0	0	1	0	0	0	0	0	0	0	0	0	0	0	12	725	0	0	0	0	0	0
input/resources/transformed-kbv-bundles/Parameters-output-example-3.json	7942	2	0	0	0	0	0	0	1	0	0	0	0	0	0	0	0	0	0	0	10	281	0	0	0	0	0	0
input/resources/transformed-kbv-bundles/Parameters-output-example-4.json	8714	3	0	0	0	0	0	0	0	0	0	0	0	0	0	0	0	0	0	0	9	767	0	0	0	0	0	0
input/resources/transformed-kbv-bundles/Parameters-output-example-5.json	8819	2	0	0	0	0	0	0	1	0	0	0	0	0	0	0	0	0	0	0	9	280	0	0	0	0	0	0
/input/includes/transformation-rules-details-table.html	5742	-	-	-	0	0	0	0	0	0	0	0	0	0	0	0	0	0	0	0	0	1	0	0	0	0	0	0
/input/includes/provide-prescription-mapping-links.md	335	-	-	-	0	0	0	0	0	0	0	0	0	0	0	0	0	0	0	0	0	0	0	0	0	0	0	0
/input/includes/use-case-details-table.html	1925	-	-	-	0	0	0	0	0	0	0	0	0	0	0	0	0	0	0	0	0	0	0	0	0	0	0	0
/input/includes/use-case-overview.table.html	635	-	-	-	0	0	0	0	0	0	0	0	0	0	0	0	0	0	0	0	0	1	0	0	0	0	0	0
/input/includes/use-case-diagram.html	348	-	-	-	0	0	0	0	0	0	0	0	0	0	0	0	0	0	0	0	0	0	0	0	0	0	0	0
/input/includes/headline-style.html	818	-	-	-	0	0	0	0	0	0	0	0	0	0	0	0	0	0	0	0	0	0	0	0	0	0	0	0
/fsh-generated/includes/menu.xml	3868	-	-	-	0	0	0	0	0	0	0	0	0	0	0	0	0	0	0	0	0	0	0	0	0	0	0	0
/fsh-generated/includes/fsh-link-references.md	14522	-	-	-	0	0	0	0	0	0	0	0	0	0	0	0	0	0	0	0	0	1	0	0	0	0	0	0
/input/data/use-cases.yaml	18610	-	-	-	0	0	0	0	0	0	0	0	0	0	0	0	0	0	0	0	0	0	0	0	0	0	0	0
/input/data/transformation-rules.yaml	18410	-	-	-	0	0	0	0	0	0	0	0	0	0	0	0	0	0	0	0	0	0	0	0	0	0	0	0
/input/data/bibliography.yaml	3146	-	-	-	0	0	0	0	0	0	0	0	0	0	0	0	0	0	0	0	0	0	0	0	0	0	0	0
/input/data/release-notes.json	156125	-	-	-	0	0	0	0	0	0	0	0	0	0	0	0	0	0	0	0	0	0	0	0	0	0	0	0
/input/data/constants.yaml	67	-	-	-	0	0	0	0	0	0	0	0	0	0	0	0	0	0	0	0	0	0	0	0	0	0	0	0
/input/data/roles.yaml	62	-	-	-	0	0	0	0	0	0	0	0	0	0	0	0	0	0	0	0	0	0	0	0	0	0	0	0
/input/data/requirements.json	390069	-	-	-	0	0	0	0	0	0	0	0	0	0	0	0	0	0	0	0	0	0	0	0	0	0	0	0
/input/data/gen-use-cases.yaml	43951	-	-	-	0	0	0	0	0	0	0	0	0	0	0	0	0	0	0	0	0	0	0	0	0	0	0	0
/input/intro-notes/StructureMap-GEMErpPrMedicationMap-intro.md	69	-	-	-	0	0	0	0	0	0	0	0	0	0	0	0	0	0	0	0	0	0	0	0	0	0	0	0
/input/intro-notes/StructureMap-EPAMedicationMap-intro.md	2836	-	-	-	0	0	0	0	0	0	0	0	0	0	0	0	0	0	0	0	0	0	0	0	0	0	0	0
/input/intro-notes/StructureMap-KBVPrErpMedicationPznMap-intro.md	2952	-	-	-	0	0	0	0	0	0	0	0	0	0	0	0	0	0	0	0	0	1	0	0	0	0	0	0
/input/intro-notes/StructureMap-KBVPrErpMedicationIngredientMap-intro.md	2577	-	-	-	0	0	0	0	0	0	0	0	0	0	0	0	0	0	0	0	0	0	0	0	0	0	0	0
/input/intro-notes/StructureMap-KBVPrErpMedicationCompoundingMap-intro.md	4316	-	-	-	0	0	0	0	0	0	0	0	0	0	0	0	0	0	0	0	0	0	0	0	0	0	0	0
/input/intro-notes/StructureMap-KBVPrForPractitionerMap-intro.md	1092	-	-	-	0	0	0	0	0	0	0	0	0	0	0	0	0	0	0	0	0	0	0	0	0	0	0	0
/input/intro-notes/StructureMap-KBVPrErpMedicationFreetextMap-intro.md	1793	-	-	-	0	0	0	0	0	0	0	0	0	0	0	0	0	0	0	0	0	0	0	0	0	0	0	0
/input/intro-notes/StructureMap-KBVPrErpPrescriptionMap-intro.md	13561	-	-	-	0	0	0	0	0	0	0	0	0	0	0	0	0	0	0	0	0	1	0	0	0	0	0	0
/input/intro-notes/StructureMap-KBVPrForOrganizationMap-intro.md	11398	-	-	-	0	0	0	0	0	0	0	0	0	0	0	0	0	0	0	0	0	0	0	0	0	0	0	0
/input/intro-notes/StructureDefinition-TIFlowFachdienstRxServer-intro.md	174	-	-	-	0	0	0	0	0	0	0	0	0	0	0	0	0	0	0	0	0	0	0	0	0	0	0	0
/input/intro-notes/StructureMap-KBVPrErpBundleMap-intro.md	6281	-	-	-	0	0	0	0	0	0	0	0	0	0	0	0	0	0	0	0	0	1	0	0	0	0	0	0
/input/intro-notes/StructureMap-GEMErpPrMedicationdispenseMap-intro.md	69	-	-	-	0	0	0	0	0	0	0	0	0	0	0	0	0	0	0	0	0	0	0	0	0	0	0	0
/input/pagecontent/query-api-task-req-fdv.md	5680	-	-	-	0	0	0	0	0	0	0	0	0	0	0	0	0	0	0	0	0	0	0	0	0	0	0	0
/input/pagecontent/op-reject-req-avs.md	395	-	-	-	0	0	0	0	0	0	0	0	0	0	0	0	0	0	0	0	0	0	0	0	0	0	0	0
/input/pagecontent/menu-technische-umsetzung-kim.md	4165	-	-	-	0	0	0	0	0	0	0	0	0	0	0	0	0	0	0	0	0	0	0	0	0	0	0	0
/input/pagecontent/op-get-eu-prescriptions.md	3190	-	-	-	0	0	0	0	0	0	0	0	0	0	0	0	0	0	0	0	0	5	0	0	0	0	0	0
/input/pagecontent/mapping-prescription-medication-pzn.md	1302	-	-	-	0	0	0	0	0	0	0	0	0	0	0	0	0	0	0	0	0	0	0	0	0	0	0	0
/input/pagecontent/op-eu-close.md	1826	-	-	-	0	0	0	0	0	0	0	0	0	0	0	0	0	0	0	0	0	6	0	0	0	0	0	0
/input/pagecontent/menu-fachlichkeit-wf-le.md	6723	-	-	-	0	0	0	0	0	0	0	0	0	0	0	0	0	0	0	0	0	0	0	0	0	0	0	0
/input/pagecontent/menu-fachlichkeit-t-rezept.md	19896	-	-	-	0	0	0	0	0	0	0	0	0	0	0	0	0	0	0	0	0	1	0	0	0	0	0	0
/input/pagecontent/op-activate.md	2653	-	-	-	0	0	0	0	0	0	0	0	0	0	0	0	0	0	0	0	0	3	0	0	0	0	0	0
/input/pagecontent/mapping-prescription-medicationrequest.md	1199	-	-	-	0	0	0	0	0	0	0	0	0	0	0	0	0	0	0	0	0	0	0	0	0	0	0	0
/input/pagecontent/query-api-medicationdispense-req-fd.md	410	-	-	-	0	0	0	0	0	0	0	0	0	0	0	0	0	0	0	0	0	0	0	0	0	0	0	0
/input/pagecontent/op-close.md	3053	-	-	-	0	0	0	0	0	0	0	0	0	0	0	0	0	0	0	0	0	5	0	0	0	0	0	0
/input/pagecontent/op-abort.md	1970	-	-	-	0	0	0	0	0	0	0	0	0	0	0	0	0	0	0	0	0	0	0	0	0	0	0	0
/input/pagecontent/op-read-eu-access-permission-req-fd.md	2287	-	-	-	0	0	0	0	0	0	0	0	0	0	0	0	0	0	0	0	0	0	0	0	0	0	0	0
/input/pagecontent/op-accept-req-fd.md	5187	-	-	-	0	0	0	0	0	0	0	0	0	0	0	0	0	0	0	0	0	1	0	0	0	0	0	0
/input/pagecontent/menu-fachlichkeit-szenario-eu.md	5504	-	-	-	0	0	0	0	0	0	0	0	0	0	0	0	0	0	0	0	0	0	0	0	0	0	0	0
/input/pagecontent/mapping-prescription-medication-freetext.md	1322	-	-	-	0	0	0	0	0	0	0	0	0	0	0	0	0	0	0	0	0	0	0	0	0	0	0	0
/input/pagecontent/ttl.md	4316	-	-	-	0	0	0	0	0	0	0	0	0	0	0	0	0	0	0	0	0	0	0	0	0	0	0	0
/input/pagecontent/mapping-prescription-medication.md	1786	-	-	-	0	0	0	0	0	0	0	0	0	0	0	0	0	0	0	0	0	0	0	0	0	0	0	0
/input/pagecontent/op-read-eu-access-permission-req-fdv.md	807	-	-	-	0	0	0	0	0	0	0	0	0	0	0	0	0	0	0	0	0	0	0	0	0	0	0	0
/input/pagecontent/menu-schnittstellen-query-api.md	427	-	-	-	0	0	0	0	0	0	0	0	0	0	0	0	0	0	0	0	0	0	0	0	0	0	0	0
/input/pagecontent/query-api-medicationdispense-req-fdv.md	2190	-	-	-	0	0	0	0	0	0	0	0	0	0	0	0	0	0	0	0	0	0	0	0	0	0	0	0
/input/pagecontent/index.md	6912	-	-	-	0	0	0	0	0	0	0	0	0	0	0	0	0	0	0	0	0	1	0	0	0	0	0	0
/input/pagecontent/comparison-Bundle-input-example-2.md	15329	-	-	-	0	0	0	0	0	0	0	0	0	0	0	0	0	0	0	0	0	0	0	0	0	0	0	0
/input/pagecontent/op-activate-req-pvs.md	9417	-	-	-	0	0	0	0	0	0	0	0	0	0	0	0	0	0	0	0	0	1	0	0	0	0	0	0
/input/pagecontent/menu-fachlichkeit-e-rezept.md	14465	-	-	-	0	0	0	0	0	0	0	0	0	0	0	0	0	0	0	0	0	0	0	0	0	0	0	0
/input/pagecontent/op-grant-eu-access-permission-req-fd.md	8569	-	-	-	0	0	0	0	0	0	0	0	0	0	0	0	0	0	0	0	0	1	0	0	0	0	0	0
/input/pagecontent/query-api-communication-req-fd.md	546	-	-	-	0	0	0	0	0	0	0	0	0	0	0	0	0	0	0	0	0	0	0	0	0	0	0	0
/input/pagecontent/menu-technische-umsetzung-abgabedatensatz.md	2682	-	-	-	0	0	0	0	0	0	0	0	0	0	0	0	0	0	0	0	0	0	0	0	0	0	0	0
/input/pagecontent/op-get-eu-prescriptions-req-ncpeha.md	214	-	-	-	0	0	0	0	0	0	0	0	0	0	0	0	0	0	0	0	0	0	0	0	0	0	0	0
/input/pagecontent/provide-prescription-mappings.md	579	-	-	-	0	0	0	0	0	0	0	0	0	0	0	0	0	0	0	0	0	0	0	0	0	0	0	0
/input/pagecontent/op-accept-req-avs.md	3859	-	-	-	0	0	0	0	0	0	0	0	0	0	0	0	0	0	0	0	0	0	0	0	0	0	0	0
/input/pagecontent/op-get-eu-prescriptions-req-fd.md	18512	-	-	-	0	0	0	0	0	0	0	0	0	0	0	0	0	0	0	0	0	1	0	0	0	0	0	0
/input/pagecontent/query-api-communication.md	7335	-	-	-	0	0	0	0	0	0	0	0	0	0	0	0	0	0	0	0	0	3	0	0	0	0	0	0
/input/pagecontent/menu-technische-umsetzung-datenschutz-und-sicherheit.md	11167	-	-	-	0	0	0	0	0	0	0	0	0	0	0	0	0	0	0	0	0	0	0	0	0	0	0	0
/input/pagecontent/mapping-prescription.md	2797	-	-	-	0	0	0	0	0	0	0	0	0	0	0	0	0	0	0	0	0	0	0	0	0	0	0	0
/input/pagecontent/op-accept.md	2239	-	-	-	0	0	0	0	0	0	0	0	0	0	0	0	0	0	0	0	0	2	0	0	0	0	0	0
/input/pagecontent/op-activate-req-fd.md	48112	-	-	-	0	0	0	0	0	0	0	0	0	0	0	0	0	0	0	0	0	1	0	0	0	0	0	0
/input/pagecontent/downloads.md	2403	-	-	-	0	0	0	0	0	0	0	0	0	0	0	0	0	0	0	0	0	0	0	0	0	0	0	0
/input/pagecontent/release-notes.md	318	-	-	-	0	0	0	0	0	0	0	0	0	0	0	0	0	0	0	0	0	0	0	0	0	0	0	0
/input/pagecontent/menu-schnittstellen-operation-api.md	1307	-	-	-	0	0	0	0	0	0	0	0	0	0	0	0	0	0	0	0	0	0	0	0	0	0	0	0
/input/pagecontent/referenced.md	1464	-	-	-	0	0	0	0	0	0	0	0	0	0	0	0	0	0	0	0	0	0	0	0	0	0	0	0
/input/pagecontent/op-reject.md	1879	-	-	-	0	0	0	0	0	0	0	0	0	0	0	0	0	0	0	0	0	1	0	0	0	0	0	0
/input/pagecontent/comparison-Bundle-input-example-1.md	14691	-	-	-	0	0	0	0	0	0	0	0	0	0	0	0	0	0	0	0	0	0	0	0	0	0	0	0
/input/pagecontent/menu-technische-umsetzung-konzept.md	5763	-	-	-	0	0	0	0	0	0	0	0	0	0	0	0	0	0	0	0	0	0	0	0	0	0	0	0
/input/pagecontent/license.md	13216	-	-	-	0	0	0	0	0	0	0	0	0	0	0	0	0	0	0	0	0	0	0	0	0	0	0	0
/input/pagecontent/op-create-req-fd.md	1146	-	-	-	0	0	0	0	0	0	0	0	0	0	0	0	0	0	0	0	0	0	0	0	0	0	0	0
/input/pagecontent/op-dispense-req-fd.md	11745	-	-	-	0	0	0	0	0	0	0	0	0	0	0	0	0	0	0	0	0	1	0	0	0	0	0	0
/input/pagecontent/mapping-prescription-bundle-parameters.md	1350	-	-	-	0	0	0	0	0	0	0	0	0	0	0	0	0	0	0	0	0	0	0	0	0	0	0	0
/input/pagecontent/query-api-communication-req-avs.md	3250	-	-	-	0	0	0	0	0	0	0	0	0	0	0	0	0	0	0	0	0	0	0	0	0	0	0	0
/input/pagecontent/op-eu-close-req-ncpeha.md	214	-	-	-	0	0	0	0	0	0	0	0	0	0	0	0	0	0	0	0	0	0	0	0	0	0	0	0
/input/pagecontent/menu-technische-umsetzung-anwendungsfaelle.md	22457	-	-	-	0	0	0	0	0	0	0	0	0	0	0	0	0	0	0	0	0	0	0	0	0	0	0	0
/input/pagecontent/op-abort-req-avs.md	303	-	-	-	0	0	0	0	0	0	0	0	0	0	0	0	0	0	0	0	0	0	0	0	0	0	0	0
/input/pagecontent/query-api-medicationdispense.md	2806	-	-	-	0	0	0	0	0	0	0	0	0	0	0	0	0	0	0	0	0	3	0	0	0	0	0	0
/input/pagecontent/mapping-prescription-medication-ingredient.md	1327	-	-	-	0	0	0	0	0	0	0	0	0	0	0	0	0	0	0	0	0	0	0	0	0	0	0	0
/input/pagecontent/comparison-Bundle-input-example-4.md	16054	-	-	-	0	0	0	0	0	0	0	0	0	0	0	0	0	0	0	0	0	0	0	0	0	0	0	0
/input/pagecontent/op-eu-close-req-fd.md	9189	-	-	-	0	0	0	0	0	0	0	0	0	0	0	0	0	0	0	0	0	1	0	0	0	0	0	0
/input/pagecontent/op-abort-req-fdv.md	911	-	-	-	0	0	0	0	0	0	0	0	0	0	0	0	0	0	0	0	0	0	0	0	0	0	0	0
/input/pagecontent/query-api-task-req-avs.md	3530	-	-	-	0	0	0	0	0	0	0	0	0	0	0	0	0	0	0	0	0	0	0	0	0	0	0	0
/input/pagecontent/menu-fachlichkeit.md	654	-	-	-	0	0	0	0	0	0	0	0	0	0	0	0	0	0	0	0	0	0	0	0	0	0	0	0
/input/pagecontent/mapping-prescription-organization.md	1199	-	-	-	0	0	0	0	0	0	0	0	0	0	0	0	0	0	0	0	0	0	0	0	0	0	0	0
/input/pagecontent/menu-technisch.md	584	-	-	-	0	0	0	0	0	0	0	0	0	0	0	0	0	0	0	0	0	0	0	0	0	0	0	0
/input/pagecontent/op-dispense.md	1774	-	-	-	0	0	0	0	0	0	0	0	0	0	0	0	0	0	0	0	0	2	0	0	0	0	0	0
/input/pagecontent/menu-fachlichkeit-mvo.md	10252	-	-	-	0	0	0	0	0	0	0	0	0	0	0	0	0	0	0	0	0	0	0	0	0	0	0	0
/input/pagecontent/comparison-Bundle-input-example-3.md	13371	-	-	-	0	0	0	0	0	0	0	0	0	0	0	0	0	0	0	0	0	0	0	0	0	0	0	0
/input/pagecontent/op-revoke-eu-access-permission-req-fd.md	2201	-	-	-	0	0	0	0	0	0	0	0	0	0	0	0	0	0	0	0	0	0	0	0	0	0	0	0
/input/pagecontent/op-abort-req-fd.md	9674	-	-	-	0	0	0	0	0	0	0	0	0	0	0	0	0	0	0	0	0	0	0	0	0	0	0	0
/input/pagecontent/query-api-task-req-fd.md	6066	-	-	-	0	0	0	0	0	0	0	0	0	0	0	0	0	0	0	0	0	0	0	0	0	0	0	0
/input/pagecontent/op-read-eu-access-permission.md	1829	-	-	-	0	0	0	0	0	0	0	0	0	0	0	0	0	0	0	0	0	1	0	0	0	0	0	0
/input/pagecontent/query-api-consent.md	3435	-	-	-	0	0	0	0	0	0	0	0	0	0	0	0	0	0	0	0	0	1	0	0	0	0	0	0
/input/pagecontent/op-create-req-pvs.md	433	-	-	-	0	0	0	0	0	0	0	0	0	0	0	0	0	0	0	0	0	0	0	0	0	0	0	0
/input/pagecontent/query-api-consent-req-fd.md	994	-	-	-	0	0	0	0	0	0	0	0	0	0	0	0	0	0	0	0	0	0	0	0	0	0	0	0
/input/pagecontent/query-api-communication-req-fdv.md	8009	-	-	-	0	0	0	0	0	0	0	0	0	0	0	0	0	0	0	0	0	0	0	0	0	0	0	0
/input/pagecontent/query-api-task.md	4224	-	-	-	0	0	0	0	0	0	0	0	0	0	0	0	0	0	0	0	0	6	0	0	0	0	0	0
/input/pagecontent/op-reject-req-fd.md	3712	-	-	-	0	0	0	0	0	0	0	0	0	0	0	0	0	0	0	0	0	0	0	0	0	0	0	0
/input/pagecontent/op-close-req-avs.md	602	-	-	-	0	0	0	0	0	0	0	0	0	0	0	0	0	0	0	0	0	1	0	0	0	0	0	0
/input/pagecontent/menu-technische-umsetzung-mapping.md	4263	-	-	-	0	0	0	0	0	0	0	0	0	0	0	0	0	0	0	0	0	0	0	0	0	0	0	0
/input/pagecontent/op-abort-req-pvs.md	303	-	-	-	0	0	0	0	0	0	0	0	0	0	0	0	0	0	0	0	0	0	0	0	0	0	0	0
/input/pagecontent/menu-fachlichkeit-ux-verordnend.md	56441	-	-	-	0	0	0	0	0	0	0	0	0	0	0	0	0	0	0	0	0	0	0	0	0	0	0	0
/input/pagecontent/comparison-Bundle-input-example-5.md	16337	-	-	-	0	0	0	0	0	0	0	0	0	0	0	0	0	0	0	0	0	1	0	0	0	0	0	0
/input/pagecontent/menu-technische-umsetzung-audit-service.md	10939	-	-	-	0	0	0	0	0	0	0	0	0	0	0	0	0	0	0	0	0	0	0	0	0	0	0	0
/input/pagecontent/op-create.md	3066	-	-	-	0	0	0	0	0	0	0	0	0	0	0	0	0	0	0	0	0	1	0	0	0	0	0	0
/input/pagecontent/op-grant-eu-access-permission-req-fdv.md	4340	-	-	-	0	0	0	0	0	0	0	0	0	0	0	0	0	0	0	0	0	0	0	0	0	0	0	0
/input/pagecontent/query-api-communication-req-data.md	13741	-	-	-	0	0	0	0	0	0	0	0	0	0	0	0	0	0	0	0	0	0	0	0	0	0	0	0
/input/pagecontent/menu-technische-umsetzung-dispensierinformationen.md	9319	-	-	-	0	0	0	0	0	0	0	0	0	0	0	0	0	0	0	0	0	0	0	0	0	0	0	0
/input/pagecontent/op-revoke-eu-access-permission.md	1160	-	-	-	0	0	0	0	0	0	0	0	0	0	0	0	0	0	0	0	0	0	0	0	0	0	0	0
/input/pagecontent/artifacts.md	6602	-	-	-	0	0	0	0	0	0	0	0	0	0	0	0	0	0	0	0	0	1	0	0	0	0	0	0
/input/pagecontent/op-close-req-fd.md	7281	-	-	-	0	0	0	0	0	0	0	0	0	0	0	0	0	0	0	0	0	0	0	0	0	0	0	0
/input/pagecontent/op-revoke-eu-access-permission-req-fdv.md	1393	-	-	-	0	0	0	0	0	0	0	0	0	0	0	0	0	0	0	0	0	0	0	0	0	0	0	0
/input/pagecontent/op-grant-eu-access-permission.md	2110	-	-	-	0	0	0	0	0	0	0	0	0	0	0	0	0	0	0	0	0	0	0	1	0	0	0	0
/input/pagecontent/mapping-prescription-practitioner.md	1319	-	-	-	0	0	0	0	0	0	0	0	0	0	0	0	0	0	0	0	0	0	0	0	0	0	0	0
/input/pagecontent/op-dispense-req-avs.md	1963	-	-	-	0	0	0	0	0	0	0	0	0	0	0	0	0	0	0	0	0	1	0	0	0	0	0	0
/input/pagecontent/mapping-dispensation.md	2485	-	-	-	0	0	0	0	0	0	0	0	0	0	0	0	0	0	0	0	0	0	0	0	0	0	0	0
/input/pagecontent/mapping-prescription-medication-compounding.md	1494	-	-	-	0	0	0	0	0	0	0	0	0	0	0	0	0	0	0	0	0	0	0	0	0	0	0	0
/input/pagecontent/menu-fachlichkeit-ux-abgebend.md	39592	-	-	-	0	0	0	0	0	0	0	0	0	0	0	0	0	0	0	0	0	0	0	0	0	0	0	0
/input/pagecontent/query-api-consent-req-fdv.md	611	-	-	-	0	0	0	0	0	0	0	0	0	0	0	0	0	0	0	0	0	0	0	0	0	0	0	0
/input/pagecontent/menu-technische-umsetzung-dosierung.md	5167	-	-	-	0	0	0	0	0	0	0	0	0	0	0	0	0	0	0	0	0	1	0	0	0	0	0	0
/input/content	0	-	-	-	0	0	0	0	0	0	0	0	0	0	0	0	0	0	0	0	0	0	0	0	0	0	0	0
/input/content/polarion-requirements.json	430949	-	-	-	0	0	0	0	0	0	0	0	0	0	0	0	0	0	0	0	0	0	0	0	0	0	0	0
/input/content/assets	0	-	-	-	0	0	0	0	0	0	0	0	0	0	0	0	0	0	0	0	0	0	0	0	0	0	0	0
/input/content/assets/js	0	-	-	-	0	0	0	0	0	0	0	0	0	0	0	0	0	0	0	0	0	0	0	0	0	0	0	0
/input/content/assets/js/heading-links.js	2268	-	-	-	0	0	0	0	0	0	0	0	0	0	0	0	0	0	0	0	0	0	0	0	0	0	0	0
/input/pagecontent	0	-	-	-	0	0	0	0	0	0	0	0	0	0	0	0	0	0	0	0	0	0	0	0	0	0	0	0
/input/pagecontent/query-api-task-req-fdv.md	5680	-	-	-	0	0	0	0	0	0	0	0	0	0	0	0	0	0	0	0	0	0	0	0	0	0	0	0
/input/pagecontent/op-reject-req-avs.md	395	-	-	-	0	0	0	0	0	0	0	0	0	0	0	0	0	0	0	0	0	0	0	0	0	0	0	0
/input/pagecontent/menu-technische-umsetzung-kim.md	4165	-	-	-	0	0	0	0	0	0	0	0	0	0	0	0	0	0	0	0	0	0	0	0	0	0	0	0
/input/pagecontent/op-get-eu-prescriptions.md	3190	-	-	-	0	0	0	0	0	0	0	0	0	0	0	0	0	0	0	0	0	4	0	0	0	0	0	0
/input/pagecontent/mapping-prescription-medication-pzn.md	1302	-	-	-	0	0	0	0	0	0	0	0	0	0	0	0	0	0	0	0	0	0	0	0	0	0	0	0
/input/pagecontent/op-eu-close.md	1826	-	-	-	0	0	0	0	0	0	0	0	0	0	0	0	0	0	0	0	0	5	0	0	0	0	0	0
/input/pagecontent/menu-fachlichkeit-wf-le.md	6723	-	-	-	0	0	0	0	0	0	0	0	0	0	0	0	0	0	0	0	0	0	0	0	0	0	0	0
/input/pagecontent/menu-fachlichkeit-t-rezept.md	19896	-	-	-	0	0	0	0	0	0	0	0	0	0	0	0	0	0	0	0	0	0	0	0	0	0	0	0
/input/pagecontent/op-activate.md	2653	-	-	-	0	0	0	0	0	0	0	0	0	0	0	0	0	0	0	0	0	3	0	0	0	0	0	0
/input/pagecontent/mapping-prescription-medicationrequest.md	1199	-	-	-	0	0	0	0	0	0	0	0	0	0	0	0	0	0	0	0	0	0	0	0	0	0	0	0
/input/pagecontent/query-api-medicationdispense-req-fd.md	410	-	-	-	0	0	0	0	0	0	0	0	0	0	0	0	0	0	0	0	0	0	0	0	0	0	0	0
/input/pagecontent/op-close.md	3053	-	-	-	0	0	0	0	0	0	0	0	0	0	0	0	0	0	0	0	0	5	0	0	0	0	0	0
/input/pagecontent/op-abort.md	1970	-	-	-	0	0	0	0	0	0	0	0	0	0	0	0	0	0	0	0	0	0	0	0	0	0	0	0
/input/pagecontent/op-read-eu-access-permission-req-fd.md	2287	-	-	-	0	0	0	0	0	0	0	0	0	0	0	0	0	0	0	0	0	0	0	0	0	0	0	0
/input/pagecontent/op-accept-req-fd.md	5187	-	-	-	0	0	0	0	0	0	0	0	0	0	0	0	0	0	0	0	0	1	0	0	0	0	0	0
/input/pagecontent/menu-fachlichkeit-szenario-eu.md	5504	-	-	-	0	0	0	0	0	0	0	0	0	0	0	0	0	0	0	0	0	0	0	0	0	0	0	0
/input/pagecontent/mapping-prescription-medication-freetext.md	1322	-	-	-	0	0	0	0	0	0	0	0	0	0	0	0	0	0	0	0	0	0	0	0	0	0	0	0
/input/pagecontent/ttl.md	4316	-	-	-	0	0	0	0	0	0	0	0	0	0	0	0	0	0	0	0	0	0	0	0	0	0	0	0
/input/pagecontent/mapping-prescription-medication.md	1786	-	-	-	0	0	0	0	0	0	0	0	0	0	0	0	0	0	0	0	0	0	0	0	0	0	0	0
/input/pagecontent/op-read-eu-access-permission-req-fdv.md	807	-	-	-	0	0	0	0	0	0	0	0	0	0	0	0	0	0	0	0	0	0	0	0	0	0	0	0
/input/pagecontent/menu-schnittstellen-query-api.md	427	-	-	-	0	0	0	0	0	0	0	0	0	0	0	0	0	0	0	0	0	0	0	0	0	0	0	0
/input/pagecontent/query-api-medicationdispense-req-fdv.md	2190	-	-	-	0	0	0	0	0	0	0	0	0	0	0	0	0	0	0	0	0	0	0	0	0	0	0	0
/input/pagecontent/index.md	6912	-	-	-	0	0	0	0	0	0	0	0	0	0	0	0	0	0	0	0	0	0	0	0	0	0	0	0
/input/pagecontent/comparison-Bundle-input-example-2.md	15329	-	-	-	0	0	0	0	0	0	0	0	0	0	0	0	0	0	0	0	0	0	0	0	0	0	0	0
/input/pagecontent/op-activate-req-pvs.md	9417	-	-	-	0	0	0	0	0	0	0	0	0	0	0	0	0	0	0	0	0	1	0	0	0	0	0	0
/input/pagecontent/menu-fachlichkeit-e-rezept.md	14465	-	-	-	0	0	0	0	0	0	0	0	0	0	0	0	0	0	0	0	0	0	0	0	0	0	0	0
/input/pagecontent/op-grant-eu-access-permission-req-fd.md	8569	-	-	-	0	0	0	0	0	0	0	0	0	0	0	0	0	0	0	0	0	0	0	0	0	0	0	0
/input/pagecontent/query-api-communication-req-fd.md	546	-	-	-	0	0	0	0	0	0	0	0	0	0	0	0	0	0	0	0	0	0	0	0	0	0	0	0
/input/pagecontent/menu-technische-umsetzung-abgabedatensatz.md	2682	-	-	-	0	0	0	0	0	0	0	0	0	0	0	0	0	0	0	0	0	0	0	0	0	0	0	0
/input/pagecontent/op-get-eu-prescriptions-req-ncpeha.md	214	-	-	-	0	0	0	0	0	0	0	0	0	0	0	0	0	0	0	0	0	0	0	0	0	0	0	0
/input/pagecontent/provide-prescription-mappings.md	579	-	-	-	0	0	0	0	0	0	0	0	0	0	0	0	0	0	0	0	0	0	0	0	0	0	0	0
/input/pagecontent/op-accept-req-avs.md	3859	-	-	-	0	0	0	0	0	0	0	0	0	0	0	0	0	0	0	0	0	0	0	0	0	0	0	0
/input/pagecontent/op-get-eu-prescriptions-req-fd.md	18512	-	-	-	0	0	0	0	0	0	0	0	0	0	0	0	0	0	0	0	0	1	0	0	0	0	0	0
/input/pagecontent/query-api-communication.md	7335	-	-	-	0	0	0	0	0	0	0	0	0	0	0	0	0	0	0	0	0	2	0	0	0	0	0	0
/input/pagecontent/menu-technische-umsetzung-datenschutz-und-sicherheit.md	11167	-	-	-	0	0	0	0	0	0	0	0	0	0	0	0	0	0	0	0	0	1	0	0	0	0	0	0
/input/pagecontent/mapping-prescription.md	2797	-	-	-	0	0	0	0	0	0	0	0	0	0	0	0	0	0	0	0	0	0	0	0	0	0	0	0
/input/pagecontent/op-accept.md	2239	-	-	-	0	0	0	0	0	0	0	0	0	0	0	0	0	0	0	0	0	2	0	0	0	0	0	0
/input/pagecontent/op-activate-req-fd.md	48112	-	-	-	0	0	0	0	0	0	0	0	0	0	0	0	0	0	0	0	0	1	0	0	0	0	0	0
/input/pagecontent/downloads.md	2403	-	-	-	0	0	0	0	0	0	0	0	0	0	0	0	0	0	0	0	0	0	0	0	0	0	0	0
/input/pagecontent/release-notes.md	318	-	-	-	0	0	0	0	0	0	0	0	0	0	0	0	0	0	0	0	0	0	0	0	0	0	0	0
/input/pagecontent/menu-schnittstellen-operation-api.md	1307	-	-	-	0	0	0	0	0	0	0	0	0	0	0	0	0	0	0	0	0	0	0	0	0	0	0	0
/input/pagecontent/referenced.md	1464	-	-	-	0	0	0	0	0	0	0	0	0	0	0	0	0	0	0	0	0	0	0	0	0	0	0	0
/input/pagecontent/op-reject.md	1879	-	-	-	0	0	0	0	0	0	0	0	0	0	0	0	0	0	0	0	0	0	0	0	0	0	0	0
/input/pagecontent/comparison-Bundle-input-example-1.md	14691	-	-	-	0	0	0	0	0	0	0	0	0	0	0	0	0	0	0	0	0	1	0	0	0	0	0	0
/input/pagecontent/menu-technische-umsetzung-konzept.md	5763	-	-	-	0	0	0	0	0	0	0	0	0	0	0	0	0	0	0	0	0	0	0	0	0	0	0	0
/input/pagecontent/license.md	13216	-	-	-	0	0	0	0	0	0	0	0	0	0	0	0	0	0	0	0	0	0	0	0	0	0	0	0
/input/pagecontent/op-create-req-fd.md	1146	-	-	-	0	0	0	0	0	0	0	0	0	0	0	0	0	0	0	0	0	0	0	0	0	0	0	0
/input/pagecontent/op-dispense-req-fd.md	11745	-	-	-	0	0	0	0	0	0	0	0	0	0	0	0	0	0	0	0	0	0	0	0	0	0	0	0
/input/pagecontent/mapping-prescription-bundle-parameters.md	1350	-	-	-	0	0	0	0	0	0	0	0	0	0	0	0	0	0	0	0	0	0	0	0	0	0	0	0
/input/pagecontent/query-api-communication-req-avs.md	3250	-	-	-	0	0	0	0	0	0	0	0	0	0	0	0	0	0	0	0	0	0	0	0	0	0	0	0
/input/pagecontent/op-eu-close-req-ncpeha.md	214	-	-	-	0	0	0	0	0	0	0	0	0	0	0	0	0	0	0	0	0	0	0	0	0	0	0	0
/input/pagecontent/menu-technische-umsetzung-anwendungsfaelle.md	22457	-	-	-	0	0	0	0	0	0	0	0	0	0	0	0	0	0	0	0	0	1	0	0	0	0	0	0
/input/pagecontent/op-abort-req-avs.md	303	-	-	-	0	0	0	0	0	0	0	0	0	0	0	0	0	0	0	0	0	0	0	0	0	0	0	0
/input/pagecontent/query-api-medicationdispense.md	2806	-	-	-	0	0	0	0	0	0	0	0	0	0	0	0	0	0	0	0	0	2	0	0	0	0	0	0
/input/pagecontent/mapping-prescription-medication-ingredient.md	1327	-	-	-	0	0	0	0	0	0	0	0	0	0	0	0	0	0	0	0	0	1	0	0	0	0	0	0
/input/pagecontent/comparison-Bundle-input-example-4.md	16054	-	-	-	0	0	0	0	0	0	0	0	0	0	0	0	0	0	0	0	0	0	0	0	0	0	0	0
/input/pagecontent/op-eu-close-req-fd.md	9189	-	-	-	0	0	0	0	0	0	0	0	0	0	0	0	0	0	0	0	0	0	0	0	0	0	0	0
/input/pagecontent/op-abort-req-fdv.md	911	-	-	-	0	0	0	0	0	0	0	0	0	0	0	0	0	0	0	0	0	0	0	0	0	0	0	0
/input/pagecontent/query-api-task-req-avs.md	3530	-	-	-	0	0	0	0	0	0	0	0	0	0	0	0	0	0	0	0	0	0	0	0	0	0	0	0
/input/pagecontent/menu-fachlichkeit.md	654	-	-	-	0	0	0	0	0	0	0	0	0	0	0	0	0	0	0	0	0	0	0	0	0	0	0	0
/input/pagecontent/mapping-prescription-organization.md	1199	-	-	-	0	0	0	0	0	0	0	0	0	0	0	0	0	0	0	0	0	0	0	0	0	0	0	0
/input/pagecontent/menu-technisch.md	584	-	-	-	0	0	0	0	0	0	0	0	0	0	0	0	0	0	0	0	0	0	0	0	0	0	0	0
/input/pagecontent/op-dispense.md	1774	-	-	-	0	0	0	0	0	0	0	0	0	0	0	0	0	0	0	0	0	2	0	0	0	0	0	0
/input/pagecontent/menu-fachlichkeit-mvo.md	10252	-	-	-	0	0	0	0	0	0	0	0	0	0	0	0	0	0	0	0	0	0	0	0	0	0	0	0
/input/pagecontent/comparison-Bundle-input-example-3.md	13371	-	-	-	0	0	0	0	0	0	0	0	0	0	0	0	0	0	0	0	0	0	0	0	0	0	0	0
/input/pagecontent/op-revoke-eu-access-permission-req-fd.md	2201	-	-	-	0	0	0	0	0	0	0	0	0	0	0	0	0	0	0	0	0	0	0	0	0	0	0	0
/input/pagecontent/op-abort-req-fd.md	9674	-	-	-	0	0	0	0	0	0	0	0	0	0	0	0	0	0	0	0	0	0	0	0	0	0	0	0
/input/pagecontent/query-api-task-req-fd.md	6066	-	-	-	0	0	0	0	0	0	0	0	0	0	0	0	0	0	0	0	0	1	0	0	0	0	0	0
/input/pagecontent/op-read-eu-access-permission.md	1829	-	-	-	0	0	0	0	0	0	0	0	0	0	0	0	0	0	0	0	0	0	0	0	0	0	0	0
/input/pagecontent/query-api-consent.md	3435	-	-	-	0	0	0	0	0	0	0	0	0	0	0	0	0	0	0	0	0	1	0	0	0	0	0	0
/input/pagecontent/op-create-req-pvs.md	433	-	-	-	0	0	0	0	0	0	0	0	0	0	0	0	0	0	0	0	0	0	0	0	0	0	0	0
/input/pagecontent/query-api-consent-req-fd.md	994	-	-	-	0	0	0	0	0	0	0	0	0	0	0	0	0	0	0	0	0	0	0	0	0	0	0	0
/input/pagecontent/query-api-communication-req-fdv.md	8009	-	-	-	0	0	0	0	0	0	0	0	0	0	0	0	0	0	0	0	0	0	0	0	0	0	0	0
/input/pagecontent/query-api-task.md	4224	-	-	-	0	0	0	0	0	0	0	0	0	0	0	0	0	0	0	0	0	6	0	0	0	0	0	0
/input/pagecontent/op-reject-req-fd.md	3712	-	-	-	0	0	0	0	0	0	0	0	0	0	0	0	0	0	0	0	0	0	0	0	0	0	0	0
/input/pagecontent/op-close-req-avs.md	602	-	-	-	0	0	0	0	0	0	0	0	0	0	0	0	0	0	0	0	0	0	0	0	0	0	0	0
/input/pagecontent/menu-technische-umsetzung-mapping.md	4263	-	-	-	0	0	0	0	0	0	0	0	0	0	0	0	0	0	0	0	0	0	0	0	0	0	0	1
/input/pagecontent/op-abort-req-pvs.md	303	-	-	-	0	0	0	0	0	0	0	0	0	0	0	0	0	0	0	0	0	1	0	0	0	0	0	0
/input/pagecontent/menu-fachlichkeit-ux-verordnend.md	56441	-	-	-	0	0	0	0	0	0	0	0	0	0	0	0	0	0	0	0	0	0	0	0	0	0	0	0
/input/pagecontent/comparison-Bundle-input-example-5.md	16337	-	-	-	0	0	0	0	0	0	0	0	0	0	0	0	0	0	0	0	0	0	0	0	0	0	0	0
/input/pagecontent/menu-technische-umsetzung-audit-service.md	10939	-	-	-	0	0	0	0	0	0	0	0	0	0	0	0	0	0	0	0	0	1	0	0	0	0	0	0
/input/pagecontent/op-create.md	3066	-	-	-	0	0	0	0	0	0	0	0	0	0	0	0	0	0	0	0	0	0	0	0	0	0	0	0
/input/pagecontent/op-grant-eu-access-permission-req-fdv.md	4340	-	-	-	0	0	0	0	0	0	0	0	0	0	0	0	0	0	0	0	0	0	0	0	0	0	0	0
/input/pagecontent/query-api-communication-req-data.md	13741	-	-	-	0	0	0	0	0	0	0	0	0	0	0	0	0	0	0	0	0	1	0	0	0	0	0	0
/input/pagecontent/menu-technische-umsetzung-dispensierinformationen.md	9319	-	-	-	0	0	0	0	0	0	0	0	0	0	0	0	0	0	0	0	0	0	0	0	0	0	0	0
/input/pagecontent/op-revoke-eu-access-permission.md	1160	-	-	-	0	0	0	0	0	0	0	0	0	0	0	0	0	0	0	0	0	0	0	0	0	0	0	0
/input/pagecontent/artifacts.md	6602	-	-	-	0	0	0	0	0	0	0	0	0	0	0	0	0	0	0	0	0	0	0	0	0	0	0	0
/input/pagecontent/op-close-req-fd.md	7281	-	-	-	0	0	0	0	0	0	0	0	0	0	0	0	0	0	0	0	0	0	0	0	0	0	0	0
/input/pagecontent/op-revoke-eu-access-permission-req-fdv.md	1393	-	-	-	0	0	0	0	0	0	0	0	0	0	0	0	0	0	0	0	0	0	0	0	0	0	0	0
/input/pagecontent/op-grant-eu-access-permission.md	2110	-	-	-	0	0	0	0	0	0	0	0	0	0	0	0	0	0	0	0	0	1	0	0	0	0	0	0
/input/pagecontent/mapping-prescription-practitioner.md	1319	-	-	-	0	0	0	0	0	0	0	0	0	0	0	0	0	0	0	0	0	0	0	0	0	0	0	0
/input/pagecontent/op-dispense-req-avs.md	1963	-	-	-	0	0	0	0	0	0	0	0	0	0	0	0	0	0	0	0	0	0	0	0	0	0	0	0
/input/pagecontent/mapping-dispensation.md	2485	-	-	-	0	0	0	0	0	0	0	0	0	0	0	0	0	0	0	0	0	0	0	0	0	0	0	0
/input/pagecontent/mapping-prescription-medication-compounding.md	1494	-	-	-	0	0	0	0	0	0	0	0	0	0	0	0	0	0	0	0	0	0	0	0	0	0	0	0
/input/pagecontent/menu-fachlichkeit-ux-abgebend.md	39592	-	-	-	0	0	0	0	0	0	0	0	0	0	0	0	0	0	0	0	0	0	0	0	0	0	0	0
/input/pagecontent/query-api-consent-req-fdv.md	611	-	-	-	0	0	0	0	0	0	0	0	0	0	0	0	0	0	0	0	0	1	0	0	0	0	0	0
/input/pagecontent/menu-technische-umsetzung-dosierung.md	5167	-	-	-	0	0	0	0	0	0	0	0	0	0	0	0	0	0	0	0	0	0	0	0	0	0	0	0
/input/intro-notes	0	-	-	-	0	0	0	0	0	0	0	0	0	0	0	0	0	0	0	0	0	0	0	0	0	0	0	0
/input/intro-notes/StructureMap-GEMErpPrMedicationMap-intro.md	69	-	-	-	0	0	0	0	0	0	0	0	0	0	0	0	0	0	0	0	0	0	0	0	0	0	0	0
/input/intro-notes/StructureMap-EPAMedicationMap-intro.md	2836	-	-	-	0	0	0	0	0	0	0	0	0	0	0	0	0	0	0	0	0	0	0	0	0	0	0	0
/input/intro-notes/StructureMap-KBVPrErpMedicationPznMap-intro.md	2952	-	-	-	0	0	0	0	0	0	0	0	0	0	0	0	0	0	0	0	0	0	0	0	0	0	0	0
/input/intro-notes/StructureMap-KBVPrErpMedicationIngredientMap-intro.md	2577	-	-	-	0	0	0	0	0	0	0	0	0	0	0	0	0	0	0	0	0	0	0	0	0	0	0	0
/input/intro-notes/StructureMap-KBVPrErpMedicationCompoundingMap-intro.md	4316	-	-	-	0	0	0	0	0	0	0	0	0	0	0	0	0	0	0	0	0	0	0	0	0	0	0	0
/input/intro-notes/StructureMap-KBVPrForPractitionerMap-intro.md	1092	-	-	-	0	0	0	0	0	0	0	0	0	0	0	0	0	0	0	0	0	0	0	0	0	0	0	0
/input/intro-notes/StructureMap-KBVPrErpMedicationFreetextMap-intro.md	1793	-	-	-	0	0	0	0	0	0	0	0	0	0	0	0	0	0	0	0	0	0	0	0	0	0	0	0
/input/intro-notes/StructureMap-KBVPrErpPrescriptionMap-intro.md	13561	-	-	-	0	0	0	0	0	0	0	0	0	0	0	0	0	0	0	0	0	1	0	0	0	0	0	0
/input/intro-notes/StructureMap-KBVPrForOrganizationMap-intro.md	11398	-	-	-	0	0	0	0	0	0	0	0	0	0	0	0	0	0	0	0	0	0	0	0	0	0	0	0
/input/intro-notes/StructureDefinition-TIFlowFachdienstRxServer-intro.md	174	-	-	-	0	0	0	0	0	0	0	0	0	0	0	0	0	0	0	0	0	0	0	0	0	0	0	0
/input/intro-notes/StructureMap-KBVPrErpBundleMap-intro.md	6281	-	-	-	0	0	0	0	0	0	0	0	0	0	0	0	0	0	0	0	0	0	0	0	0	0	0	0
/input/intro-notes/StructureMap-GEMErpPrMedicationdispenseMap-intro.md	69	-	-	-	0	0	0	0	0	0	0	0	0	0	0	0	0	0	0	0	0	0	0	0	0	0	0	0
/template/config	0	-	-	-	0	0	0	0	0	0	0	0	0	0	0	0	0	0	0	0	0	0	0	0	0	0	0	0
/template/config/_config.yml	140	-	-	-	0	0	0	0	0	0	0	0	0	0	0	0	0	0	0	0	0	0	0	0	0	0	0	0
/input/images	0	-	-	-	0	0	0	0	0	0	0	0	0	0	0	0	0	0	0	0	0	0	0	0	0	0	0	0
/input/images/systemkontext.png	65515	-	-	-	0	0	0	0	0	0	0	0	0	0	0	0	0	0	0	0	0	0	0	0	0	0	0	0
/input/images/uebersicht-erezept.png	41420	-	-	-	0	0	0	0	0	0	0	0	0	0	0	0	0	0	0	0	0	0	0	0	0	0	0	0
/input/images/mapping-fachdienst.png	134934	-	-	-	0	0	0	0	0	0	0	0	0	0	0	0	0	0	0	0	0	0	0	0	0	0	0	0
/input/images/gematik_logo.png	36991	-	-	-	0	0	0	0	0	0	0	0	0	0	0	0	0	0	0	0	0	0	0	0	0	0	0	0
/input/images/ux-verordnend-5.png	105482	-	-	-	0	0	0	0	0	0	0	0	0	0	0	0	0	0	0	0	0	1	0	0	0	0	0	0
/input/images/ux-verordnend-6.png	69086	-	-	-	0	0	0	0	0	0	0	0	0	0	0	0	0	0	0	0	0	0	0	0	0	0	0	0
/input/images/tech-eu-1.png	31061	-	-	-	0	0	0	0	0	0	0	0	0	0	0	0	0	0	0	0	0	0	0	0	0	0	0	0
/input/images/uebersicht_architekur_erp_eu.jpeg	909603	-	-	-	0	0	0	0	0	0	0	0	0	0	0	0	0	0	0	0	0	0	0	0	0	0	0	0
/input/images/fachl-t-rezept-1.png	970478	-	-	-	0	0	0	0	0	0	0	0	0	0	0	0	0	0	0	0	0	0	0	0	0	0	0	0
/input/images/bundle-transform.svg	49481	-	-	-	0	0	0	0	0	0	0	0	0	0	0	0	0	0	0	0	0	0	0	0	0	0	0	0
/input/images/ux-abgebend-1.png	245517	-	-	-	0	0	0	0	0	0	0	0	0	0	0	0	0	0	0	0	0	1	0	0	0	0	0	0
/input/images/ux-verordnend-2.png	234038	-	-	-	0	0	0	0	0	0	0	0	0	0	0	0	0	0	0	0	0	0	0	0	0	0	0	0
/input/images/mvo-gueltigkeit.png	13263	-	-	-	0	0	0	0	0	0	0	0	0	0	0	0	0	0	0	0	0	0	0	0	0	0	0	0
/input/images/ux-verordnend-3.png	92891	-	-	-	0	0	0	0	0	0	0	0	0	0	0	0	0	0	0	0	0	0	0	0	0	0	0	0
/input/images/ux-verordnend-4.png	830062	-	-	-	0	0	0	0	0	0	0	0	0	0	0	0	0	0	0	0	0	0	0	0	0	0	0	0
/input/images/fachliches-rollenmodell.png	31000	-	-	-	0	0	0	0	0	0	0	0	0	0	0	0	0	0	0	0	0	0	0	0	0	0	0	0
/input/images/medication-codings.png	17486	-	-	-	0	0	0	0	0	0	0	0	0	0	0	0	0	0	0	0	0	0	0	0	0	0	0	0
/input/images/fachl-t-rezept-6.png	93281	-	-	-	0	0	0	0	0	0	0	0	0	0	0	0	0	0	0	0	0	0	0	0	0	0	0	0
/input/images/bundle-transform.png	108831	-	-	-	0	0	0	0	0	0	0	0	0	0	0	0	0	0	0	0	0	0	0	0	0	0	0	0
/input/images/fachl-t-rezept-5.png	78838	-	-	-	0	0	0	0	0	0	0	0	0	0	0	0	0	0	0	0	0	1	0	0	0	0	0	0
/input/images/ux-verordnend-1.png	277227	-	-	-	0	0	0	0	0	0	0	0	0	0	0	0	0	0	0	0	0	0	0	0	0	0	0	0
/input/images/arzneimittelverordnung-statusmodell.png	61669	-	-	-	0	0	0	0	0	0	0	0	0	0	0	0	0	0	0	0	0	0	0	0	0	0	0	0
/input/images/vau-erp-fd.png	138991	-	-	-	0	0	0	0	0	0	0	0	0	0	0	0	0	0	0	0	0	0	0	0	0	0	0	0
/input/images/fachl-t-rezept-4.png	143230	-	-	-	0	0	0	0	0	0	0	0	0	0	0	0	0	0	0	0	0	0	0	0	0	0	0	0
/input/images/fachl-t-rezept-3.png	1028277	-	-	-	0	0	0	0	0	0	0	0	0	0	0	0	0	0	0	0	0	0	0	0	0	0	0	0
/input/images/mapping-fachdienst.svg	83912	-	-	-	0	0	0	0	0	0	0	0	0	0	0	0	0	0	0	0	0	0	0	0	0	0	0	0
/input/images/fachl-t-rezept-2.png	1014785	-	-	-	0	0	0	0	0	0	0	0	0	0	0	0	0	0	0	0	0	1	0	0	0	0	0	0
/input/images/e-rezept-img.png	101550	-	-	-	0	0	0	0	0	0	0	0	0	0	0	0	0	0	0	0	0	0	0	0	0	0	0	0
/input/images/t-uc-activate-diagram.png	39397	-	-	-	0	0	0	0	0	0	0	0	0	0	0	0	0	0	0	0	0	0	0	0	0	0	0	0
/temp/pages/_includes/artifacts.xml	79239	-	-	-	-	-	-	-	-	-	-	-	-	-	-	-	-	-	-	-	-	1	0	0	0	0	0	0
