URL,Version,Status,OIDs,Name,Title,Description,Uses,Used,Sources
http://fhir.de/ValueSet/identifier-type-de-basis,1.6.0,active,,IdentifierTypeDeBasisVS,Identifier Type DeBasis ValueSet,"Dieses ValueSet bündelt die im deutschen Basisprofil zulässigen Identifier-Typen aus internationalen und nationalen Codesystemen. Es dient der präzisen Typisierung von Kennungen in FHIR-Ressourcen.","StructureDefinition/GEM-ERPEU-PR-Organization,StructureDefinition/GEM-ERPEU-PR-Practitioner","THO (V2),de.basisprofil.r4"
http://fhir.de/ValueSet/identifier-type-kvid-de-basis,1.6.0,active,,IdentifierTypeKvidDeBasisVS,Identifier Type Kvid DeBasis ValueSet,"Dieses ValueSet enthält die für KVID-bezogene Identifier zulässigen Typcodes. Es dient der eindeutigen Kennzeichnung von Versicherungs- und Krankenversichertennummern im deutschen Kontext.","StructureDefinition/GEM-ERPEU-PR-Consent","de.basisprofil.r4"
http://hl7.org/fhir/ValueSet/address-type,4.0.1,active,"2.16.840.1.113883.4.642.3.69",AddressType,AddressType,"The type of an address (physical / postal).","StructureDefinition/GEM-ERPEU-PR-Organization","hl7.fhir.r4.core"
http://hl7.org/fhir/ValueSet/address-use,4.0.1,active,"2.16.840.1.113883.4.642.3.67",AddressUse,AddressUse,"The use of an address.","StructureDefinition/GEM-ERPEU-PR-Organization","hl7.fhir.r4.core"
http://hl7.org/fhir/ValueSet/administrative-gender,4.0.1,active,"2.16.840.1.113883.4.642.3.1",AdministrativeGender,AdministrativeGender,"The gender of a person used for administrative purposes.","StructureDefinition/GEM-ERPEU-PR-Practitioner","hl7.fhir.r4.core"
http://hl7.org/fhir/ValueSet/bundle-type,4.0.1,active,"2.16.840.1.113883.4.642.3.620",BundleType,BundleType,"Indicates the purpose of a bundle - how it is intended to be used.","StructureDefinition/GEM-ERP-PR-Bundle-OP-Accept","hl7.fhir.r4.core"
http://hl7.org/fhir/ValueSet/c80-practice-codes,4.0.1,active,"2.16.840.1.113883.3.88.12.80.72",PracticeSettingCodeValueSet,Practice Setting Code Value Set,"This is the code representing the clinical specialty of the clinician or provider who interacted with, treated, or provided a service to/for the patient. The value set used for clinical specialty has been limited by HITSP to the value set reproduced from HITSP C80 Table 2-149 Clinical Specialty Value Set Definition.","StructureDefinition/GEM-ERPEU-PR-PractitionerRole","SCT"
http://hl7.org/fhir/ValueSet/clinical-findings,4.0.1,draft,"2.16.840.1.113883.4.642.3.232",SNOMEDCTClinicalFindings,SNOMED CT Clinical Findings,"This value set includes all the ""Clinical finding"" [SNOMED CT](http://snomed.info/sct) codes - concepts where concept is-a 404684003 (Clinical finding (finding)).","StructureDefinition/GEM-ERP-PR-Communication-Reply,StructureDefinition/GEM-ERP-PR-Communication-DispReq,StructureDefinition/GEM-ERP-PR-Communication","SCT"
http://hl7.org/fhir/ValueSet/common-tags,4.0.1,draft,"2.16.840.1.113883.4.642.3.79",CommonTags,Common Tags,"Common Tag Codes defined by FHIR project","StructureDefinition/GEM-ERPEU-PR-PractitionerRole,StructureDefinition/GEM-ERP-PR-Communication-Reply,StructureDefinition/GEM-ERPEU-PR-MedicationDispense,StructureDefinition/GEM-ERP-PR-Bundle-OP-Accept,StructureDefinition/GEM-ERP-PR-Communication-DispReq,StructureDefinition/GEM-ERPEU-PR-Organization,StructureDefinition/GEM-ERP-PR-Communication,StructureDefinition/GEM-ERP-PR-MedicationDispense,StructureDefinition/GEM-ERPEU-PR-Practitioner,StructureDefinition/GEM-ERP-PR-Medication,StructureDefinition/GEM-ERPEU-PR-Medication,StructureDefinition/GEM-ERP-PR-Task","THO"
http://hl7.org/fhir/ValueSet/communication-category,4.0.1,draft,"2.16.840.1.113883.4.642.3.172",CommunicationCategory,CommunicationCategory,"Codes for general categories of communications such as alerts, instructions, etc.","StructureDefinition/GEM-ERP-PR-Communication-Reply,StructureDefinition/GEM-ERP-PR-Communication-DispReq,StructureDefinition/GEM-ERP-PR-Communication","THO"
http://hl7.org/fhir/ValueSet/communication-not-done-reason,4.0.1,draft,"2.16.840.1.113883.4.642.3.174",CommunicationNotDoneReason,CommunicationNotDoneReason,"Codes for the reason why a communication did not happen.","StructureDefinition/GEM-ERP-PR-Communication-Reply,StructureDefinition/GEM-ERP-PR-Communication-DispReq,StructureDefinition/GEM-ERP-PR-Communication","THO"
http://hl7.org/fhir/ValueSet/communication-topic,4.0.1,draft,"2.16.840.1.113883.4.642.3.983",CommunicationTopic,CommunicationTopic,"Codes describing the purpose or content of the communication.","StructureDefinition/GEM-ERP-PR-Communication-Reply,StructureDefinition/GEM-ERP-PR-Communication-DispReq,StructureDefinition/GEM-ERP-PR-Communication","THO"
http://hl7.org/fhir/ValueSet/consent-action,4.0.1,draft,"2.16.840.1.113883.4.642.3.753",ConsentActionCodes,Consent Action Codes,"This value set includes sample Consent Action codes.","StructureDefinition/GEM-ERPEU-PR-Consent","THO"
http://hl7.org/fhir/ValueSet/consent-content-class,4.0.1,draft,"2.16.840.1.113883.4.642.3.747",ConsentContentClass,Consent Content Class,"This value set includes the FHIR resource types, along with some other important content class codes","StructureDefinition/GEM-ERPEU-PR-Consent","hl7.fhir.r4.core,Other"
http://hl7.org/fhir/ValueSet/consent-content-code,4.0.1,draft,"2.16.840.1.113883.4.642.3.748",ConsentContentCodes,Consent Content Codes,"This example value set contains all LOINC code","StructureDefinition/GEM-ERPEU-PR-Consent","LOINC"
http://hl7.org/fhir/ValueSet/consent-data-meaning,4.0.1,draft,"2.16.840.1.113883.4.642.3.759",ConsentDataMeaning,ConsentDataMeaning,"How a resource reference is interpreted when testing consent restrictions.","StructureDefinition/GEM-ERPEU-PR-Consent","hl7.fhir.r4.core"
http://hl7.org/fhir/ValueSet/consent-provision-type,4.0.1,draft,"2.16.840.1.113883.4.642.3.757",ConsentProvisionType,ConsentProvisionType,"How a rule statement is applied, such as adding additional consent or removing consent.","StructureDefinition/GEM-ERPEU-PR-Consent","hl7.fhir.r4.core"
http://hl7.org/fhir/ValueSet/consent-scope,4.0.1,draft,"2.16.840.1.113883.4.642.3.761",ConsentScopeCodes,Consent Scope Codes,"This value set includes the four Consent scope codes.","StructureDefinition/GEM-ERPEU-PR-Consent","THO"
http://hl7.org/fhir/ValueSet/consent-state-codes,4.0.1,draft,"2.16.840.1.113883.4.642.3.755",ConsentState,ConsentState,"Indicates the state of the consent.","StructureDefinition/GEM-ERPEU-PR-Consent","hl7.fhir.r4.core"
http://hl7.org/fhir/ValueSet/contact-point-system,4.0.1,active,"2.16.840.1.113883.4.642.3.71",ContactPointSystem,ContactPointSystem,"Telecommunications form for contact point.","StructureDefinition/GEM-ERPEU-PR-PractitionerRole","hl7.fhir.r4.core"
http://hl7.org/fhir/ValueSet/contact-point-use,4.0.1,active,"2.16.840.1.113883.4.642.3.73",ContactPointUse,ContactPointUse,"Use of contact point.","StructureDefinition/GEM-ERPEU-PR-PractitionerRole","hl7.fhir.r4.core"
http://hl7.org/fhir/ValueSet/contactentity-type,4.0.1,draft,"2.16.840.1.113883.4.642.3.416",ContactEntityType,Contact entity type,"This example value set defines a set of codes that can be used to indicate the purpose for which you would contact a contact party.","StructureDefinition/GEM-ERPEU-PR-Organization","THO"
http://hl7.org/fhir/ValueSet/days-of-week,4.0.1,active,"2.16.840.1.113883.4.642.3.512",DaysOfWeek,DaysOfWeek,"The days of the week.","StructureDefinition/GEM-ERPEU-PR-PractitionerRole","hl7.fhir.r4.core"
http://hl7.org/fhir/ValueSet/event-status,4.0.1,draft,"2.16.840.1.113883.4.642.3.109",EventStatus,EventStatus,"Codes identifying the lifecycle stage of an event.","StructureDefinition/GEM-ERP-PR-Communication-Reply,StructureDefinition/GEM-ERP-PR-Communication-DispReq,StructureDefinition/GEM-ERP-PR-Communication","hl7.fhir.r4.core"
http://hl7.org/fhir/ValueSet/http-verb,4.0.1,active,"2.16.840.1.113883.4.642.3.624",HTTPVerb,HTTPVerb,"HTTP verbs (in the HTTP command line). See [HTTP rfc](https://tools.ietf.org/html/rfc7231) for details.","StructureDefinition/GEM-ERP-PR-Bundle-OP-Accept","hl7.fhir.r4.core"
http://hl7.org/fhir/ValueSet/identifier-type,4.0.1,active,"2.16.840.1.113883.4.642.3.45",Identifier Type Codes,IdentifierType,"A coded type for an identifier that can be used to determine which identifier to use for a specific purpose.","StructureDefinition/GEM-ERPEU-PR-PractitionerRole,StructureDefinition/GEM-ERPEU-PR-Organization,StructureDefinition/GEM-ERPEU-PR-Practitioner,StructureDefinition/GEM-ERPEU-PR-AccessCode,StructureDefinition/GEM-ERPEU-EX-MedicinalPackageIdentifier","THO (V2)"
http://hl7.org/fhir/ValueSet/identifier-use,4.0.1,active,"2.16.840.1.113883.4.642.3.57",IdentifierUse,IdentifierUse,"Identifies the purpose for this identifier, if known .","StructureDefinition/GEM-ERPEU-PR-PractitionerRole,StructureDefinition/GEM-ERPEU-PR-Organization,StructureDefinition/GEM-ERPEU-PR-Practitioner,StructureDefinition/GEM-ERPEU-PR-AccessCode,StructureDefinition/GEM-ERPEU-PR-Consent,StructureDefinition/GEM-ERPEU-EX-MedicinalPackageIdentifier","hl7.fhir.r4.core"
http://hl7.org/fhir/ValueSet/iso3166-1-2,4.0.1,active,,Iso3166-1-2,Iso 3166 Part 1: 2 Letter Codes,"This value set defines the ISO 3166 Part 1 2-letter codes","StructureDefinition/GEM-ERPEU-PR-Organization,StructureDefinition/GEM-ERPEU-PR-PAR-Close-Operation-Input,StructureDefinition/GEM-ERPEU-PR-PAR-EU-GET-Prescription-Input,StructureDefinition/GEM-ERPEU-PR-PAR-AccessAuthorization-Request,StructureDefinition/GEM-ERPEU-PR-PAR-AccessAuthorization-Response","Other"
http://hl7.org/fhir/ValueSet/languages,4.0.1,draft,"2.16.840.1.113883.4.642.3.20",CommonLanguages,Common Languages,"This value set includes common codes from BCP-47 (http://tools.ietf.org/html/bcp47)","StructureDefinition/GEM-ERP-PR-PAR-Close-Operation-Input,StructureDefinition/GEM-ERP-PR-PAR-Activate-Operation-Input,StructureDefinition/GEM-ERP-PR-Bundle-OP-Accept,StructureDefinition/GEM-ERPEU-PR-Organization,StructureDefinition/GEM-ERP-PR-Medication,StructureDefinition/GEM-ERPEU-PR-Consent,StructureDefinition/GEM-ERPEU-PR-PAR-PATCH-Task-Input,StructureDefinition/GEM-ERPEU-PR-Medication,StructureDefinition/GEM-ERP-PR-PAR-Dispense-Operation-Input,StructureDefinition/GEM-ERP-PR-Communication-Reply,StructureDefinition/GEM-ERPEU-PR-MedicationDispense,StructureDefinition/GEM-ERPEU-PR-Practitioner,StructureDefinition/GEM-ERPEU-PR-PAR-Close-Operation-Input,StructureDefinition/GEM-ERP-PR-MedicationDispense,StructureDefinition/GEM-ERPEU-PR-PAR-EU-GET-Prescription-Input,StructureDefinition/GEM-ERP-PR-PAR-Accept-Operation-Output,StructureDefinition/GEM-ERPEU-PR-PAR-AccessAuthorization-Response,StructureDefinition/GEM-ERP-PR-PAR-Create-Operation-Input,StructureDefinition/GEM-ERP-PR-Communication,StructureDefinition/GEM-ERP-PR-Task,StructureDefinition/GEM-ERPEU-PR-PAR-AccessAuthorization-Request,StructureDefinition/GEM-ERP-PR-PAR-Activate-Operation-Output,StructureDefinition/GEM-ERP-PR-PAR-Close-Operation-Output,StructureDefinition/gem-erpeu-pr-par-get-prescription-output,StructureDefinition/GEM-ERPEU-PR-PractitionerRole,StructureDefinition/GEM-ERP-PR-Communication-DispReq,StructureDefinition/GEM-ERP-PR-PAR-Create-Operation-Output","hl7.fhir.uv.xver-r5.r4"
http://hl7.org/fhir/ValueSet/medication-codes,4.0.1,draft,"2.16.840.1.113883.4.642.3.375",SNOMEDCTMedicationCodes,SNOMED CT Medication Codes,"This value set includes all drug or medicament substance codes and all pharmaceutical/biologic products from SNOMED CT - provided as an exemplar value set.","StructureDefinition/GEM-ERP-PR-Medication,StructureDefinition/GEM-ERPEU-PR-Medication","SCT"
http://hl7.org/fhir/ValueSet/medication-form-codes,4.0.1,draft,"2.16.840.1.113883.4.642.3.374",SNOMEDCTFormCodes,SNOMED CT Form Codes,"This value set includes all dose form codes from SNOMED CT - provided as an exemplar.","StructureDefinition/GEM-ERP-PR-Medication,StructureDefinition/GEM-ERPEU-PR-Medication","SCT"
http://hl7.org/fhir/ValueSet/medication-status,4.0.1,draft,"2.16.840.1.113883.4.642.3.376",Medication Status Codes,Medication  status  codes,"Medication Status Codes","StructureDefinition/GEM-ERP-PR-Medication,StructureDefinition/GEM-ERPEU-PR-Medication","hl7.fhir.r4.core"
http://hl7.org/fhir/ValueSet/medicationdispense-performer-function,4.0.1,draft,"2.16.840.1.113883.4.642.3.1318",MedicationDispense Performer Function Codes,Medication dispense  performer  function  codes,"MedicationDispense Performer Function Codes","StructureDefinition/GEM-ERPEU-PR-MedicationDispense,StructureDefinition/GEM-ERP-PR-MedicationDispense","THO"
http://hl7.org/fhir/ValueSet/medicationdispense-status-reason,4.0.1,draft,"2.16.840.1.113883.4.642.3.1316",MedicationDispense Status Reason Codes,Medication dispense  status  reason  codes,"MedicationDispense Status Codes","StructureDefinition/GEM-ERPEU-PR-MedicationDispense,StructureDefinition/GEM-ERP-PR-MedicationDispense","THO"
http://hl7.org/fhir/ValueSet/mimetypes,4.0.1,active,"2.16.840.1.113883.4.642.3.1024",Mime Types,MimeType,"This value set includes all possible codes from BCP-13 (http://tools.ietf.org/html/bcp13)","StructureDefinition/GEM-ERPEU-PR-Practitioner","Other"
http://hl7.org/fhir/ValueSet/name-use,4.0.1,active,"2.16.840.1.113883.4.642.3.65",NameUse,NameUse,"The use of a human name.","StructureDefinition/GEM-ERPEU-PR-Organization,StructureDefinition/GEM-ERPEU-PR-Practitioner","hl7.fhir.r4.core"
http://hl7.org/fhir/ValueSet/organization-type,4.0.1,draft,"2.16.840.1.113883.4.642.3.414",OrganizationType,Organization type,"This example value set defines a set of codes that can be used to indicate a type of organization.","StructureDefinition/GEM-ERPEU-PR-Organization","THO"
http://hl7.org/fhir/ValueSet/performer-role,4.0.1,draft,"2.16.840.1.113883.4.642.3.433",ProcedurePerformerRoleCodes,Procedure Performer Role Codes,"This example value set defines the set of codes that can be used to indicate a role of a procedure performer.","StructureDefinition/GEM-ERP-PR-Task","SCT"
http://hl7.org/fhir/ValueSet/practitioner-role,4.0.1,draft,"2.16.840.1.113883.4.642.3.439",PractitionerRole,Practitioner role,"This example value set defines a set of codes that can be used to indicate the role of a Practitioner.","StructureDefinition/GEM-ERPEU-PR-PractitionerRole","SCT,THO"
http://hl7.org/fhir/ValueSet/quantity-comparator,4.0.1,active,"2.16.840.1.113883.4.642.3.59",QuantityComparator,QuantityComparator,"How the Quantity should be understood and represented.","StructureDefinition/GEM-ERPEU-PR-MedicationDispense,StructureDefinition/GEM-ERP-PR-Medication,StructureDefinition/GEM-ERPEU-PR-Medication","hl7.fhir.r4.core"
http://hl7.org/fhir/ValueSet/request-priority,4.0.1,draft,"2.16.840.1.113883.4.642.3.115",RequestPriority,Request priority,"The clinical priority of a diagnostic order.","StructureDefinition/GEM-ERP-PR-Communication-Reply,StructureDefinition/GEM-ERP-PR-Communication-DispReq,StructureDefinition/GEM-ERP-PR-Communication,StructureDefinition/GEM-ERP-PR-Task","hl7.fhir.r4.core"
http://hl7.org/fhir/ValueSet/resource-types,4.0.1,active,"2.16.840.1.113883.4.642.3.27",ResourceType,ResourceType,"One of the resource types defined as part of this version of FHIR.","StructureDefinition/GEM-ERPEU-PR-PractitionerRole,StructureDefinition/GEM-ERP-PR-Communication-Reply,StructureDefinition/GEM-ERPEU-PR-MedicationDispense,StructureDefinition/GEM-ERP-PR-Communication-DispReq,StructureDefinition/GEM-ERPEU-PR-Organization,StructureDefinition/GEM-ERP-PR-Communication,StructureDefinition/GEM-ERP-PR-MedicationDispense,StructureDefinition/GEM-ERPEU-PR-Practitioner,StructureDefinition/GEM-ERP-PR-Medication,StructureDefinition/GEM-ERPEU-PR-Consent,StructureDefinition/GEM-ERPEU-PR-Medication,StructureDefinition/GEM-ERP-PR-Task","hl7.fhir.r4.core"
http://hl7.org/fhir/ValueSet/search-entry-mode,4.0.1,active,"2.16.840.1.113883.4.642.3.622",SearchEntryMode,SearchEntryMode,"Why an entry is in the result set - whether it's included as a match or because of an _include requirement, or to convey information or warning information about the search process.","StructureDefinition/GEM-ERP-PR-Bundle-OP-Accept","hl7.fhir.r4.core"
http://hl7.org/fhir/ValueSet/security-labels,4.0.1,active,"2.16.840.1.113883.4.642.3.47",All Security Labels,SecurityLabels,"A single value set for all security labels defined by FHIR.","StructureDefinition/GEM-ERP-PR-Bundle-OP-Accept,StructureDefinition/GEM-ERPEU-PR-Organization,StructureDefinition/GEM-ERP-PR-Communication,StructureDefinition/GEM-ERP-PR-Medication,StructureDefinition/GEM-ERPEU-PR-Consent,StructureDefinition/GEM-ERP-PR-Task,StructureDefinition/GEM-ERPEU-PR-Medication,StructureDefinition/GEM-ERP-PR-Communication-Reply,StructureDefinition/GEM-ERPEU-PR-PractitionerRole,StructureDefinition/GEM-ERPEU-PR-MedicationDispense,StructureDefinition/GEM-ERP-PR-Communication-DispReq,StructureDefinition/GEM-ERP-PR-MedicationDispense,StructureDefinition/GEM-ERPEU-PR-Practitioner",
http://hl7.org/fhir/ValueSet/security-role-type,4.0.1,draft,"2.16.840.1.113883.4.642.3.978",SecurityRoleType,SecurityRoleType,"This example FHIR value set is comprised of example Actor Type codes, which can be used to value FHIR agents, actors, and other role         elements such as those specified in financial transactions. The FHIR Actor value set is based on    DICOM Audit Message, C402;   ASTM Standard, E1762-95 [2013]; selected codes and          derived actor roles from HL7 RoleClass OID 2.16.840.1.113883.5.110;    HL7 Role Code 2.16.840.1.113883.5.111, including AgentRoleType;          HL7 ParticipationType OID: 2.16.840.1.113883.5.90; and    HL7 ParticipationFunction codes OID: 2.16.840.1.113883.5.88.           This value set includes, by reference, role codes from external code systems: NUCC Health Care Provider Taxonomy OID: 2.16.840.1.113883.6.101;          North American Industry Classification System [NAICS]OID: 2.16.840.1.113883.6.85; IndustryClassificationSystem 2.16.840.1.113883.1.11.16039;          and US Census Occupation Code OID: 2.16.840.1.113883.6.243 for relevant recipient or custodian codes not included in this value set.            If no source is indicated in the definition comments, then these are example FHIR codes.          It can be extended with appropriate roles described by SNOMED as well as those described in the HL7 Role Based Access Control Catalog and the          HL7 Healthcare (Security and Privacy) Access Control Catalog.            In Role-Based Access Control (RBAC), permissions are operations on an object that a user wishes to access. Permissions are grouped into roles.          A role characterizes the functions a user is allowed to perform. Roles are assigned to users. If the user's role has the appropriate permissions          to access an object, then that user is granted access to the object. FHIR readily enables RBAC, as FHIR Resources are object types and the CRUDE          events (the FHIR equivalent to permissions in the RBAC scheme) are operations on those objects.          In Attribute-Based Access Control (ABAC), a user requests to perform operations on objects. That user's access request is granted or denied          based on a set of access control policies that are specified in terms of attributes and conditions. FHIR readily enables ABAC, as instances of          a Resource in FHIR (again, Resources are object types) can have attributes associated with them. These attributes include security tags,          environment conditions, and a host of user and object characteristics, which are the same attributes as those used in ABAC. Attributes help          define the access control policies that determine the operations a user may perform on a Resource (in FHIR) or object (in ABAC). For example,          a tag (or attribute) may specify that the identified Resource (object) is not to be further disclosed without explicit consent from the patient.","StructureDefinition/GEM-ERPEU-PR-Consent","THO (V3),THO,DICOM"
http://hl7.org/fhir/ValueSet/task-code,4.0.1,active,"2.16.840.1.113883.4.642.3.1396",TaskCode,Task Codes,"Codes indicating the type of action that is expected to be performed","StructureDefinition/GEM-ERP-PR-Task","hl7.fhir.r4.core"
http://hl7.org/fhir/ValueSet/task-intent,4.0.1,draft,"2.16.840.1.113883.4.642.3.1240",TaskIntent,TaskIntent,"Distinguishes whether the task is a proposal, plan or full order.","StructureDefinition/GEM-ERP-PR-Task","hl7.fhir.r4.core"
http://hl7.org/fhir/ValueSet/ucum-units,4.0.1,draft,"2.16.840.1.113883.4.642.3.912",UCUMCodes,UCUM Codes,"Unified Code for Units of Measure (UCUM). This value set includes all UCUM codes","StructureDefinition/GEM-ERP-PR-Medication,StructureDefinition/GEM-ERPEU-PR-Medication","UCUM"
http://terminology.hl7.org/ValueSet/v3-ActPharmacySupplyType,3.0.0,active,"2.16.840.1.113883.1.11.16208",ActPharmacySupplyType,ActPharmacySupplyType,"Identifies types of dispensing events","StructureDefinition/GEM-ERPEU-PR-MedicationDispense,StructureDefinition/GEM-ERP-PR-MedicationDispense","THO (V3)"
http://terminology.hl7.org/ValueSet/v3-ActSubstanceAdminSubstitutionCode,3.0.0,active,"2.16.840.1.113883.1.11.16621",ActSubstanceAdminSubstitutionCode,ActSubstanceAdminSubstitutionCode,"***No description***","StructureDefinition/GEM-ERPEU-PR-MedicationDispense,StructureDefinition/GEM-ERP-PR-MedicationDispense","THO (V3)"
http://terminology.hl7.org/ValueSet/v3-ParticipationMode,3.0.0,active,"2.16.840.1.113883.1.11.16543",ParticipationMode,ParticipationMode,"Identifies the primary means by which an Entity participates in an Act.","StructureDefinition/GEM-ERP-PR-Communication-Reply,StructureDefinition/GEM-ERP-PR-Communication-DispReq,StructureDefinition/GEM-ERP-PR-Communication","THO (V3)"
http://terminology.hl7.org/ValueSet/v3-PurposeOfUse,3.1.0,active,"2.16.840.1.113883.1.11.20448",PurposeOfUse,PurposeOfUse,"Supports communication of purpose of use at a general level.","StructureDefinition/GEM-ERPEU-PR-Consent","THO (V3)"
http://terminology.hl7.org/ValueSet/v3-SubstanceAdminSubstitutionReason,3.0.0,active,"2.16.840.1.113883.1.11.19377",SubstanceAdminSubstitutionReason,SubstanceAdminSubstitutionReason,"***No description***","StructureDefinition/GEM-ERPEU-PR-MedicationDispense,StructureDefinition/GEM-ERP-PR-MedicationDispense","THO (V3)"
https://gematik.de/fhir/erp/CodeSystem/GEM_ERP_VS_DocumentType,2.0.0-ballot.3,active,,GEM_ERP_VS_DocumentType,ValueSet der Dokumenttyp-Codes,"Art der Dokumente je nach Empfänger.","StructureDefinition/GEM-ERP-PR-Task","de.gematik.tiflow"
https://gematik.de/fhir/erp/ValueSet/GEM_ERP_VS_AvailabilityStatus,2.0.0-ballot.3,active,,GEM_ERP_VS_AvailabilityStatus,ValueSet der Verfügbarkeitsstatus-Codes,"Art des Verfügbarkeitsstatus für die Verfügbarkeitsanfrage von Medikamenten","StructureDefinition/GEM-ERP-EX-AvailabilityState","de.gematik.tiflow"
https://gematik.de/fhir/erp/ValueSet/GEM_ERP_VS_FlowType,2.0.0-ballot.3,active,,GEM_ERP_VS_FlowType,ValueSet der Flowtypes in TIFlow Anwendungen,"Zeigt die verschiedenen Typen der TI Workflows entsprechend der Verordnungsformulare.","StructureDefinition/GEM-ERP-PR-PAR-Create-Operation-Input","de.gematik.tiflow"
https://gematik.de/fhir/erp/ValueSet/GEM_ERP_VS_OrganizationType,2.0.0-ballot.3,active,,GEM_ERP_VS_OrganizationType,Bearbeiter eines E-Rezeptes,"ValueSet der Organisationstyp-Codes eines Performers für den RX Task","StructureDefinition/GEM-ERP-PR-Task","Other"
https://gematik.de/fhir/tiflow-erezept/ValueSet/GEM-ERPEU-VS-Consent-PolicyRule,2.0.0-ballot.3,draft,,GEM_ERPEU_VS_Consent_PolicyRule,ValueSet of Consent PolyRule Codes,"Type of Policy Rules for Consents of the ePrescription.","StructureDefinition/GEM-ERPEU-PR-Consent","THO (V3)"
https://gematik.de/fhir/tiflow-erezept/ValueSet/GEM-ERPEU-VS-ConsentType,2.0.0-ballot.3,draft,,GEM_ERPEU_VS_ConsentType,ValueSet of Consent Codes,"Type of Consents for the ePrescription.","StructureDefinition/GEM-ERPEU-PR-Consent","Internal"
https://gematik.de/fhir/tiflow-erezept/ValueSet/GEM-ERPEU-VS-RequestType,2.0.0-ballot.3,draft,,GEM_ERPEU_VS_RequestType,ValueSet of NCPeH Request Types,"Type of Request from NCPeH","StructureDefinition/GEM-ERPEU-PR-PAR-EU-GET-Prescription-Input","Internal"
https://gematik.de/fhir/tiflow-erezept/ValueSet/tiflow-erezept-operation-outcome-details-vs,2.0.0-ballot.3,active,,TIFLOWEREZEPTOperationOutcomeDetailsVS,TIFLOW EREZEPT Operation Outcome Details VS,"E-Rezept-spezifische Codes, die im Rahmen des TIFlow in den OperationOutcomes.details angegeben werden können",,"de.gematik.tiflow,Internal,de.gematik.ti"
https://gematik.de/fhir/tiflow/ValueSet/tiflow-order-task-status-vs,2.0.0-ballot.3,draft,,TIFlowOrderTaskStatusVS,TIFlow Order Task ValueSet,"TIFlow Order Task ValueSet","StructureDefinition/GEM-ERP-PR-Task","hl7.fhir.r4.core"
