<?xml version="1.0" encoding="UTF-8"?>

<Bundle xmlns="http://hl7.org/fhir">
  <id value="1f339db0-9e55-4946-9dfa-f1b30953be9b"/>
  <meta>
    <profile value="https://fhir.kbv.de/StructureDefinition/KBV_PR_ERP_Bundle|1.3"/>
  </meta>
  <identifier>
    <system value="https://gematik.de/fhir/erp/NamingSystem/GEM_ERP_NS_PrescriptionId"/>
    <value value="160.100.000.000.037.28"/>
  </identifier>
  <type value="document"/>
  <timestamp value="2024-05-20T08:30:00+00:00"/>
  <entry>
    <fullUrl value="http://pvs.praxis.local/fhir/Composition/88c4029f-dfab-415a-b6de-64fd1a4058e6"/>
    <resource>
      <Composition>
        <id value="88c4029f-dfab-415a-b6de-64fd1a4058e6"/>
        <meta>
          <profile value="https://fhir.kbv.de/StructureDefinition/KBV_PR_ERP_Composition|1.3"/>
        </meta>
        <extension url="https://fhir.kbv.de/StructureDefinition/KBV_EX_FOR_Legal_basis">
          <valueCoding>
            <system value="https://fhir.kbv.de/CodeSystem/KBV_CS_SFHIR_KBV_STATUSKENNZEICHEN"/>
            <code value="00"/>
          </valueCoding>
        </extension>
        <status value="final"/>
        <type>
          <coding>
            <system value="https://fhir.kbv.de/CodeSystem/KBV_CS_SFHIR_KBV_FORMULAR_ART"/>
            <code value="e16A"/>
          </coding>
        </type>
        <subject>
          <reference value="Patient/93866fdc-3e50-4902-a7e9-891b54737b5e"/>
        </subject>
        <date value="2024-05-20T08:00:00Z"/>
        <author>
          <reference value="Practitioner/d6f3b55d-3095-4655-96dc-da3bec21271c"/>
          <type value="Practitioner"/>
        </author>
        <author>
          <type value="Device"/>
          <identifier>
            <system value="https://fhir.kbv.de/NamingSystem/KBV_NS_FOR_Pruefnummer"/>
            <value value="Y/400/2107/36/999"/>
          </identifier>
        </author>
        <title value="elektronische Arzneimittelverordnung"/>
        <custodian>
          <reference value="Organization/2a555cd3-0543-483c-88b3-f68647620962"/>
        </custodian>
        <section>
          <code>
            <coding>
              <system value="https://fhir.kbv.de/CodeSystem/KBV_CS_ERP_Section_Type"/>
              <code value="Prescription"/>
            </coding>
          </code>
          <entry>
            <reference value="MedicationRequest/43c2b7ae-ad11-4387-910a-e6b7a3c38d4f"/>
          </entry>
        </section>
        <section>
          <code>
            <coding>
              <system value="https://fhir.kbv.de/CodeSystem/KBV_CS_ERP_Section_Type"/>
              <code value="Coverage"/>
            </coding>
          </code>
          <entry>
            <reference value="Coverage/1b89236c-ab14-4e92-937e-5af0b59d0cd4"/>
          </entry>
        </section>
      </Composition>
    </resource>
  </entry>
  <entry>
    <fullUrl value="http://pvs.praxis.local/fhir/MedicationRequest/43c2b7ae-ad11-4387-910a-e6b7a3c38d4f"/>
    <resource>
      <MedicationRequest>
        <id value="43c2b7ae-ad11-4387-910a-e6b7a3c38d4f"/>
        <meta>
          <profile value="https://fhir.kbv.de/StructureDefinition/KBV_PR_ERP_Prescription|1.3"/>
        </meta>
        <extension url="https://fhir.kbv.de/StructureDefinition/KBV_EX_FOR_StatusCoPayment">
          <valueCoding>
            <system value="https://fhir.kbv.de/CodeSystem/KBV_CS_FOR_StatusCoPayment"/>
            <code value="0"/>
          </valueCoding>
        </extension>
        <extension url="https://fhir.kbv.de/StructureDefinition/KBV_EX_ERP_EmergencyServicesFee">
          <valueBoolean value="false"/>
        </extension>
        <extension url="https://fhir.kbv.de/StructureDefinition/KBV_EX_FOR_SER">
          <valueBoolean value="false"/>
        </extension>
        <extension url="https://fhir.kbv.de/StructureDefinition/KBV_EX_ERP_Multiple_Prescription">
          <extension url="Kennzeichen">
            <valueBoolean value="false"/>
          </extension>
        </extension>
        <status value="active"/>
        <intent value="order"/>
        <medicationReference>
          <reference value="Medication/5ff1bd22-ce14-484e-be56-d2ba4adeac31"/>
        </medicationReference>
        <subject>
          <reference value="Patient/93866fdc-3e50-4902-a7e9-891b54737b5e"/>
        </subject>
        <authoredOn value="2024-05-20"/>
        <requester>
          <reference value="Practitioner/d6f3b55d-3095-4655-96dc-da3bec21271c"/>
        </requester>
        <insurance>
          <reference value="Coverage/1b89236c-ab14-4e92-937e-5af0b59d0cd4"/>
        </insurance>
        <dispenseRequest>
          <quantity>
            <value value="1"/>
            <unit value="Packung"/>
          </quantity>
        </dispenseRequest>
        <substitution>
          <allowedBoolean value="true"/>
        </substitution>
      </MedicationRequest>
    </resource>
  </entry>
  <entry>
    <fullUrl value="http://pvs.praxis.local/fhir/Medication/5ff1bd22-ce14-484e-be56-d2ba4adeac31"/>
    <resource>
      <Medication>
        <id value="5ff1bd22-ce14-484e-be56-d2ba4adeac31"/>
        <meta>
          <profile value="https://fhir.kbv.de/StructureDefinition/KBV_PR_ERP_Medication_PZN|1.3"/>
        </meta>
        <extension url="https://fhir.kbv.de/StructureDefinition/KBV_EX_Base_Medication_Type">
          <valueCodeableConcept>
            <coding>
              <system value="http://snomed.info/sct"/>
              <version value="http://snomed.info/sct/11000274103/version/20240515"/>
              <code value="763158003"/>
              <display value="Medicinal product (product)"/>
            </coding>
          </valueCodeableConcept>
        </extension>
        <extension url="https://fhir.kbv.de/StructureDefinition/KBV_EX_ERP_Medication_Category">
          <valueCoding>
            <system value="https://fhir.kbv.de/CodeSystem/KBV_CS_ERP_Medication_Category"/>
            <code value="00"/>
          </valueCoding>
        </extension>
        <extension url="https://fhir.kbv.de/StructureDefinition/KBV_EX_ERP_Medication_Vaccine">
          <valueBoolean value="false"/>
        </extension>
        <extension url="http://fhir.de/StructureDefinition/normgroesse">
          <valueCode value="N1"/>
        </extension>
        <code>
          <coding>
            <system value="http://fhir.de/CodeSystem/ifa/pzn"/>
            <code value="07765007"/>
          </coding>
          <text value="NEUPRO 8MG/24H PFT 7 ST"/>
        </code>
        <form>
          <coding>
            <system value="https://fhir.kbv.de/CodeSystem/KBV_CS_SFHIR_KBV_DARREICHUNGSFORM"/>
            <code value="PFT"/>
          </coding>
        </form>
        <ingredient>
          <itemCodeableConcept>
            <text value="Rotigotin"/>
          </itemCodeableConcept>
          <strength>
            <numerator>
              <value value="8"/>
              <unit value="mg/24 h"/>
            </numerator>
            <denominator>
              <value value="1"/>
              <unit value="Stück"/>
            </denominator>
          </strength>
        </ingredient>
      </Medication>
    </resource>
  </entry>
  <entry>
    <fullUrl value="http://pvs.praxis.local/fhir/Patient/93866fdc-3e50-4902-a7e9-891b54737b5e"/>
    <resource>
      <Patient>
        <id value="93866fdc-3e50-4902-a7e9-891b54737b5e"/>
        <meta>
          <profile value="https://fhir.kbv.de/StructureDefinition/KBV_PR_FOR_Patient|1.2"/>
        </meta>
        <identifier>
          <type>
            <coding>
              <system value="http://fhir.de/CodeSystem/identifier-type-de-basis"/>
              <code value="KVZ10"/>
            </coding>
          </type>
          <system value="http://fhir.de/sid/gkv/kvid-10"/>
          <value value="K220635158"/>
        </identifier>
        <name>
          <use value="official"/>
          <family value="Königsstein">
            <extension url="http://hl7.org/fhir/StructureDefinition/humanname-own-name">
              <valueString value="Königsstein"/>
            </extension>
          </family>
          <given value="Ludger"/>
        </name>
        <birthDate value="1935-06-22"/>
        <address>
          <type value="both"/>
          <line value="Blumenweg">
            <extension url="http://hl7.org/fhir/StructureDefinition/iso21090-ADXP-streetName">
              <valueString value="Blumenweg"/>
            </extension>
          </line>
          <city value="Esens"/>
          <postalCode value="26427"/>
          <country value="D"/>
        </address>
      </Patient>
    </resource>
  </entry>
  <entry>
    <fullUrl value="http://pvs.praxis.local/fhir/Practitioner/d6f3b55d-3095-4655-96dc-da3bec21271c"/>
    <resource>
      <Practitioner>
        <id value="d6f3b55d-3095-4655-96dc-da3bec21271c"/>
        <meta>
          <profile value="https://fhir.kbv.de/StructureDefinition/KBV_PR_FOR_Practitioner|1.2"/>
        </meta>
        <identifier>
          <type>
            <coding>
              <system value="http://terminology.hl7.org/CodeSystem/v2-0203"/>
              <code value="LANR"/>
            </coding>
          </type>
          <system value="https://fhir.kbv.de/NamingSystem/KBV_NS_Base_ANR"/>
          <value value="754236701"/>
        </identifier>
        <name>
          <use value="official"/>
          <family value="Schulz">
            <extension url="http://hl7.org/fhir/StructureDefinition/humanname-own-name">
              <valueString value="Schulz"/>
            </extension>
          </family>
          <given value="Ben"/>
        </name>
        <qualification>
          <code>
            <coding>
              <system value="https://fhir.kbv.de/CodeSystem/KBV_CS_FOR_Qualification_Type"/>
              <code value="00"/>
            </coding>
          </code>
        </qualification>
        <qualification>
          <code>
            <coding>
              <system value="https://fhir.kbv.de/CodeSystem/KBV_CS_FOR_Berufsbezeichnung"/>
              <code value="Berufsbezeichnung"/>
            </coding>
            <text value="Facharzt für Allgemeinmedizin"/>
          </code>
        </qualification>
      </Practitioner>
    </resource>
  </entry>
  <entry>
    <fullUrl value="http://pvs.praxis.local/fhir/Organization/2a555cd3-0543-483c-88b3-f68647620962"/>
    <resource>
      <Organization>
        <id value="2a555cd3-0543-483c-88b3-f68647620962"/>
        <meta>
          <profile value="https://fhir.kbv.de/StructureDefinition/KBV_PR_FOR_Organization|1.2"/>
        </meta>
        <identifier>
          <type>
            <coding>
              <system value="http://terminology.hl7.org/CodeSystem/v2-0203"/>
              <code value="BSNR"/>
            </coding>
          </type>
          <system value="https://fhir.kbv.de/NamingSystem/KBV_NS_Base_BSNR"/>
          <value value="724444400"/>
        </identifier>
        <name value="Hausarztpraxis"/>
        <telecom>
          <system value="phone"/>
          <value value="030321654987"/>
        </telecom>
        <telecom>
          <system value="email"/>
          <value value="hausarztpraxis@e-mail.de"/>
        </telecom>
        <address>
          <type value="both"/>
          <line value="Herbert-Lewin-Platz 2">
            <extension url="http://hl7.org/fhir/StructureDefinition/iso21090-ADXP-houseNumber">
              <valueString value="2"/>
            </extension>
            <extension url="http://hl7.org/fhir/StructureDefinition/iso21090-ADXP-streetName">
              <valueString value="Herbert-Lewin-Platz"/>
            </extension>
          </line>
          <line value="Erdgeschoss">
            <extension url="http://hl7.org/fhir/StructureDefinition/iso21090-ADXP-additionalLocator">
              <valueString value="Erdgeschoss"/>
            </extension>
          </line>
          <city value="Berlin"/>
          <postalCode value="10623"/>
          <country value="D"/>
        </address>
      </Organization>
    </resource>
  </entry>
  <entry>
    <fullUrl value="http://pvs.praxis.local/fhir/Coverage/1b89236c-ab14-4e92-937e-5af0b59d0cd4"/>
    <resource>
      <Coverage>
        <id value="1b89236c-ab14-4e92-937e-5af0b59d0cd4"/>
        <meta>
          <profile value="https://fhir.kbv.de/StructureDefinition/KBV_PR_FOR_Coverage|1.2"/>
        </meta>
        <extension url="http://fhir.de/StructureDefinition/gkv/besondere-personengruppe">
          <valueCoding>
            <system value="https://fhir.kbv.de/CodeSystem/KBV_CS_SFHIR_KBV_PERSONENGRUPPE"/>
            <code value="00"/>
          </valueCoding>
        </extension>
        <extension url="http://fhir.de/StructureDefinition/gkv/dmp-kennzeichen">
          <valueCoding>
            <system value="https://fhir.kbv.de/CodeSystem/KBV_CS_SFHIR_KBV_DMP"/>
            <code value="05"/>
          </valueCoding>
        </extension>
        <extension url="http://fhir.de/StructureDefinition/gkv/wop">
          <valueCoding>
            <system value="https://fhir.kbv.de/CodeSystem/KBV_CS_SFHIR_ITA_WOP"/>
            <code value="17"/>
          </valueCoding>
        </extension>
        <extension url="http://fhir.de/StructureDefinition/gkv/versichertenart">
          <valueCoding>
            <system value="https://fhir.kbv.de/CodeSystem/KBV_CS_SFHIR_KBV_VERSICHERTENSTATUS"/>
            <code value="5"/>
          </valueCoding>
        </extension>
        <status value="active"/>
        <type>
          <coding>
            <system value="http://fhir.de/CodeSystem/versicherungsart-de-basis"/>
            <code value="GKV"/>
          </coding>
        </type>
        <beneficiary>
          <reference value="Patient/93866fdc-3e50-4902-a7e9-891b54737b5e"/>
        </beneficiary>
        <payor>
          <identifier>
            <system value="http://fhir.de/sid/arge-ik/iknr"/>
            <value value="109719018"/>
          </identifier>
          <display value="AOK Nordost"/>
        </payor>
      </Coverage>
    </resource>
  </entry>
</Bundle>