<?xml version="1.0" encoding="UTF-8"?>

<Bundle xmlns="http://hl7.org/fhir">
  <id value="dffbfd6a-5712-4798-bdc8-07201eb77ab8"/>
  <meta>
    <profile value="https://gematik.de/fhir/erp/StructureDefinition/eflow-rx-bundle"/>
    <tag>
      <display value="Receipt Bundle 'Quittung' for completed dispensation of a prescription"/>
    </tag>
  </meta>
  <identifier>
    <system value="https://gematik.de/fhir/erp/NamingSystem/GEM_ERP_NS_PrescriptionId"/>
    <value value="160.000.033.491.280.78"/>
  </identifier>
  <type value="document"/>
  <timestamp value="2026-07-01T15:29:00+00:00"/>
  <entry>
    <fullUrl value="urn:uuid:c624cf47-e235-4624-af71-0a09dc9254dc"/>
    <resource>
      <Composition>
        <id value="c624cf47-e235-4624-af71-0a09dc9254dc"/>
        <meta>
          <profile value="https://gematik.de/fhir/erp/StructureDefinition/eflow-rx-composition"/>
        </meta>
        <extension url="https://gematik.de/fhir/erp/StructureDefinition/eflow-rx-beneficiary-extension">
          <valueIdentifier>
            <system value="https://gematik.de/fhir/sid/telematik-id"/>
            <value value="3-SMC-B-Testkarte-883110000129070"/>
          </valueIdentifier>
        </extension>
        <status value="final"/>
        <type>
          <coding>
            <system value="https://gematik.de/fhir/erp/CodeSystem/eflow-rx-documenttype"/>
            <code value="3"/>
            <display value="Receipt"/>
          </coding>
        </type>
        <date value="2026-07-01T15:29:00+00:00"/>
        <author>
          <reference value="urn:uuid:1413b38d-81a6-432a-a801-98d7307a422b"/>
        </author>
        <title value="Quittung"/>
        <event>
          <period>
            <start value="2026-07-01T15:29:00+00:00"/>
            <end value="2026-07-01T15:29:00+00:00"/>
          </period>
        </event>
        <section>
          <entry>
            <reference value="urn:uuid:b939a82a-9c23-4b6d-a139-f468d1b9d652"/>
          </entry>
        </section>
      </Composition>
    </resource>
  </entry>
  <entry>
    <fullUrl value="urn:uuid:1413b38d-81a6-432a-a801-98d7307a422b"/>
    <resource>
      <Device>
        <id value="1"/>
        <meta>
          <profile value="https://gematik.de/fhir/erp/StructureDefinition/eflow-rx-device"/>
        </meta>
        <status value="active"/>
        <serialNumber value="1.14.0"/>
        <deviceName>
          <name value="E-Rezept-Fachdienst"/>
          <type value="user-friendly-name"/>
        </deviceName>
        <version>
          <value value="1.14.0"/>
        </version>
        <contact>
          <system value="email"/>
          <value value="betrieb@gematik.de"/>
        </contact>
      </Device>
    </resource>
  </entry>
  <entry>
    <fullUrl value="urn:uuid:b939a82a-9c23-4b6d-a139-f468d1b9d652"/>
    <resource>
      <Binary>
        <id value="b939a82a-9c23-4b6d-a139-f468d1b9d652"/>
        <meta>
          <profile value="https://gematik.de/fhir/erp/StructureDefinition/eflow-rx-digest"/>
        </meta>
        <contentType value="application/octet-stream"/>
        <data value="tJg8c5ZtdhzEEhJ0ZpAsUVFx5dKuYgQFs5oKgthi17M="/>
      </Binary>
    </resource>
  </entry>
  <signature>
    <type>
      <system value="urn:iso-astm:E1762-95:2013"/>
      <code value="1.2.840.10065.1.12.1.1"/>
    </type>
    <when value="2026-07-01T15:29:00+00:00"/>
    <who>
      <reference value="urn:uuid:1413b38d-81a6-432a-a801-98d7307a422b"/>
    </who>
    <sigFormat value="application/pkcs7-mime"/>
    <data value="dGhpcyBibG9iIGlzIHNuaXBwZWQ="/>
  </signature>
</Bundle>