{
  "codeSystems" : [{
    "url" : "http://dicom.nema.org/resources/ontology/DCM",
    "version" : "3.0.1",
    "status" : "active",
    "name" : "DCM",
    "title" : "DICOM Controlled Terminology",
    "description" : "Coded concepts defined in PS 3.16 Digital Imaging and Communications in Medicine (DICOM): Part 16: Content Mapping Resource, Annex D: DICOM Controlled Terminology Definition",
    "uses" : {
    },
    "http://hl7.org/fhir/R4/valueset-participation-role-type.html" : "ParticipationRoleType",
    "http://hl7.org/fhir/R4/valueset-security-role-type.html" : "SecurityRoleType",
    "http://hl7.org/fhir/R4/valueset-dicm-405-mediatype.html" : "Media Type Code",
    "http://hl7.org/fhir/R4/valueset-audit-event-sub-type.html" : "Audit Event Sub-Type",
    "http://hl7.org/fhir/R4/valueset-audit-event-type.html" : "Audit Event ID"
  },
  {
    "url" : "http://hl7.org/fhir/CodeSystem/medication-status",
    "version" : "5.0.0",
    "status" : "active",
    "name" : "MedicationStatusCodes",
    "title" : "Medication Status Codes",
    "description" : "Medication Status Codes",
    "uses" : {
    },
    "http://hl7.org/fhir/R4/valueset-medication-status.html" : "Medication  status  codes"
  },
  {
    "url" : "http://hl7.org/fhir/CodeSystem/task-code",
    "version" : "5.0.0",
    "status" : "active",
    "name" : "TaskCode",
    "title" : "Task Codes",
    "description" : "Codes indicating the type of action that is expected to be performed",
    "uses" : {
    },
    "http://hl7.org/fhir/R4/valueset-task-code.html" : "Task Codes"
  },
  {
    "url" : "http://hl7.org/fhir/audit-event-action",
    "version" : "5.0.0",
    "status" : "active",
    "name" : "AuditEventAction",
    "title" : "Audit Event Action",
    "description" : "Indicator for type of action performed during the event that generated the event.",
    "uses" : {
    },
    "http://hl7.org/fhir/R4/valueset-audit-event-action.html" : "AuditEventAction"
  },
  {
    "url" : "http://hl7.org/fhir/audit-event-outcome",
    "version" : "4.0.1",
    "status" : "draft",
    "name" : "AuditEventOutcome",
    "title" : "AuditEventOutcome",
    "description" : "Indicates whether the event succeeded or failed.",
    "oids" : ["2.16.840.1.113883.4.642.4.455"],
    "uses" : {
    },
    "http://hl7.org/fhir/R4/valueset-audit-event-outcome.html" : "AuditEventOutcome"
  },
  {
    "url" : "http://hl7.org/fhir/bundle-type",
    "version" : "5.0.0",
    "status" : "active",
    "name" : "BundleType",
    "title" : "Bundle Type",
    "description" : "Indicates the purpose of a bundle - how it is intended to be used.",
    "uses" : {
    },
    "http://hl7.org/fhir/R4/valueset-bundle-type.html" : "BundleType"
  },
  {
    "url" : "http://hl7.org/fhir/composition-attestation-mode",
    "version" : "5.0.0",
    "status" : "active",
    "name" : "CompositionAttestationMode",
    "title" : "Composition Attestation Mode",
    "description" : "The way in which a person authenticated a composition.",
    "uses" : {
    },
    "http://hl7.org/fhir/R4/valueset-composition-attestation-mode.html" : "CompositionAttestationMode"
  },
  {
    "url" : "http://hl7.org/fhir/composition-status",
    "version" : "5.0.0",
    "status" : "active",
    "name" : "CompositionStatus",
    "title" : "Composition Status",
    "description" : "The workflow/clinical status of the composition.",
    "uses" : {
    },
    "http://hl7.org/fhir/R4/valueset-composition-status.html" : "CompositionStatus"
  },
  {
    "url" : "http://hl7.org/fhir/device-nametype",
    "version" : "5.0.0",
    "status" : "active",
    "name" : "DeviceNameType",
    "title" : "Device Name Type",
    "description" : "The type of name the device is referred by.",
    "uses" : {
    },
    "http://hl7.org/fhir/R4/valueset-device-nametype.html" : "DeviceNameType"
  },
  {
    "url" : "http://hl7.org/fhir/device-status",
    "version" : "5.0.0",
    "status" : "active",
    "name" : "FHIRDeviceStatus",
    "title" : "FHIR Device Status",
    "description" : "The status of the Device record.",
    "uses" : {
    },
    "http://hl7.org/fhir/R4/valueset-device-status.html" : "FHIRDeviceStatus"
  },
  {
    "url" : "http://hl7.org/fhir/document-relationship-type",
    "version" : "5.0.0",
    "status" : "active",
    "name" : "DocumentRelationshipType",
    "title" : "Document Relationship Type",
    "description" : "The type of relationship between documents.",
    "uses" : {
    },
    "http://hl7.org/fhir/R4/valueset-document-relationship-type.html" : "DocumentRelationshipType"
  },
  {
    "url" : "http://hl7.org/fhir/event-status",
    "version" : "5.0.0",
    "status" : "draft",
    "name" : "EventStatus",
    "title" : "EventStatus",
    "description" : "Codes identifying the lifecycle stage of an event.",
    "uses" : {
    },
    "http://hl7.org/fhir/R4/valueset-event-status.html" : "EventStatus"
  },
  {
    "url" : "http://hl7.org/fhir/http-verb",
    "version" : "5.0.0",
    "status" : "active",
    "name" : "HTTPVerb",
    "title" : "H T T P Verb",
    "description" : "HTTP verbs (in the HTTP command line). See [HTTP rfc](https://tools.ietf.org/html/rfc7231) for details.",
    "uses" : {
    },
    "http://hl7.org/fhir/R4/valueset-http-verb.html" : "HTTPVerb"
  },
  {
    "url" : "http://hl7.org/fhir/identifier-use",
    "version" : "5.0.0",
    "status" : "active",
    "name" : "IdentifierUse",
    "title" : "IdentifierUse",
    "description" : "Identifies the purpose for this identifier, if known .",
    "uses" : {
    },
    "http://hl7.org/fhir/R4/valueset-identifier-use.html" : "IdentifierUse"
  },
  {
    "url" : "http://hl7.org/fhir/issue-severity",
    "version" : "5.0.0",
    "status" : "active",
    "name" : "IssueSeverity",
    "title" : "Issue Severity",
    "description" : "How the issue affects the success of the action.",
    "uses" : {
    },
    "http://hl7.org/fhir/R4/valueset-issue-severity.html" : "IssueSeverity"
  },
  {
    "url" : "http://hl7.org/fhir/issue-type",
    "version" : "5.0.0",
    "status" : "active",
    "name" : "IssueType",
    "title" : "Issue Type",
    "description" : "A code that describes the type of issue.",
    "uses" : {
    },
    "http://hl7.org/fhir/R4/valueset-issue-type.html" : "IssueType"
  },
  {
    "url" : "http://hl7.org/fhir/list-mode",
    "version" : "5.0.0",
    "status" : "active",
    "name" : "ListMode",
    "title" : "List Mode",
    "description" : "The processing mode that applies to this list.",
    "uses" : {
    },
    "http://hl7.org/fhir/R4/valueset-list-mode.html" : "ListMode"
  },
  {
    "url" : "http://hl7.org/fhir/network-type",
    "version" : "4.0.1",
    "status" : "draft",
    "name" : "AuditEventAgentNetworkType",
    "title" : "AuditEventAgentNetworkType",
    "description" : "The type of network access point of this agent in the audit event.",
    "oids" : ["2.16.840.1.113883.4.642.4.457"],
    "uses" : {
    },
    "http://hl7.org/fhir/R4/valueset-network-type.html" : "AuditEventAgentNetworkType"
  },
  {
    "url" : "http://hl7.org/fhir/quantity-comparator",
    "version" : "5.0.0",
    "status" : "active",
    "name" : "QuantityComparator",
    "title" : "QuantityComparator",
    "description" : "How the Quantity should be understood and represented.",
    "uses" : {
    },
    "http://hl7.org/fhir/R4/valueset-quantity-comparator.html" : "QuantityComparator"
  },
  {
    "url" : "http://hl7.org/fhir/request-intent",
    "version" : "5.0.0",
    "status" : "draft",
    "name" : "RequestIntent",
    "title" : "RequestIntent",
    "description" : "Codes indicating the degree of authority/intentionality associated with a request.",
    "uses" : {
    },
    "http://hl7.org/fhir/R4/valueset-task-intent.html" : "TaskIntent"
  },
  {
    "url" : "http://hl7.org/fhir/request-priority",
    "version" : "5.0.0",
    "status" : "draft",
    "name" : "RequestPriority",
    "title" : "RequestPriority",
    "description" : "Identifies the level of importance to be assigned to actioning the request.",
    "uses" : {
    },
    "http://hl7.org/fhir/R4/valueset-request-priority.html" : "Request priority"
  },
  {
    "url" : "http://hl7.org/fhir/resource-types",
    "version" : "4.0.1",
    "status" : "active",
    "name" : "ResourceType",
    "title" : "ResourceType",
    "description" : "One of the resource types defined as part of this version of FHIR.",
    "uses" : {
    },
    "http://hl7.org/fhir/R4/valueset-resource-types.html" : "ResourceType",
    "http://hl7.org/fhir/R4/valueset-audit-entity-type.html" : "Audit event entity type"
  },
  {
    "url" : "http://hl7.org/fhir/restful-interaction",
    "version" : "5.0.0",
    "status" : "active",
    "name" : "FHIRRestfulInteractions",
    "title" : "FHIR Restful Interactions",
    "description" : "The set of interactions defined by the RESTful part of the FHIR specification.",
    "uses" : {
    },
    "http://hl7.org/fhir/R4/valueset-audit-event-sub-type.html" : "Audit Event Sub-Type"
  },
  {
    "url" : "http://hl7.org/fhir/search-entry-mode",
    "version" : "5.0.0",
    "status" : "active",
    "name" : "SearchEntryMode",
    "title" : "Search Entry Mode",
    "description" : "Why an entry is in the result set - whether it's included as a match or because of an _include requirement, or to convey information or warning information about the search process.",
    "uses" : {
    },
    "http://hl7.org/fhir/R4/valueset-search-entry-mode.html" : "SearchEntryMode"
  },
  {
    "url" : "http://hl7.org/fhir/task-intent",
    "version" : "5.0.0",
    "status" : "active",
    "name" : "TaskIntent",
    "title" : "Task Intent",
    "description" : "Distinguishes whether the task is a proposal, plan or full order.",
    "uses" : {
    },
    "http://hl7.org/fhir/R4/valueset-task-intent.html" : "TaskIntent"
  },
  {
    "url" : "http://hl7.org/fhir/task-status",
    "version" : "5.0.0",
    "status" : "active",
    "name" : "TaskStatus",
    "title" : "Task Status",
    "description" : "The current status of the task.",
    "uses" : {
    },
    "http://hl7.org/fhir/R4/valueset-task-status.html" : "TaskStatus"
  },
  {
    "url" : "http://hl7.org/fhir/udi-entry-type",
    "version" : "5.0.0",
    "status" : "active",
    "name" : "UDIEntryType",
    "title" : "UDI Entry Type",
    "description" : "Codes to identify how UDI data was entered.",
    "uses" : {
    },
    "http://hl7.org/fhir/R4/valueset-udi-entry-type.html" : "UDIEntryType"
  },
  {
    "url" : "http://loinc.org",
    "version" : "3.1.0",
    "status" : "active",
    "name" : "LOINC",
    "title" : "Logical Observation Identifiers, Names and Codes (LOINC)",
    "description" : "LOINC provides a set of universal names and ID codes for identifying laboratory and clinical test results.1,2 LOINC facilitates the exchange and pooling of results, such as blood hemoglobin, serum potassium, or vital signs, for clinical care, outcomes management, and research. LOINC's universal identifiers (names and codes) can be used in the context of order and observation exchanges between information systems that use syntax standards such as HL73, CEN TC251, ISO TC215, ASTM4, and DICOM. Specifically, the identifier can be used as the coded value for an observation in any other standard that uses the observation/observation value paradigm, whether messages, documents, application programming interface (API), etc. For example, LOINC codes are used widely in the OBX segment Observation Identifier field (OBX-3) of an ORU HL7 (HL7 version 2.x or ASTM 1238-9410) message that may be sent between a Clinical Laboratory Information Management Systems (LIMS) and Electronic Health Record Systems (EHR).5, 6 In this way, LOINC codes provide universal identifiers that allow the exchange of clinical data between heterogeneous computing environments.",
    "oids" : ["2.16.840.1.113883.6.1"],
    "uses" : {
    },
    "http://hl7.org/fhir/R4/valueset-document-classcodes.html" : "Document Class Value Set",
    "http://hl7.org/fhir/R4/valueset-doc-typecodes.html" : "FHIR Document Type Codes",
    "http://hl7.org/fhir/R4/valueset-doc-section-codes.html" : "Document Section Codes"
  },
  {
    "url" : "http://snomed.info/sct",
    "version" : null,
    "status" : "active",
    "name" : "SNOMED_CT",
    "title" : "SNOMED CT (all versions)",
    "description" : "SNOMED CT is the most comprehensive and precise clinical health terminology product in the world, owned and distributed around the world by The International Health Terminology Standards Development Organisation (IHTSDO).",
    "oids" : ["2.16.840.1.113883.6.96"],
    "uses" : {
    },
    "http://hl7.org/fhir/R4/valueset-clinical-findings.html" : "SNOMED CT Clinical Findings",
    "http://hl7.org/fhir/R4/valueset-device-type.html" : "Device Type",
    "http://hl7.org/fhir/R4/valueset-medication-form-codes.html" : "SNOMED CT Form Codes",
    "http://hl7.org/fhir/R4/valueset-performer-role.html" : "Procedure Performer Role Codes",
    "http://hl7.org/fhir/R4/valueset-medication-codes.html" : "SNOMED CT Medication Codes"
  },
  {
    "url" : "http://terminology.hl7.org/CodeSystem/audit-entity-type",
    "version" : "1.0.1",
    "status" : "active",
    "name" : "AuditEventEntityType",
    "title" : "Audit event entity type",
    "description" : "Code for the entity type involved in the audit event.",
    "oids" : ["2.16.840.1.113883.4.642.1.1134"],
    "uses" : {
    },
    "http://hl7.org/fhir/R4/valueset-audit-entity-type.html" : "Audit event entity type"
  },
  {
    "url" : "http://terminology.hl7.org/CodeSystem/audit-event-type",
    "version" : "1.0.0",
    "status" : "active",
    "name" : "AuditEventID",
    "title" : "Audit Event ID",
    "description" : "Event Types for Audit Events - defined by DICOM with some FHIR specific additions.",
    "oids" : ["2.16.840.1.113883.4.642.1.1136"],
    "uses" : {
    },
    "http://hl7.org/fhir/R4/valueset-audit-event-type.html" : "Audit Event ID"
  },
  {
    "url" : "http://terminology.hl7.org/CodeSystem/common-tags",
    "version" : "1.0.1",
    "status" : "active",
    "name" : "CommonTags",
    "title" : "Common Tags",
    "description" : "Common Tag Codes defined by FHIR project",
    "oids" : ["2.16.840.1.113883.4.642.1.1067"],
    "uses" : {
    },
    "http://hl7.org/fhir/R4/valueset-common-tags.html" : "Common Tags"
  },
  {
    "url" : "http://terminology.hl7.org/CodeSystem/communication-category",
    "version" : "1.0.1",
    "status" : "active",
    "name" : "CommunicationCategory",
    "title" : "CommunicationCategory",
    "description" : "Codes for general categories of communications such as alerts, instructions, etc.",
    "oids" : ["2.16.840.1.113883.4.642.1.1076"],
    "uses" : {
    },
    "http://hl7.org/fhir/R4/valueset-communication-category.html" : "CommunicationCategory"
  },
  {
    "url" : "http://terminology.hl7.org/CodeSystem/communication-not-done-reason",
    "version" : "1.0.1",
    "status" : "active",
    "name" : "CommunicationNotDoneReason",
    "title" : "CommunicationNotDoneReason",
    "description" : "Codes for the reason why a communication did not happen.",
    "oids" : ["2.16.840.1.113883.4.642.1.1077"],
    "uses" : {
    },
    "http://hl7.org/fhir/R4/valueset-communication-not-done-reason.html" : "CommunicationNotDoneReason"
  },
  {
    "url" : "http://terminology.hl7.org/CodeSystem/communication-topic",
    "version" : "1.0.1",
    "status" : "active",
    "name" : "CommunicationTopic",
    "title" : "CommunicationTopic",
    "description" : "Codes describing the purpose or content of the communication.",
    "oids" : ["2.16.840.1.113883.4.642.1.1078"],
    "uses" : {
    },
    "http://hl7.org/fhir/R4/valueset-communication-topic.html" : "CommunicationTopic"
  },
  {
    "url" : "http://terminology.hl7.org/CodeSystem/contractsignertypecodes",
    "version" : "1.0.1",
    "status" : "active",
    "name" : "ContractSignerTypeCodes",
    "title" : "Contract Signer Type Codes",
    "description" : "This value set includes sample Contract Signer Type codes.",
    "oids" : ["2.16.840.1.113883.4.642.1.1201"],
    "uses" : {
    },
    "http://hl7.org/fhir/R4/valueset-participation-role-type.html" : "ParticipationRoleType",
    "http://hl7.org/fhir/R4/valueset-security-role-type.html" : "SecurityRoleType"
  },
  {
    "url" : "http://terminology.hl7.org/CodeSystem/device-status-reason",
    "version" : "1.0.0",
    "status" : "draft",
    "name" : "FHIRDeviceStatusReason",
    "title" : "FHIRDeviceStatusReason",
    "description" : "The availability status reason of the device.",
    "oids" : ["2.16.840.1.113883.4.642.1.1082"],
    "uses" : {
    },
    "http://hl7.org/fhir/R4/valueset-device-status-reason.html" : "FHIRDeviceStatusReason"
  },
  {
    "url" : "http://terminology.hl7.org/CodeSystem/dicom-audit-lifecycle",
    "version" : "2.0.0",
    "status" : "active",
    "name" : "DicomAuditMessageRecordLifecycleEvents",
    "title" : "DICOM Audit Message Record Lifecycle Events",
    "description" : "Attached is vocabulary for the record lifecycle events, as per DICOM Audit Message,",
    "uses" : {
    },
    "http://hl7.org/fhir/R4/valueset-object-lifecycle-events.html" : "ObjectLifecycleEvents"
  },
  {
    "url" : "http://terminology.hl7.org/CodeSystem/extra-security-role-type",
    "version" : "1.0.1",
    "status" : "active",
    "name" : "SecurityRoleType",
    "title" : "Security Role Type",
    "description" : "This CodeSystem contains Additional FHIR-defined Security Role types not defined elsewhere",
    "uses" : {
    },
    "http://hl7.org/fhir/R4/valueset-participation-role-type.html" : "ParticipationRoleType",
    "http://hl7.org/fhir/R4/valueset-security-role-type.html" : "SecurityRoleType"
  },
  {
    "url" : "http://terminology.hl7.org/CodeSystem/iso-21089-lifecycle",
    "version" : "1.0.0",
    "status" : "active",
    "name" : "Iso_21089_2017_Health_Record_Lifecycle_Events",
    "title" : "ISO 21089 2017 Health Record Lifecycle Events",
    "description" : "Attached is vocabulary for the 27 record lifecycle events, as per ISO TS 21089-2017, Health Informatics - Trusted End-to-End Information Flows, Section 3, Terms and Definitions (2017, at ISO Central Secretariat, passed ballot and ready for publication).  This will also be included in the FHIR EHR Record Lifecycle Event Implementation Guide, balloted and (to be) published with FHIR STU-3.",
    "uses" : {
    },
    "http://hl7.org/fhir/R4/valueset-object-lifecycle-events.html" : "ObjectLifecycleEvents",
    "http://hl7.org/fhir/R4/valueset-audit-event-type.html" : "Audit Event ID"
  },
  {
    "url" : "http://terminology.hl7.org/CodeSystem/list-empty-reason",
    "version" : "1.0.1",
    "status" : "active",
    "name" : "ListEmptyReasons",
    "title" : "List Empty Reasons",
    "description" : "General reasons for a list to be empty. Reasons are either related to a summary list (i.e. problem or medication list) or to a workflow related list (i.e. consultation list).",
    "oids" : ["2.16.840.1.113883.4.642.1.1106"],
    "uses" : {
    },
    "http://hl7.org/fhir/R4/valueset-list-empty-reason.html" : "List Empty Reasons"
  },
  {
    "url" : "http://terminology.hl7.org/CodeSystem/list-order",
    "version" : "2.0.0",
    "status" : "active",
    "name" : "ListOrderCodes",
    "title" : "List Order Codes",
    "description" : "Base values for the order of item lists in resources.",
    "oids" : ["2.16.840.1.113883.4.642.1.1107"],
    "uses" : {
    },
    "http://hl7.org/fhir/R4/valueset-list-order.html" : "List Order Codes"
  },
  {
    "url" : "http://terminology.hl7.org/CodeSystem/medicationdispense-performer-function",
    "version" : "1.0.1",
    "status" : "active",
    "name" : "MedicationDispensePerformerFunctionCodes",
    "title" : "MedicationDispense Performer Function Codes",
    "description" : "MedicationDispense Performer Function Codes",
    "oids" : ["2.16.840.1.113883.4.642.1.1319"],
    "uses" : {
    },
    "http://hl7.org/fhir/R4/valueset-medicationdispense-performer-function.html" : "Medication dispense  performer  function  codes"
  },
  {
    "url" : "http://terminology.hl7.org/CodeSystem/medicationdispense-status",
    "version" : "4.0.1",
    "status" : "draft",
    "name" : "MedicationDispense Status Codes",
    "title" : "Medication dispense  status  codes",
    "description" : "MedicationDispense Status Codes",
    "oids" : ["2.16.840.1.113883.4.642.4.1313"],
    "uses" : {
    },
    "https://simplifier.net/resolve?scope=de.gematik.epa.medication@1.3.0&canonical=https://gematik.de/fhir/terminology/ValueSet/ti-medication-dispense-status-vs" : "TI Medication Dispense ValueSet"
  },
  {
    "url" : "http://terminology.hl7.org/CodeSystem/object-role",
    "version" : "1.1.0",
    "status" : "active",
    "name" : "AuditEventEntityRole",
    "title" : "AuditEventEntityRole",
    "description" : "Code representing the role the entity played in the audit event.",
    "oids" : ["2.16.840.1.113883.4.642.1.1135"],
    "uses" : {
    },
    "http://hl7.org/fhir/R4/valueset-object-role.html" : "AuditEventEntityRole"
  },
  {
    "url" : "http://terminology.hl7.org/CodeSystem/operation-outcome",
    "version" : "3.0.0",
    "status" : "draft",
    "name" : "OperationOutcomeCodes",
    "title" : "Operation Outcome Codes",
    "description" : "Operation Outcome codes used by FHIR test servers (see Implementation file translations.xml)",
    "oids" : ["2.16.840.1.113883.4.642.1.1127"],
    "uses" : {
    },
    "ValueSet-GEM-ERP-VS-OperationOutcomeDetails.html" : "GEM ERP VS OperationOutcomeDetails"
  },
  {
    "url" : "http://terminology.hl7.org/CodeSystem/security-source-type",
    "version" : "1.0.0",
    "status" : "active",
    "name" : "AuditEventSourceType",
    "title" : "Audit Event Source Type",
    "description" : "The type of process where the audit event originated from.",
    "oids" : ["2.16.840.1.113883.4.642.1.1137"],
    "uses" : {
    },
    "http://hl7.org/fhir/R4/valueset-audit-source-type.html" : "Audit Event Source Type"
  },
  {
    "url" : "http://terminology.hl7.org/CodeSystem/v2-0203",
    "version" : "5.0.0",
    "status" : "active",
    "name" : "IdentifierType",
    "title" : "identifierType",
    "description" : "HL7-defined code system of concepts specifying type of identifier. Used in HL7 Version 2.x messaging data types CX, PLN, PPN, XCN and XON.",
    "oids" : ["2.16.840.1.113883.18.108"],
    "uses" : {
    },
    "http://hl7.org/fhir/R4/valueset-identifier-type.html" : "IdentifierType"
  },
  {
    "url" : "http://terminology.hl7.org/CodeSystem/v3-ActCode",
    "version" : "9.0.0",
    "status" : "active",
    "name" : "ActCode",
    "title" : "ActCode",
    "description" : "A code specifying the particular kind of Act that the Act-instance represents within its class.\r\n\r\n*Constraints:* The kind of Act (e.g. physical examination, serum potassium, inpatient encounter, charge financial transaction, etc.) is specified with a code from one of several, typically external, coding systems. The coding system will depend on the class of Act, such as LOINC for observations, etc.\r\n\r\nConceptually, the Act.code must be a specialization of the Act.classCode. This is why the structure of ActClass domain should be reflected in the superstructure of the ActCode domain and then individual codes or externally referenced vocabularies subordinated under these domains that reflect the ActClass structure.\r\n\r\nAct.classCode and Act.code are not modifiers of each other but the Act.code concept should really imply the Act.classCode concept. For a negative example, it is not appropriate to use an Act.code \"potassium\" together with and Act.classCode for \"laboratory observation\" to somehow mean \"potassium laboratory observation\" and then use the same Act.code for \"potassium\" together with Act.classCode for \"medication\" to mean \"substitution of potassium\". This mutually modifying use of Act.code and Act.classCode is not permitted.",
    "oids" : ["2.16.840.1.113883.5.4"],
    "uses" : {
    },
    "http://terminology.hl7.org/7.0.1/ValueSet-v3-ActCode.html" : "v3 Code System ActCode",
    "http://terminology.hl7.org/7.0.1/ValueSet-v3-ActPharmacySupplyType.html" : "ActPharmacySupplyType"
  },
  {
    "url" : "http://terminology.hl7.org/CodeSystem/v3-ActReason",
    "version" : "3.1.0",
    "status" : "active",
    "name" : "ActReason",
    "title" : "ActReason",
    "description" : "A set of codes specifying the motivation, cause, or rationale of an Act, when such rationale is not reasonably represented as an ActRelationship of type \"has reason\" linking to another Act.\r\n\r\n*Examples:* Example reasons that might qualify for being coded in this field might be: \"routine requirement\", \"infectious disease reporting requirement\", \"on patient request\", \"required by law\".",
    "oids" : ["2.16.840.1.113883.5.8"],
    "uses" : {
    },
    "http://terminology.hl7.org/7.0.1/ValueSet-v3-PurposeOfUse.html" : "PurposeOfUse",
    "http://terminology.hl7.org/7.0.1/ValueSet-v3-SubstanceAdminSubstitutionReason.html" : "SubstanceAdminSubstitutionReason"
  },
  {
    "url" : "http://terminology.hl7.org/CodeSystem/v3-Confidentiality",
    "version" : "3.0.0",
    "status" : "active",
    "name" : "Confidentiality",
    "title" : "Confidentiality",
    "description" : "A set of codes specifying the security classification of acts and roles in accordance with the definition for concept domain \"Confidentiality\".",
    "oids" : ["2.16.840.1.113883.5.25"],
    "uses" : {
    },
    "http://hl7.org/fhir/R4/v3/ConfidentialityClassification/vs.html" : "V3 Value SetConfidentialityClassification"
  },
  {
    "url" : "http://terminology.hl7.org/CodeSystem/v3-ParticipationFunction",
    "version" : "3.0.0",
    "status" : "active",
    "name" : "ParticipationFunction",
    "title" : "ParticipationFunction",
    "description" : "This code is used to specify the exact function an actor had in a service in all necessary detail. This domain may include local extensions (CWE).",
    "oids" : ["2.16.840.1.113883.5.88"],
    "uses" : {
    },
    "http://hl7.org/fhir/R4/valueset-participation-role-type.html" : "ParticipationRoleType",
    "http://hl7.org/fhir/R4/valueset-security-role-type.html" : "SecurityRoleType"
  },
  {
    "url" : "http://terminology.hl7.org/CodeSystem/v3-ParticipationMode",
    "version" : "4.0.0",
    "status" : "active",
    "name" : "ParticipationMode",
    "title" : "ParticipationMode",
    "description" : "A set of codes specifying the modality by which the Entity playing the Role is participating in the Act.\r\n\r\n*Examples:* Physically present, over the telephone, written communication.\r\n\r\n*Rationale:* Particularly for author (originator) participants this is used to specify whether the information represented by the act was initially provided verbally, (hand-)written, or electronically.\r\n\r\n*Open Issue:* There needs to be a reexamination of the hierarchies as there seems to be some muddling between ELECTRONIC and other concepts that involve electronic communication that are in other hierarchies.",
    "oids" : ["2.16.840.1.113883.5.1064"],
    "uses" : {
    },
    "http://terminology.hl7.org/7.0.1/ValueSet-v3-ParticipationMode.html" : "ParticipationMode"
  },
  {
    "url" : "http://terminology.hl7.org/CodeSystem/v3-ParticipationType",
    "version" : "5.0.0",
    "status" : "active",
    "name" : "ParticipationType",
    "title" : "ParticipationType",
    "description" : "A code specifying the meaning and purpose of every Participation instance. Each of its values implies specific constraints on the Roles undertaking the participation.",
    "oids" : ["2.16.840.1.113883.5.90"],
    "uses" : {
    },
    "http://hl7.org/fhir/R4/valueset-participation-role-type.html" : "ParticipationRoleType",
    "http://hl7.org/fhir/R4/valueset-security-role-type.html" : "SecurityRoleType"
  },
  {
    "url" : "http://terminology.hl7.org/CodeSystem/v3-RoleClass",
    "version" : "4.0.0",
    "status" : "active",
    "name" : "RoleClass",
    "title" : "RoleClass",
    "description" : "Codes for the Role class hierarchy. The values in this hierarchy, represent a Role which is an association or relationship between two entities - the entity that plays the role and the entity that scopes the role. Roles names are derived from the name of the playing entity in that role.\r\n\r\nThe role hierarchy stems from three core concepts, or abstract domains:\r\n\r\n *  **RoleClassOntological** is an abstract domain that collects roles in which the playing entity is defined or specified by the scoping entity.\r\n *  **RoleClassPartitive** collects roles in which the playing entity is in some sense a \"part\" of the scoping entity.\r\n *  **RoleClassAssociative** collects all of the remaining forms of association between the playing entity and the scoping entity. This set of roles is further partitioned between:\r\n    \r\n     *  **RoleClassPassive** which are roles in which the playing entity is used, known, treated, handled, built, or destroyed, etc. under the auspices of the scoping entity. The playing entity is passive in these roles in that the role exists without an agreement from the playing entity.\r\n     *  **RoleClassMutualRelationship** which are relationships based on mutual behavior of the two entities. The basis of these relationship may be formal agreements or they may be *de facto* behavior. Thus, this sub-domain is further divided into:\r\n        \r\n         *  **RoleClassRelationshipFormal** in which the relationship is formally defined, frequently by a contract or agreement.\r\n         *  **Personal relationship** which inks two people in a personal relationship.\r\n\r\nThe hierarchy discussed above is represented In the current vocabulary tables as a set of abstract domains, with the exception of the \"Personal relationship\" which is a leaf concept.\r\n\r\n*OpenIssue:* Description copied from Concept Domain of same name. Must be verified.",
    "oids" : ["2.16.840.1.113883.5.110"],
    "uses" : {
    },
    "http://hl7.org/fhir/R4/valueset-participation-role-type.html" : "ParticipationRoleType",
    "http://hl7.org/fhir/R4/valueset-security-role-type.html" : "SecurityRoleType"
  },
  {
    "url" : "http://terminology.hl7.org/CodeSystem/v3-RoleCode",
    "version" : "3.0.0",
    "status" : "active",
    "name" : "RoleCode",
    "title" : "RoleCode",
    "description" : "A set of codes further specifying the kind of Role; specific classification codes for further qualifying RoleClass codes.",
    "oids" : ["2.16.840.1.113883.5.111"],
    "uses" : {
    },
    "http://hl7.org/fhir/R4/valueset-participation-role-type.html" : "ParticipationRoleType",
    "http://hl7.org/fhir/R4/valueset-security-role-type.html" : "SecurityRoleType"
  },
  {
    "url" : "http://terminology.hl7.org/CodeSystem/v3-substanceAdminSubstitution",
    "version" : "3.0.0",
    "status" : "active",
    "name" : "SubstanceAdminSubstitution",
    "title" : "Substance Admin Substitution",
    "description" : "Identifies what sort of change is permitted or has occurred between the therapy that was ordered and the therapy that was/will be provided.",
    "oids" : ["2.16.840.1.113883.5.1070"],
    "uses" : {
    },
    "http://terminology.hl7.org/7.0.1/ValueSet-v3-ActSubstanceAdminSubstitutionCode.html" : "ActSubstanceAdminSubstitutionCode"
  },
  {
    "url" : "http://terminology.hl7.org/fhir/CodeSystem/medicationdispense-status-reason",
    "version" : "4.0.1",
    "status" : "draft",
    "name" : "MedicationDispense Status Reason Codes",
    "title" : "Medication dispense  status  reason  codes",
    "description" : "MedicationDispense Status Codes",
    "oids" : ["2.16.840.1.113883.4.642.4.1317"],
    "uses" : {
    },
    "http://hl7.org/fhir/R4/valueset-medicationdispense-status-reason.html" : "Medication dispense  status  reason  codes"
  },
  {
    "url" : "http://unitsofmeasure.org",
    "version" : "3.0.1",
    "status" : "active",
    "name" : "UCUM",
    "title" : "Unified Code for Units of Measure (UCUM)",
    "description" : "The Unified Code for Units of Measure (UCUM) is a code system intended to include all units of measures being contemporarily used in international science, engineering, and business. The purpose is to facilitate unambiguous electronic communication of quantities together with their units. The focus is on electronic communication, as opposed to communication between humans. A typical application of The Unified Code for Units of Measure are electronic data interchange (EDI) protocols, but there is nothing that prevents it from being used in other types of machine communication.",
    "uses" : {
    },
    "http://hl7.org/fhir/R4/valueset-ucum-units.html" : "UCUM Codes"
  },
  {
    "url" : "https://gematik.de/fhir/epa-medication/CodeSystem/epa-drug-category-cs",
    "version" : "1.0.7",
    "status" : "active",
    "name" : "EPADrugCategoryCS",
    "title" : "EPA Code System für Arzneimittelkategorien",
    "description" : "EPA Code System für Arzneimittelkategorien",
    "uses" : {
    },
    "https://simplifier.net/resolve?scope=de.gematik.epa.medication@1.3.0&canonical=https://gematik.de/fhir/terminology/ValueSet/ti-drug-category-vs" : "TI Drug Category ValueSet"
  },
  {
    "url" : "https://gematik.de/fhir/erp/CodeSystem/GEM-ERP-CS-AvailabilityStatus",
    "version" : "1.0.0-draft",
    "status" : "draft",
    "name" : "GEM_ERP_CS_AvailabilityStatus",
    "title" : "CodeSystem des Verfügbarkeitsstatus",
    "description" : "Typ des Verfügbarkeitsstatus für die Anfrage zur Medikamentenverfügbarkeit.",
    "uses" : {
    },
    "ValueSet-GEM-ERP-VS-AvailabilityStatus.html" : "ValueSet der Verfügbarkeitsstatus-Codes"
  },
  {
    "url" : "https://gematik.de/fhir/erp/CodeSystem/GEM-ERP-CS-DocumentType",
    "version" : "1.0.0-draft",
    "status" : "draft",
    "name" : "GEM_ERP_CS_DocumentType",
    "title" : "CodeSystem der Dokumententypen",
    "description" : "Dokumententyp abhängig vom Empfänger des Bundles.",
    "uses" : {
    },
    "ValueSet-GEM-ERP-VS-DocumentType.html" : "ValueSet der Dokumenttyp-Codes"
  },
  {
    "url" : "https://gematik.de/fhir/erp/CodeSystem/GEM-ERP-CS-FlowType",
    "version" : "1.0.0-draft",
    "status" : "draft",
    "name" : "GEM_ERP_CS_FlowType",
    "title" : "CodeSystem der Flowtypen",
    "description" : "Zeigt die verschiedenen Typen des E-Rezept Workflows entsprechend der Verordnungsformulare.\n\nWICHTIG: Der Codebereich 9xx ist reserviert für Abrechnungsprozesse in Apotheken wie z.B. Pharmazeutische Dienstleistungen!",
    "uses" : {
    },
    "ValueSet-GEM-ERP-VS-FlowType.html" : "ValueSet der FlowType-Codes"
  },
  {
    "url" : "https://gematik.de/fhir/erp/CodeSystem/GEM-ERP-CS-OperationOutcomeDetails",
    "version" : "1.0.0-draft",
    "status" : "draft",
    "name" : "GEM_ERP_CS_OperationOutcomeDetails",
    "title" : "GEM ERP CS OperationOutcomeDetails",
    "description" : "Fachliche Fehlercodes des E-Rezept-Fachdienst",
    "uses" : {
    },
    "ValueSet-GEM-ERP-VS-OperationOutcomeDetails.html" : "GEM ERP VS OperationOutcomeDetails"
  },
  {
    "url" : "https://gematik.de/fhir/erp/CodeSystem/GEM-ERP-CS-OrganizationType",
    "version" : "1.0.0-draft",
    "status" : "draft",
    "name" : "GEM_ERP_CS_OrganizationType",
    "title" : "CodeSystem der Organisationstyp-Codes",
    "description" : "Typ der Organisation, bei der E-Rezepte eingelöst werden können.",
    "uses" : {
    },
    "ValueSet-GEM-ERP-VS-OrganizationType.html" : "ValueSet der Organisationstyp-Codes"
  },
  {
    "url" : "https://gematik.de/fhir/terminology/CodeSystem/ti-medication-dispense-category-cs",
    "version" : "1.0.7",
    "status" : "active",
    "name" : "TIMedicationDispenseCategoryCS",
    "title" : "TI Medication Dispense Category CodeSystem",
    "description" : "Definiert den Kontext einer Abgabe: mit oder ohne ärztliche Verschreibung.",
    "uses" : {
    },
    "https://simplifier.net/resolve?scope=de.gematik.epa.medication@1.3.0&canonical=https://gematik.de/fhir/terminology/ValueSet/ti-medication-dispense-category-vs" : "TI Medication Dispense Category ValueSet"
  },
  {
    "url" : "https://gematik.de/fhir/ti/CodeSystem/operation-outcome-details-codes",
    "version" : "1.1.1",
    "status" : "active",
    "name" : "TIOperationOutcomeDetailsCS",
    "title" : "TI Operation Outcome Details CodeSystem",
    "description" : "Telematikinfrastruktur (TI) Operation Outcome Details CodeSystem",
    "uses" : {
    },
    "ValueSet-GEM-ERP-VS-OperationOutcomeDetails.html" : "GEM ERP VS OperationOutcomeDetails"
  },
  {
    "url" : "urn:ietf:bcp:47",
    "version" : "2.0.1",
    "status" : "active",
    "name" : "Ietf3066",
    "title" : "Tags for the Identification of Languages",
    "description" : "Older value from OID registry.  Superceded; see recommendations in BCP-47.",
    "uses" : {
    },
    "http://hl7.org/fhir/R4/valueset-languages.html" : "Common Languages"
  },
  {
    "url" : "urn:iso-astm:E1762-95:2013",
    "version" : "5.0.0",
    "status" : "active",
    "name" : "ASTMSignatureTypeCodes",
    "title" : "ASTM Signature Type Codes",
    "description" : "The Digital Signature Purposes, an indication of the reason an entity signs a document. This is included in the signed information and can be used when determining accountability for various actions concerning the document. Examples include: author, transcriptionist/recorder, and witness.",
    "uses" : {
    },
    "http://hl7.org/fhir/R4/valueset-signature-type.html" : "Signature Type Codes"
  }]
}
