<?xml version="1.0" encoding="UTF-8"?>

<CodeSystem xmlns="http://hl7.org/fhir">
  <id value="GEM-ERP-CS-FlowType"/>
  <text>
    <status value="generated"/><div xmlns="http://www.w3.org/1999/xhtml"><p class="res-header-id"><b>Generated Narrative: CodeSystem GEM-ERP-CS-FlowType</b></p><a name="GEM-ERP-CS-FlowType"> </a><a name="hcGEM-ERP-CS-FlowType"> </a><p>This case-sensitive code system <code>https://gematik.de/fhir/erp/CodeSystem/GEM-ERP-CS-FlowType</code> defines the following codes:</p><table class="codes"><tr><td style="white-space:nowrap"><b>Code</b></td><td><b>Display</b></td></tr><tr><td style="white-space:nowrap">160<a name="GEM-ERP-CS-FlowType-160"> </a></td><td>Flowtype für Apothekenpflichtige Arzneimittel</td></tr><tr><td style="white-space:nowrap">162<a name="GEM-ERP-CS-FlowType-162"> </a></td><td>Flowtype für Digitale Gesundheitsanwendungen</td></tr><tr><td style="white-space:nowrap">165<a name="GEM-ERP-CS-FlowType-165"> </a></td><td>Flowtype für Betäubungsmittel</td></tr><tr><td style="white-space:nowrap">166<a name="GEM-ERP-CS-FlowType-166"> </a></td><td>Flowtype für Arzneimittel nach § 3a AMVV</td></tr><tr><td style="white-space:nowrap">169<a name="GEM-ERP-CS-FlowType-169"> </a></td><td>Flowtype zur Workflow-Steuerung durch Leistungserbringer</td></tr><tr><td style="white-space:nowrap">200<a name="GEM-ERP-CS-FlowType-200"> </a></td><td>Flowtype für Apothekenpflichtige Arzneimittel (PKV)</td></tr><tr><td style="white-space:nowrap">209<a name="GEM-ERP-CS-FlowType-209"> </a></td><td>Flowtype zur Workflow-Steuerung durch Leistungserbringer (PKV)</td></tr></table></div>
  </text>
  <url value="https://gematik.de/fhir/erp/CodeSystem/GEM-ERP-CS-FlowType"/>
  <version value="1.0.0-draft"/>
  <name value="GEM_ERP_CS_FlowType"/>
  <title value="CodeSystem der Flowtypen"/>
  <status value="draft"/>
  <experimental value="false"/>
  <date value="2025-12-15"/>
  <publisher value="gematik GmbH"/>
  <contact>
    <name value="gematik GmbH"/>
    <telecom>
      <system value="url"/>
      <value value="https://gematik.de"/>
    </telecom>
    <telecom>
      <system value="email"/>
      <value value="erp-umsetzung@gematik.de"/>
    </telecom>
  </contact>
  <description value="Zeigt die verschiedenen Typen des E-Rezept Workflows entsprechend der Verordnungsformulare.&#xA;&#xA;WICHTIG: Der Codebereich 9xx ist reserviert für Abrechnungsprozesse in Apotheken wie z.B. Pharmazeutische Dienstleistungen!"/>
  <jurisdiction>
    <coding>
      <system value="urn:iso:std:iso:3166"/>
      <code value="DE"/>
      <display value="Germany"/>
    </coding>
  </jurisdiction>
  <copyright value="gematik GmbH / Dieses Artefakt ist lizenziert unter [Apache License](./license.html), Version 2.0."/>
  <caseSensitive value="true"/>
  <content value="complete"/>
  <count value="7"/>
  <concept>
    <code value="160"/>
    <display value="Flowtype für Apothekenpflichtige Arzneimittel"/>
  </concept>
  <concept>
    <code value="162"/>
    <display value="Flowtype für Digitale Gesundheitsanwendungen"/>
  </concept>
  <concept>
    <code value="165"/>
    <display value="Flowtype für Betäubungsmittel"/>
  </concept>
  <concept>
    <code value="166"/>
    <display value="Flowtype für Arzneimittel nach § 3a AMVV"/>
  </concept>
  <concept>
    <code value="169"/>
    <display value="Flowtype zur Workflow-Steuerung durch Leistungserbringer"/>
  </concept>
  <concept>
    <code value="200"/>
    <display value="Flowtype für Apothekenpflichtige Arzneimittel (PKV)"/>
  </concept>
  <concept>
    <code value="209"/>
    <display value="Flowtype zur Workflow-Steuerung durch Leistungserbringer (PKV)"/>
  </concept>
</CodeSystem>