<?xml version="1.0" encoding="UTF-8"?>

<Device xmlns="http://hl7.org/fhir">
  <id value="1"/>
  <meta>
    <profile value="https://gematik.de/fhir/erp/StructureDefinition/eflow-rx-device"/>
  </meta>
  <text>
    <status value="generated"/><div xmlns="http://www.w3.org/1999/xhtml"><p class="res-header-id"><b>Generated Narrative: Device 1</b></p><a name="1"> </a><a name="hc1"> </a><div style="display: inline-block; background-color: #d9e0e7; padding: 6px; margin: 4px; border: 1px solid #8da1b4; border-radius: 5px; line-height: 60%"><p style="margin-bottom: 0px"/><p style="margin-bottom: 0px">Profile: <a href="StructureDefinition-eflow-rx-device.html">GEM ERP PR Device</a></p></div><p><b>status</b>: Active</p><p><b>serialNumber</b>: 1.14.0</p><h3>DeviceNames</h3><table class="grid"><tr><td style="display: none">-</td><td><b>Name</b></td><td><b>Type</b></td></tr><tr><td style="display: none">*</td><td>E-Rezept-Fachdienst</td><td>User Friendly name</td></tr></table><h3>Versions</h3><table class="grid"><tr><td style="display: none">-</td><td><b>Value</b></td></tr><tr><td style="display: none">*</td><td>1.14.0</td></tr></table><p><b>contact</b>: <a href="mailto:betrieb@gematik.de">betrieb@gematik.de</a></p></div>
  </text>
  <status value="active"/>
  <serialNumber value="1.14.0"/>
  <deviceName>
    <name value="E-Rezept-Fachdienst"/>
    <type value="user-friendly-name"/>
  </deviceName>
  <version>
    <value value="1.14.0"/>
  </version>
  <contact>
    <system value="email"/>
    <value value="betrieb@gematik.de"/>
  </contact>
</Device>