{
  "resourceType" : "Bundle",
  "id" : "35c15bc5-2f91-487b-8a39-324d18ec3bde",
  "meta" : {
    "lastUpdated" : "2026-02-12T06:52:38.105+00:00"
  },
  "type" : "collection",
  "entry" : [{
    "fullUrl" : "https://gematik.de/fhir/erp/ValueSet/eflow-rx-availabilitystatus",
    "resource" : {
      "resourceType" : "ValueSet",
      "text" : {
        "status" : "generated",
        "div" : "<div xmlns=\"http://www.w3.org/1999/xhtml\" data-fhir=\"generated\"><p class=\"res-header-id\"/><p style=\"border: black 1px dotted; background-color: #EEEEEE; padding: 8px; margin-bottom: 8px\">Expansion performed internally based on <a href=\"CodeSystem-eflow-rx-availabilitystatus.html\">codesystem CodeSystem des Verfügbarkeitsstatus v1.0.0-draft (CodeSystem)</a><span class=\"copy-text-inline\"><button data-clipboard-text=\"https://gematik.de/fhir/erp/CodeSystem/eflow-rx-availabilitystatus|1.0.0-draft\" title=\"Click to Copy URL\" class=\"btn-copy\"> </button></span></p><p>This value set contains 6 concepts</p><table class=\"codes\" data-fhir=\"generated\"><tr><td><b>System</b></td><td style=\"white-space:nowrap\"><b>Code</b></td><td><b>Display (de)</b></td><td><b>JSON</b></td><td><b>XML</b></td></tr><tr><td><a name=\"x-https://gematik.de/fhir/erp/CodeSystem/eflow-rx-availabilitystatus-10\"> </a><code>https://gematik.de/fhir/erp/CodeSystem/eflow-rx-availabilitystatus</code></td><td style=\"white-space:nowrap\">\u00a0\u00a0<a href=\"CodeSystem-eflow-rx-availabilitystatus.html#eflow-rx-availabilitystatus-10\">10</a></td><td/><td><span class=\"copy-text-inline\"><button data-clipboard-text=\"{&quot;system&quot;: &quot;https://gematik.de/fhir/erp/CodeSystem/eflow-rx-availabilitystatus&quot;, &quot;version&quot;: &quot;1.0.0-draft&quot;, &quot;code&quot;: &quot;10&quot;}\" title=\"Click to Copy as Coding\" class=\"btn-copy\"> </button></span></td><td><span class=\"copy-text-inline\"><button data-clipboard-text=\"&lt;coding&gt;&lt;system value=&quot;https://gematik.de/fhir/erp/CodeSystem/eflow-rx-availabilitystatus&quot;&gt;&lt;version value=&quot;1.0.0-draft&quot;&gt;&lt;code value=&quot;10&quot;&gt;&lt;/coding&gt;\" title=\"Click to Copy as Coding\" class=\"btn-copy\"> </button></span></td></tr><tr><td><a name=\"x-https://gematik.de/fhir/erp/CodeSystem/eflow-rx-availabilitystatus-20\"> </a><code>https://gematik.de/fhir/erp/CodeSystem/eflow-rx-availabilitystatus</code></td><td style=\"white-space:nowrap\">\u00a0\u00a0<a href=\"CodeSystem-eflow-rx-availabilitystatus.html#eflow-rx-availabilitystatus-20\">20</a></td><td/><td><span class=\"copy-text-inline\"><button data-clipboard-text=\"{&quot;system&quot;: &quot;https://gematik.de/fhir/erp/CodeSystem/eflow-rx-availabilitystatus&quot;, &quot;version&quot;: &quot;1.0.0-draft&quot;, &quot;code&quot;: &quot;20&quot;}\" title=\"Click to Copy as Coding\" class=\"btn-copy\"> </button></span></td><td><span class=\"copy-text-inline\"><button data-clipboard-text=\"&lt;coding&gt;&lt;system value=&quot;https://gematik.de/fhir/erp/CodeSystem/eflow-rx-availabilitystatus&quot;&gt;&lt;version value=&quot;1.0.0-draft&quot;&gt;&lt;code value=&quot;20&quot;&gt;&lt;/coding&gt;\" title=\"Click to Copy as Coding\" class=\"btn-copy\"> </button></span></td></tr><tr><td><a name=\"x-https://gematik.de/fhir/erp/CodeSystem/eflow-rx-availabilitystatus-30\"> </a><code>https://gematik.de/fhir/erp/CodeSystem/eflow-rx-availabilitystatus</code></td><td style=\"white-space:nowrap\">\u00a0\u00a0<a href=\"CodeSystem-eflow-rx-availabilitystatus.html#eflow-rx-availabilitystatus-30\">30</a></td><td/><td><span class=\"copy-text-inline\"><button data-clipboard-text=\"{&quot;system&quot;: &quot;https://gematik.de/fhir/erp/CodeSystem/eflow-rx-availabilitystatus&quot;, &quot;version&quot;: &quot;1.0.0-draft&quot;, &quot;code&quot;: &quot;30&quot;}\" title=\"Click to Copy as Coding\" class=\"btn-copy\"> </button></span></td><td><span class=\"copy-text-inline\"><button data-clipboard-text=\"&lt;coding&gt;&lt;system value=&quot;https://gematik.de/fhir/erp/CodeSystem/eflow-rx-availabilitystatus&quot;&gt;&lt;version value=&quot;1.0.0-draft&quot;&gt;&lt;code value=&quot;30&quot;&gt;&lt;/coding&gt;\" title=\"Click to Copy as Coding\" class=\"btn-copy\"> </button></span></td></tr><tr><td><a name=\"x-https://gematik.de/fhir/erp/CodeSystem/eflow-rx-availabilitystatus-40\"> </a><code>https://gematik.de/fhir/erp/CodeSystem/eflow-rx-availabilitystatus</code></td><td style=\"white-space:nowrap\">\u00a0\u00a0<a href=\"CodeSystem-eflow-rx-availabilitystatus.html#eflow-rx-availabilitystatus-40\">40</a></td><td/><td><span class=\"copy-text-inline\"><button data-clipboard-text=\"{&quot;system&quot;: &quot;https://gematik.de/fhir/erp/CodeSystem/eflow-rx-availabilitystatus&quot;, &quot;version&quot;: &quot;1.0.0-draft&quot;, &quot;code&quot;: &quot;40&quot;}\" title=\"Click to Copy as Coding\" class=\"btn-copy\"> </button></span></td><td><span class=\"copy-text-inline\"><button data-clipboard-text=\"&lt;coding&gt;&lt;system value=&quot;https://gematik.de/fhir/erp/CodeSystem/eflow-rx-availabilitystatus&quot;&gt;&lt;version value=&quot;1.0.0-draft&quot;&gt;&lt;code value=&quot;40&quot;&gt;&lt;/coding&gt;\" title=\"Click to Copy as Coding\" class=\"btn-copy\"> </button></span></td></tr><tr><td><a name=\"x-https://gematik.de/fhir/erp/CodeSystem/eflow-rx-availabilitystatus-50\"> </a><code>https://gematik.de/fhir/erp/CodeSystem/eflow-rx-availabilitystatus</code></td><td style=\"white-space:nowrap\">\u00a0\u00a0<a href=\"CodeSystem-eflow-rx-availabilitystatus.html#eflow-rx-availabilitystatus-50\">50</a></td><td/><td><span class=\"copy-text-inline\"><button data-clipboard-text=\"{&quot;system&quot;: &quot;https://gematik.de/fhir/erp/CodeSystem/eflow-rx-availabilitystatus&quot;, &quot;version&quot;: &quot;1.0.0-draft&quot;, &quot;code&quot;: &quot;50&quot;}\" title=\"Click to Copy as Coding\" class=\"btn-copy\"> </button></span></td><td><span class=\"copy-text-inline\"><button data-clipboard-text=\"&lt;coding&gt;&lt;system value=&quot;https://gematik.de/fhir/erp/CodeSystem/eflow-rx-availabilitystatus&quot;&gt;&lt;version value=&quot;1.0.0-draft&quot;&gt;&lt;code value=&quot;50&quot;&gt;&lt;/coding&gt;\" title=\"Click to Copy as Coding\" class=\"btn-copy\"> </button></span></td></tr><tr><td><a name=\"x-https://gematik.de/fhir/erp/CodeSystem/eflow-rx-availabilitystatus-90\"> </a><code>https://gematik.de/fhir/erp/CodeSystem/eflow-rx-availabilitystatus</code></td><td style=\"white-space:nowrap\">\u00a0\u00a0<a href=\"CodeSystem-eflow-rx-availabilitystatus.html#eflow-rx-availabilitystatus-90\">90</a></td><td/><td><span class=\"copy-text-inline\"><button data-clipboard-text=\"{&quot;system&quot;: &quot;https://gematik.de/fhir/erp/CodeSystem/eflow-rx-availabilitystatus&quot;, &quot;version&quot;: &quot;1.0.0-draft&quot;, &quot;code&quot;: &quot;90&quot;}\" title=\"Click to Copy as Coding\" class=\"btn-copy\"> </button></span></td><td><span class=\"copy-text-inline\"><button data-clipboard-text=\"&lt;coding&gt;&lt;system value=&quot;https://gematik.de/fhir/erp/CodeSystem/eflow-rx-availabilitystatus&quot;&gt;&lt;version value=&quot;1.0.0-draft&quot;&gt;&lt;code value=&quot;90&quot;&gt;&lt;/coding&gt;\" title=\"Click to Copy as Coding\" class=\"btn-copy\"> </button></span></td></tr></table></div>"
      },
      "url" : "https://gematik.de/fhir/erp/ValueSet/eflow-rx-availabilitystatus",
      "version" : "1.0.0-draft",
      "name" : "EFlowRxAvailabilityStatusVS",
      "title" : "ValueSet der Verfügbarkeitsstatus-Codes",
      "status" : "draft",
      "experimental" : false,
      "date" : "2025-12-15",
      "jurisdiction" : [{
        "coding" : [{
          "system" : "urn:iso:std:iso:3166",
          "code" : "DE",
          "display" : "Germany"
        }]
      }],
      "immutable" : false,
      "expansion" : {
        "identifier" : "urn:uuid:3a180da0-1cb9-4dde-a124-5d5723da397f",
        "timestamp" : "2026-02-12T06:55:08+00:00",
        "total" : 6,
        "offset" : 0,
        "parameter" : [{
          "name" : "displayLanguage",
          "valueCode" : "de"
        },
        {
          "name" : "count",
          "valueInteger" : 1000
        },
        {
          "name" : "offset",
          "valueInteger" : 0
        },
        {
          "name" : "excludeNested",
          "valueBoolean" : false
        },
        {
          "name" : "used-codesystem",
          "valueUri" : "https://gematik.de/fhir/erp/CodeSystem/eflow-rx-availabilitystatus|1.0.0-draft"
        }],
        "contains" : [{
          "system" : "https://gematik.de/fhir/erp/CodeSystem/eflow-rx-availabilitystatus",
          "code" : "10"
        },
        {
          "system" : "https://gematik.de/fhir/erp/CodeSystem/eflow-rx-availabilitystatus",
          "code" : "20"
        },
        {
          "system" : "https://gematik.de/fhir/erp/CodeSystem/eflow-rx-availabilitystatus",
          "code" : "30"
        },
        {
          "system" : "https://gematik.de/fhir/erp/CodeSystem/eflow-rx-availabilitystatus",
          "code" : "40"
        },
        {
          "system" : "https://gematik.de/fhir/erp/CodeSystem/eflow-rx-availabilitystatus",
          "code" : "50"
        },
        {
          "system" : "https://gematik.de/fhir/erp/CodeSystem/eflow-rx-availabilitystatus",
          "code" : "90"
        }]
      }
    }
  },
  {
    "fullUrl" : "https://gematik.de/fhir/erp/ValueSet/eflow-rx-documenttype",
    "resource" : {
      "resourceType" : "ValueSet",
      "text" : {
        "status" : "generated",
        "div" : "<div xmlns=\"http://www.w3.org/1999/xhtml\" data-fhir=\"generated\"><p class=\"res-header-id\"/><p style=\"border: black 1px dotted; background-color: #EEEEEE; padding: 8px; margin-bottom: 8px\">Expansion performed internally based on <a href=\"CodeSystem-eflow-rx-documenttype.html\">codesystem CodeSystem der Dokumententypen v1.0.0-draft (CodeSystem)</a><span class=\"copy-text-inline\"><button data-clipboard-text=\"https://gematik.de/fhir/erp/CodeSystem/eflow-rx-documenttype|1.0.0-draft\" title=\"Click to Copy URL\" class=\"btn-copy\"> </button></span></p><p>This value set contains 3 concepts</p><table class=\"codes\" data-fhir=\"generated\"><tr><td><b>System</b></td><td style=\"white-space:nowrap\"><b>Code</b></td><td><b>Display (de)</b></td><td><b>JSON</b></td><td><b>XML</b></td></tr><tr><td><a name=\"x-https://gematik.de/fhir/erp/CodeSystem/eflow-rx-documenttype-1\"> </a><code>https://gematik.de/fhir/erp/CodeSystem/eflow-rx-documenttype</code></td><td style=\"white-space:nowrap\">\u00a0\u00a0<a href=\"CodeSystem-eflow-rx-documenttype.html#eflow-rx-documenttype-1\">1</a></td><td/><td><span class=\"copy-text-inline\"><button data-clipboard-text=\"{&quot;system&quot;: &quot;https://gematik.de/fhir/erp/CodeSystem/eflow-rx-documenttype&quot;, &quot;version&quot;: &quot;1.0.0-draft&quot;, &quot;code&quot;: &quot;1&quot;}\" title=\"Click to Copy as Coding\" class=\"btn-copy\"> </button></span></td><td><span class=\"copy-text-inline\"><button data-clipboard-text=\"&lt;coding&gt;&lt;system value=&quot;https://gematik.de/fhir/erp/CodeSystem/eflow-rx-documenttype&quot;&gt;&lt;version value=&quot;1.0.0-draft&quot;&gt;&lt;code value=&quot;1&quot;&gt;&lt;/coding&gt;\" title=\"Click to Copy as Coding\" class=\"btn-copy\"> </button></span></td></tr><tr><td><a name=\"x-https://gematik.de/fhir/erp/CodeSystem/eflow-rx-documenttype-2\"> </a><code>https://gematik.de/fhir/erp/CodeSystem/eflow-rx-documenttype</code></td><td style=\"white-space:nowrap\">\u00a0\u00a0<a href=\"CodeSystem-eflow-rx-documenttype.html#eflow-rx-documenttype-2\">2</a></td><td/><td><span class=\"copy-text-inline\"><button data-clipboard-text=\"{&quot;system&quot;: &quot;https://gematik.de/fhir/erp/CodeSystem/eflow-rx-documenttype&quot;, &quot;version&quot;: &quot;1.0.0-draft&quot;, &quot;code&quot;: &quot;2&quot;}\" title=\"Click to Copy as Coding\" class=\"btn-copy\"> </button></span></td><td><span class=\"copy-text-inline\"><button data-clipboard-text=\"&lt;coding&gt;&lt;system value=&quot;https://gematik.de/fhir/erp/CodeSystem/eflow-rx-documenttype&quot;&gt;&lt;version value=&quot;1.0.0-draft&quot;&gt;&lt;code value=&quot;2&quot;&gt;&lt;/coding&gt;\" title=\"Click to Copy as Coding\" class=\"btn-copy\"> </button></span></td></tr><tr><td><a name=\"x-https://gematik.de/fhir/erp/CodeSystem/eflow-rx-documenttype-3\"> </a><code>https://gematik.de/fhir/erp/CodeSystem/eflow-rx-documenttype</code></td><td style=\"white-space:nowrap\">\u00a0\u00a0<a href=\"CodeSystem-eflow-rx-documenttype.html#eflow-rx-documenttype-3\">3</a></td><td/><td><span class=\"copy-text-inline\"><button data-clipboard-text=\"{&quot;system&quot;: &quot;https://gematik.de/fhir/erp/CodeSystem/eflow-rx-documenttype&quot;, &quot;version&quot;: &quot;1.0.0-draft&quot;, &quot;code&quot;: &quot;3&quot;}\" title=\"Click to Copy as Coding\" class=\"btn-copy\"> </button></span></td><td><span class=\"copy-text-inline\"><button data-clipboard-text=\"&lt;coding&gt;&lt;system value=&quot;https://gematik.de/fhir/erp/CodeSystem/eflow-rx-documenttype&quot;&gt;&lt;version value=&quot;1.0.0-draft&quot;&gt;&lt;code value=&quot;3&quot;&gt;&lt;/coding&gt;\" title=\"Click to Copy as Coding\" class=\"btn-copy\"> </button></span></td></tr></table></div>"
      },
      "url" : "https://gematik.de/fhir/erp/ValueSet/eflow-rx-documenttype",
      "version" : "1.0.0-draft",
      "name" : "EFlowRxDocumentTypeVS",
      "title" : "ValueSet der Dokumenttyp-Codes",
      "status" : "draft",
      "experimental" : false,
      "date" : "2025-12-15",
      "jurisdiction" : [{
        "coding" : [{
          "system" : "urn:iso:std:iso:3166",
          "code" : "DE",
          "display" : "Germany"
        }]
      }],
      "immutable" : false,
      "expansion" : {
        "identifier" : "urn:uuid:bcfc4a87-6681-4d8e-a8a4-23d2b77ab813",
        "timestamp" : "2026-02-12T06:55:08+00:00",
        "total" : 3,
        "offset" : 0,
        "parameter" : [{
          "name" : "displayLanguage",
          "valueCode" : "de"
        },
        {
          "name" : "count",
          "valueInteger" : 1000
        },
        {
          "name" : "offset",
          "valueInteger" : 0
        },
        {
          "name" : "excludeNested",
          "valueBoolean" : false
        },
        {
          "name" : "used-codesystem",
          "valueUri" : "https://gematik.de/fhir/erp/CodeSystem/eflow-rx-documenttype|1.0.0-draft"
        }],
        "contains" : [{
          "system" : "https://gematik.de/fhir/erp/CodeSystem/eflow-rx-documenttype",
          "code" : "1"
        },
        {
          "system" : "https://gematik.de/fhir/erp/CodeSystem/eflow-rx-documenttype",
          "code" : "2"
        },
        {
          "system" : "https://gematik.de/fhir/erp/CodeSystem/eflow-rx-documenttype",
          "code" : "3"
        }]
      }
    }
  },
  {
    "fullUrl" : "https://gematik.de/fhir/erp/ValueSet/eflow-rx-flowtype",
    "resource" : {
      "resourceType" : "ValueSet",
      "text" : {
        "status" : "generated",
        "div" : "<div xmlns=\"http://www.w3.org/1999/xhtml\" data-fhir=\"generated\"><p class=\"res-header-id\"/><p style=\"border: black 1px dotted; background-color: #EEEEEE; padding: 8px; margin-bottom: 8px\">Expansion performed internally based on <a href=\"CodeSystem-eflow-rx-flowtype.html\">codesystem CodeSystem der Flowtypen v1.0.0-draft (CodeSystem)</a><span class=\"copy-text-inline\"><button data-clipboard-text=\"https://gematik.de/fhir/erp/CodeSystem/eflow-rx-flowtype|1.0.0-draft\" title=\"Click to Copy URL\" class=\"btn-copy\"> </button></span></p><p>This value set contains 7 concepts</p><table class=\"codes\" data-fhir=\"generated\"><tr><td><b>System</b></td><td style=\"white-space:nowrap\"><b>Code</b></td><td><b>Display (de)</b></td><td><b>JSON</b></td><td><b>XML</b></td></tr><tr><td><a name=\"x-https://gematik.de/fhir/erp/CodeSystem/eflow-rx-flowtype-160\"> </a><code>https://gematik.de/fhir/erp/CodeSystem/eflow-rx-flowtype</code></td><td style=\"white-space:nowrap\">\u00a0\u00a0<a href=\"CodeSystem-eflow-rx-flowtype.html#eflow-rx-flowtype-160\">160</a></td><td/><td><span class=\"copy-text-inline\"><button data-clipboard-text=\"{&quot;system&quot;: &quot;https://gematik.de/fhir/erp/CodeSystem/eflow-rx-flowtype&quot;, &quot;version&quot;: &quot;1.0.0-draft&quot;, &quot;code&quot;: &quot;160&quot;}\" title=\"Click to Copy as Coding\" class=\"btn-copy\"> </button></span></td><td><span class=\"copy-text-inline\"><button data-clipboard-text=\"&lt;coding&gt;&lt;system value=&quot;https://gematik.de/fhir/erp/CodeSystem/eflow-rx-flowtype&quot;&gt;&lt;version value=&quot;1.0.0-draft&quot;&gt;&lt;code value=&quot;160&quot;&gt;&lt;/coding&gt;\" title=\"Click to Copy as Coding\" class=\"btn-copy\"> </button></span></td></tr><tr><td><a name=\"x-https://gematik.de/fhir/erp/CodeSystem/eflow-rx-flowtype-162\"> </a><code>https://gematik.de/fhir/erp/CodeSystem/eflow-rx-flowtype</code></td><td style=\"white-space:nowrap\">\u00a0\u00a0<a href=\"CodeSystem-eflow-rx-flowtype.html#eflow-rx-flowtype-162\">162</a></td><td/><td><span class=\"copy-text-inline\"><button data-clipboard-text=\"{&quot;system&quot;: &quot;https://gematik.de/fhir/erp/CodeSystem/eflow-rx-flowtype&quot;, &quot;version&quot;: &quot;1.0.0-draft&quot;, &quot;code&quot;: &quot;162&quot;}\" title=\"Click to Copy as Coding\" class=\"btn-copy\"> </button></span></td><td><span class=\"copy-text-inline\"><button data-clipboard-text=\"&lt;coding&gt;&lt;system value=&quot;https://gematik.de/fhir/erp/CodeSystem/eflow-rx-flowtype&quot;&gt;&lt;version value=&quot;1.0.0-draft&quot;&gt;&lt;code value=&quot;162&quot;&gt;&lt;/coding&gt;\" title=\"Click to Copy as Coding\" class=\"btn-copy\"> </button></span></td></tr><tr><td><a name=\"x-https://gematik.de/fhir/erp/CodeSystem/eflow-rx-flowtype-165\"> </a><code>https://gematik.de/fhir/erp/CodeSystem/eflow-rx-flowtype</code></td><td style=\"white-space:nowrap\">\u00a0\u00a0<a href=\"CodeSystem-eflow-rx-flowtype.html#eflow-rx-flowtype-165\">165</a></td><td/><td><span class=\"copy-text-inline\"><button data-clipboard-text=\"{&quot;system&quot;: &quot;https://gematik.de/fhir/erp/CodeSystem/eflow-rx-flowtype&quot;, &quot;version&quot;: &quot;1.0.0-draft&quot;, &quot;code&quot;: &quot;165&quot;}\" title=\"Click to Copy as Coding\" class=\"btn-copy\"> </button></span></td><td><span class=\"copy-text-inline\"><button data-clipboard-text=\"&lt;coding&gt;&lt;system value=&quot;https://gematik.de/fhir/erp/CodeSystem/eflow-rx-flowtype&quot;&gt;&lt;version value=&quot;1.0.0-draft&quot;&gt;&lt;code value=&quot;165&quot;&gt;&lt;/coding&gt;\" title=\"Click to Copy as Coding\" class=\"btn-copy\"> </button></span></td></tr><tr><td><a name=\"x-https://gematik.de/fhir/erp/CodeSystem/eflow-rx-flowtype-166\"> </a><code>https://gematik.de/fhir/erp/CodeSystem/eflow-rx-flowtype</code></td><td style=\"white-space:nowrap\">\u00a0\u00a0<a href=\"CodeSystem-eflow-rx-flowtype.html#eflow-rx-flowtype-166\">166</a></td><td/><td><span class=\"copy-text-inline\"><button data-clipboard-text=\"{&quot;system&quot;: &quot;https://gematik.de/fhir/erp/CodeSystem/eflow-rx-flowtype&quot;, &quot;version&quot;: &quot;1.0.0-draft&quot;, &quot;code&quot;: &quot;166&quot;}\" title=\"Click to Copy as Coding\" class=\"btn-copy\"> </button></span></td><td><span class=\"copy-text-inline\"><button data-clipboard-text=\"&lt;coding&gt;&lt;system value=&quot;https://gematik.de/fhir/erp/CodeSystem/eflow-rx-flowtype&quot;&gt;&lt;version value=&quot;1.0.0-draft&quot;&gt;&lt;code value=&quot;166&quot;&gt;&lt;/coding&gt;\" title=\"Click to Copy as Coding\" class=\"btn-copy\"> </button></span></td></tr><tr><td><a name=\"x-https://gematik.de/fhir/erp/CodeSystem/eflow-rx-flowtype-169\"> </a><code>https://gematik.de/fhir/erp/CodeSystem/eflow-rx-flowtype</code></td><td style=\"white-space:nowrap\">\u00a0\u00a0<a href=\"CodeSystem-eflow-rx-flowtype.html#eflow-rx-flowtype-169\">169</a></td><td/><td><span class=\"copy-text-inline\"><button data-clipboard-text=\"{&quot;system&quot;: &quot;https://gematik.de/fhir/erp/CodeSystem/eflow-rx-flowtype&quot;, &quot;version&quot;: &quot;1.0.0-draft&quot;, &quot;code&quot;: &quot;169&quot;}\" title=\"Click to Copy as Coding\" class=\"btn-copy\"> </button></span></td><td><span class=\"copy-text-inline\"><button data-clipboard-text=\"&lt;coding&gt;&lt;system value=&quot;https://gematik.de/fhir/erp/CodeSystem/eflow-rx-flowtype&quot;&gt;&lt;version value=&quot;1.0.0-draft&quot;&gt;&lt;code value=&quot;169&quot;&gt;&lt;/coding&gt;\" title=\"Click to Copy as Coding\" class=\"btn-copy\"> </button></span></td></tr><tr><td><a name=\"x-https://gematik.de/fhir/erp/CodeSystem/eflow-rx-flowtype-200\"> </a><code>https://gematik.de/fhir/erp/CodeSystem/eflow-rx-flowtype</code></td><td style=\"white-space:nowrap\">\u00a0\u00a0<a href=\"CodeSystem-eflow-rx-flowtype.html#eflow-rx-flowtype-200\">200</a></td><td/><td><span class=\"copy-text-inline\"><button data-clipboard-text=\"{&quot;system&quot;: &quot;https://gematik.de/fhir/erp/CodeSystem/eflow-rx-flowtype&quot;, &quot;version&quot;: &quot;1.0.0-draft&quot;, &quot;code&quot;: &quot;200&quot;}\" title=\"Click to Copy as Coding\" class=\"btn-copy\"> </button></span></td><td><span class=\"copy-text-inline\"><button data-clipboard-text=\"&lt;coding&gt;&lt;system value=&quot;https://gematik.de/fhir/erp/CodeSystem/eflow-rx-flowtype&quot;&gt;&lt;version value=&quot;1.0.0-draft&quot;&gt;&lt;code value=&quot;200&quot;&gt;&lt;/coding&gt;\" title=\"Click to Copy as Coding\" class=\"btn-copy\"> </button></span></td></tr><tr><td><a name=\"x-https://gematik.de/fhir/erp/CodeSystem/eflow-rx-flowtype-209\"> </a><code>https://gematik.de/fhir/erp/CodeSystem/eflow-rx-flowtype</code></td><td style=\"white-space:nowrap\">\u00a0\u00a0<a href=\"CodeSystem-eflow-rx-flowtype.html#eflow-rx-flowtype-209\">209</a></td><td/><td><span class=\"copy-text-inline\"><button data-clipboard-text=\"{&quot;system&quot;: &quot;https://gematik.de/fhir/erp/CodeSystem/eflow-rx-flowtype&quot;, &quot;version&quot;: &quot;1.0.0-draft&quot;, &quot;code&quot;: &quot;209&quot;}\" title=\"Click to Copy as Coding\" class=\"btn-copy\"> </button></span></td><td><span class=\"copy-text-inline\"><button data-clipboard-text=\"&lt;coding&gt;&lt;system value=&quot;https://gematik.de/fhir/erp/CodeSystem/eflow-rx-flowtype&quot;&gt;&lt;version value=&quot;1.0.0-draft&quot;&gt;&lt;code value=&quot;209&quot;&gt;&lt;/coding&gt;\" title=\"Click to Copy as Coding\" class=\"btn-copy\"> </button></span></td></tr></table></div>"
      },
      "url" : "https://gematik.de/fhir/erp/ValueSet/eflow-rx-flowtype",
      "version" : "1.0.0-draft",
      "name" : "EFlowRxFlowTypeVS",
      "title" : "ValueSet der FlowType-Codes",
      "status" : "draft",
      "experimental" : false,
      "date" : "2025-12-15",
      "jurisdiction" : [{
        "coding" : [{
          "system" : "urn:iso:std:iso:3166",
          "code" : "DE",
          "display" : "Germany"
        }]
      }],
      "immutable" : false,
      "expansion" : {
        "identifier" : "urn:uuid:1ec2e91a-e28f-49cf-b4a0-6339a518c51e",
        "timestamp" : "2026-02-12T06:55:08+00:00",
        "total" : 7,
        "offset" : 0,
        "parameter" : [{
          "name" : "displayLanguage",
          "valueCode" : "de"
        },
        {
          "name" : "count",
          "valueInteger" : 1000
        },
        {
          "name" : "offset",
          "valueInteger" : 0
        },
        {
          "name" : "excludeNested",
          "valueBoolean" : false
        },
        {
          "name" : "used-codesystem",
          "valueUri" : "https://gematik.de/fhir/erp/CodeSystem/eflow-rx-flowtype|1.0.0-draft"
        }],
        "contains" : [{
          "system" : "https://gematik.de/fhir/erp/CodeSystem/eflow-rx-flowtype",
          "code" : "160"
        },
        {
          "system" : "https://gematik.de/fhir/erp/CodeSystem/eflow-rx-flowtype",
          "code" : "162"
        },
        {
          "system" : "https://gematik.de/fhir/erp/CodeSystem/eflow-rx-flowtype",
          "code" : "165"
        },
        {
          "system" : "https://gematik.de/fhir/erp/CodeSystem/eflow-rx-flowtype",
          "code" : "166"
        },
        {
          "system" : "https://gematik.de/fhir/erp/CodeSystem/eflow-rx-flowtype",
          "code" : "169"
        },
        {
          "system" : "https://gematik.de/fhir/erp/CodeSystem/eflow-rx-flowtype",
          "code" : "200"
        },
        {
          "system" : "https://gematik.de/fhir/erp/CodeSystem/eflow-rx-flowtype",
          "code" : "209"
        }]
      }
    }
  },
  {
    "fullUrl" : "https://gematik.de/fhir/erp/ValueSet/eflow-rx-operationoutcomedetails",
    "resource" : {
      "resourceType" : "ValueSet",
      "text" : {
        "status" : "generated",
        "div" : "<div xmlns=\"http://www.w3.org/1999/xhtml\" data-fhir=\"generated\"><p class=\"res-header-id\"/><div style=\"border: black 1px dotted; background-color: #EEEEEE; padding: 8px; margin-bottom: 8px\"><p>Expansion performed internally based on:</p><ul><li><a href=\"http://terminology.hl7.org/7.0.1/CodeSystem-operation-outcome.html\">codesystem Operation Outcome Codes v3.0.0 (CodeSystem)</a><span class=\"copy-text-inline\"><button data-clipboard-text=\"http://terminology.hl7.org/CodeSystem/operation-outcome|3.0.0\" title=\"Click to Copy URL\" class=\"btn-copy\"> </button></span></li><li><a href=\"CodeSystem-eflow-rx-operationoutcomedetails.html\">codesystem GEM ERP CS OperationOutcomeDetails v1.0.0-draft (CodeSystem)</a><span class=\"copy-text-inline\"><button data-clipboard-text=\"https://gematik.de/fhir/erp/CodeSystem/eflow-rx-operationoutcomedetails|1.0.0-draft\" title=\"Click to Copy URL\" class=\"btn-copy\"> </button></span></li><li><a href=\"https://simplifier.net/resolve?scope=de.gematik.epa.medication@1.3.0&amp;canonical=https://gematik.de/fhir/ti/CodeSystem/operation-outcome-details-codes\">codesystem TI Operation Outcome Details CodeSystem v1.1.1 (CodeSystem)</a><span class=\"copy-text-inline\"><button data-clipboard-text=\"https://gematik.de/fhir/ti/CodeSystem/operation-outcome-details-codes|1.1.1\" title=\"Click to Copy URL\" class=\"btn-copy\"> </button></span></li></ul></div><p>This value set contains 8 concepts</p><table class=\"codes\" data-fhir=\"generated\"><tr><td><b>System</b></td><td style=\"white-space:nowrap\"><b>Code</b></td><td><b>Display (de)</b></td><td><b>JSON</b></td><td><b>XML</b></td></tr><tr><td><a name=\"x-https://gematik.de/fhir/erp/CodeSystem/eflow-rx-operationoutcomedetails-ERPFD_NO_VALID_STRUCTURE\"> </a><code>https://gematik.de/fhir/erp/CodeSystem/eflow-rx-operationoutcomedetails</code></td><td style=\"white-space:nowrap\">\u00a0\u00a0<a href=\"CodeSystem-eflow-rx-operationoutcomedetails.html#eflow-rx-operationoutcomedetails-ERPFD_NO_VALID_STRUCTURE\">ERPFD_NO_VALID_STRUCTURE</a></td><td/><td><span class=\"copy-text-inline\"><button data-clipboard-text=\"{&quot;system&quot;: &quot;https://gematik.de/fhir/erp/CodeSystem/eflow-rx-operationoutcomedetails&quot;, &quot;version&quot;: &quot;1.0.0-draft&quot;, &quot;code&quot;: &quot;ERPFD_NO_VALID_STRUCTURE&quot;}\" title=\"Click to Copy as Coding\" class=\"btn-copy\"> </button></span></td><td><span class=\"copy-text-inline\"><button data-clipboard-text=\"&lt;coding&gt;&lt;system value=&quot;https://gematik.de/fhir/erp/CodeSystem/eflow-rx-operationoutcomedetails&quot;&gt;&lt;version value=&quot;1.0.0-draft&quot;&gt;&lt;code value=&quot;ERPFD_NO_VALID_STRUCTURE&quot;&gt;&lt;/coding&gt;\" title=\"Click to Copy as Coding\" class=\"btn-copy\"> </button></span></td></tr><tr><td><a name=\"x-https://gematik.de/fhir/erp/CodeSystem/eflow-rx-operationoutcomedetails-ERPFD_PRESCRIPTION_NO_EXIST\"> </a><code>https://gematik.de/fhir/erp/CodeSystem/eflow-rx-operationoutcomedetails</code></td><td style=\"white-space:nowrap\">\u00a0\u00a0<a href=\"CodeSystem-eflow-rx-operationoutcomedetails.html#eflow-rx-operationoutcomedetails-ERPFD_PRESCRIPTION_NO_EXIST\">ERPFD_PRESCRIPTION_NO_EXIST</a></td><td/><td><span class=\"copy-text-inline\"><button data-clipboard-text=\"{&quot;system&quot;: &quot;https://gematik.de/fhir/erp/CodeSystem/eflow-rx-operationoutcomedetails&quot;, &quot;version&quot;: &quot;1.0.0-draft&quot;, &quot;code&quot;: &quot;ERPFD_PRESCRIPTION_NO_EXIST&quot;}\" title=\"Click to Copy as Coding\" class=\"btn-copy\"> </button></span></td><td><span class=\"copy-text-inline\"><button data-clipboard-text=\"&lt;coding&gt;&lt;system value=&quot;https://gematik.de/fhir/erp/CodeSystem/eflow-rx-operationoutcomedetails&quot;&gt;&lt;version value=&quot;1.0.0-draft&quot;&gt;&lt;code value=&quot;ERPFD_PRESCRIPTION_NO_EXIST&quot;&gt;&lt;/coding&gt;\" title=\"Click to Copy as Coding\" class=\"btn-copy\"> </button></span></td></tr><tr><td><a name=\"x-https://gematik.de/fhir/erp/CodeSystem/eflow-rx-operationoutcomedetails-ERPFD_PRESCRIPTION_STATUS\"> </a><code>https://gematik.de/fhir/erp/CodeSystem/eflow-rx-operationoutcomedetails</code></td><td style=\"white-space:nowrap\">\u00a0\u00a0<a href=\"CodeSystem-eflow-rx-operationoutcomedetails.html#eflow-rx-operationoutcomedetails-ERPFD_PRESCRIPTION_STATUS\">ERPFD_PRESCRIPTION_STATUS</a></td><td/><td><span class=\"copy-text-inline\"><button data-clipboard-text=\"{&quot;system&quot;: &quot;https://gematik.de/fhir/erp/CodeSystem/eflow-rx-operationoutcomedetails&quot;, &quot;version&quot;: &quot;1.0.0-draft&quot;, &quot;code&quot;: &quot;ERPFD_PRESCRIPTION_STATUS&quot;}\" title=\"Click to Copy as Coding\" class=\"btn-copy\"> </button></span></td><td><span class=\"copy-text-inline\"><button data-clipboard-text=\"&lt;coding&gt;&lt;system value=&quot;https://gematik.de/fhir/erp/CodeSystem/eflow-rx-operationoutcomedetails&quot;&gt;&lt;version value=&quot;1.0.0-draft&quot;&gt;&lt;code value=&quot;ERPFD_PRESCRIPTION_STATUS&quot;&gt;&lt;/coding&gt;\" title=\"Click to Copy as Coding\" class=\"btn-copy\"> </button></span></td></tr><tr><td><a name=\"x-https://gematik.de/fhir/erp/CodeSystem/eflow-rx-operationoutcomedetails-ERPFD_PARAMETERS_REFERENCE_NO_EXIST\"> </a><code>https://gematik.de/fhir/erp/CodeSystem/eflow-rx-operationoutcomedetails</code></td><td style=\"white-space:nowrap\">\u00a0\u00a0<a href=\"CodeSystem-eflow-rx-operationoutcomedetails.html#eflow-rx-operationoutcomedetails-ERPFD_PARAMETERS_REFERENCE_NO_EXIST\">ERPFD_PARAMETERS_REFERENCE_NO_EXIST</a></td><td/><td><span class=\"copy-text-inline\"><button data-clipboard-text=\"{&quot;system&quot;: &quot;https://gematik.de/fhir/erp/CodeSystem/eflow-rx-operationoutcomedetails&quot;, &quot;version&quot;: &quot;1.0.0-draft&quot;, &quot;code&quot;: &quot;ERPFD_PARAMETERS_REFERENCE_NO_EXIST&quot;}\" title=\"Click to Copy as Coding\" class=\"btn-copy\"> </button></span></td><td><span class=\"copy-text-inline\"><button data-clipboard-text=\"&lt;coding&gt;&lt;system value=&quot;https://gematik.de/fhir/erp/CodeSystem/eflow-rx-operationoutcomedetails&quot;&gt;&lt;version value=&quot;1.0.0-draft&quot;&gt;&lt;code value=&quot;ERPFD_PARAMETERS_REFERENCE_NO_EXIST&quot;&gt;&lt;/coding&gt;\" title=\"Click to Copy as Coding\" class=\"btn-copy\"> </button></span></td></tr><tr><td><a name=\"x-https://gematik.de/fhir/erp/CodeSystem/eflow-rx-operationoutcomedetails-ERPFD_PARAMETERS_INVALID_CONTENT\"> </a><code>https://gematik.de/fhir/erp/CodeSystem/eflow-rx-operationoutcomedetails</code></td><td style=\"white-space:nowrap\">\u00a0\u00a0<a href=\"CodeSystem-eflow-rx-operationoutcomedetails.html#eflow-rx-operationoutcomedetails-ERPFD_PARAMETERS_INVALID_CONTENT\">ERPFD_PARAMETERS_INVALID_CONTENT</a></td><td/><td><span class=\"copy-text-inline\"><button data-clipboard-text=\"{&quot;system&quot;: &quot;https://gematik.de/fhir/erp/CodeSystem/eflow-rx-operationoutcomedetails&quot;, &quot;version&quot;: &quot;1.0.0-draft&quot;, &quot;code&quot;: &quot;ERPFD_PARAMETERS_INVALID_CONTENT&quot;}\" title=\"Click to Copy as Coding\" class=\"btn-copy\"> </button></span></td><td><span class=\"copy-text-inline\"><button data-clipboard-text=\"&lt;coding&gt;&lt;system value=&quot;https://gematik.de/fhir/erp/CodeSystem/eflow-rx-operationoutcomedetails&quot;&gt;&lt;version value=&quot;1.0.0-draft&quot;&gt;&lt;code value=&quot;ERPFD_PARAMETERS_INVALID_CONTENT&quot;&gt;&lt;/coding&gt;\" title=\"Click to Copy as Coding\" class=\"btn-copy\"> </button></span></td></tr><tr><td><a name=\"x-https://gematik.de/fhir/erp/CodeSystem/eflow-rx-operationoutcomedetails-ERPFD_DOSAGE_INVALID\"> </a><code>https://gematik.de/fhir/erp/CodeSystem/eflow-rx-operationoutcomedetails</code></td><td style=\"white-space:nowrap\">\u00a0\u00a0<a href=\"CodeSystem-eflow-rx-operationoutcomedetails.html#eflow-rx-operationoutcomedetails-ERPFD_DOSAGE_INVALID\">ERPFD_DOSAGE_INVALID</a></td><td/><td><span class=\"copy-text-inline\"><button data-clipboard-text=\"{&quot;system&quot;: &quot;https://gematik.de/fhir/erp/CodeSystem/eflow-rx-operationoutcomedetails&quot;, &quot;version&quot;: &quot;1.0.0-draft&quot;, &quot;code&quot;: &quot;ERPFD_DOSAGE_INVALID&quot;}\" title=\"Click to Copy as Coding\" class=\"btn-copy\"> </button></span></td><td><span class=\"copy-text-inline\"><button data-clipboard-text=\"&lt;coding&gt;&lt;system value=&quot;https://gematik.de/fhir/erp/CodeSystem/eflow-rx-operationoutcomedetails&quot;&gt;&lt;version value=&quot;1.0.0-draft&quot;&gt;&lt;code value=&quot;ERPFD_DOSAGE_INVALID&quot;&gt;&lt;/coding&gt;\" title=\"Click to Copy as Coding\" class=\"btn-copy\"> </button></span></td></tr><tr><td><a name=\"x-http://terminology.hl7.org/CodeSystem/operation-outcome-MSG_AUTH_REQUIRED\"> </a><code>http://terminology.hl7.org/CodeSystem/operation-outcome</code></td><td style=\"white-space:nowrap\">\u00a0\u00a0<a href=\"http://terminology.hl7.org/7.0.1/CodeSystem-operation-outcome.html#operation-outcome-MSG_AUTH_REQUIRED\">MSG_AUTH_REQUIRED</a></td><td>Autenticazione richiesta prima di usare questo servizio</td><td><span class=\"copy-text-inline\"><button data-clipboard-text=\"{&quot;system&quot;: &quot;http://terminology.hl7.org/CodeSystem/operation-outcome&quot;, &quot;version&quot;: &quot;3.0.0&quot;, &quot;code&quot;: &quot;MSG_AUTH_REQUIRED&quot;, &quot;display&quot;: &quot;Autenticazione richiesta prima di usare questo servizio&quot;}\" title=\"Click to Copy as Coding\" class=\"btn-copy\"> </button></span></td><td><span class=\"copy-text-inline\"><button data-clipboard-text=\"&lt;coding&gt;&lt;system value=&quot;http://terminology.hl7.org/CodeSystem/operation-outcome&quot;&gt;&lt;version value=&quot;3.0.0&quot;&gt;&lt;code value=&quot;MSG_AUTH_REQUIRED&quot;&gt;&lt;display value=&quot;Autenticazione richiesta prima di usare questo servizio&quot;&gt;&lt;/coding&gt;\" title=\"Click to Copy as Coding\" class=\"btn-copy\"> </button></span></td></tr><tr><td><a name=\"x-https://gematik.de/fhir/ti/CodeSystem/operation-outcome-details-codes-SVC_INACTIVE_CODE\"> </a><code>https://gematik.de/fhir/ti/CodeSystem/operation-outcome-details-codes</code></td><td style=\"white-space:nowrap\">\u00a0\u00a0<a href=\"https://simplifier.net/resolve?scope=de.gematik.epa.medication@1.3.0&amp;canonical=https://gematik.de/fhir/ti/CodeSystem/operation-outcome-details-codes#operation-outcome-details-codes-SVC_INACTIVE_CODE\">SVC_INACTIVE_CODE</a></td><td/><td><span class=\"copy-text-inline\"><button data-clipboard-text=\"{&quot;system&quot;: &quot;https://gematik.de/fhir/ti/CodeSystem/operation-outcome-details-codes&quot;, &quot;version&quot;: &quot;1.1.1&quot;, &quot;code&quot;: &quot;SVC_INACTIVE_CODE&quot;}\" title=\"Click to Copy as Coding\" class=\"btn-copy\"> </button></span></td><td><span class=\"copy-text-inline\"><button data-clipboard-text=\"&lt;coding&gt;&lt;system value=&quot;https://gematik.de/fhir/ti/CodeSystem/operation-outcome-details-codes&quot;&gt;&lt;version value=&quot;1.1.1&quot;&gt;&lt;code value=&quot;SVC_INACTIVE_CODE&quot;&gt;&lt;/coding&gt;\" title=\"Click to Copy as Coding\" class=\"btn-copy\"> </button></span></td></tr></table></div>"
      },
      "url" : "https://gematik.de/fhir/erp/ValueSet/eflow-rx-operationoutcomedetails",
      "version" : "1.0.0-draft",
      "name" : "EFlowRxOperationOutcomeDetailsVS",
      "title" : "GEM ERP VS OperationOutcomeDetails",
      "status" : "draft",
      "experimental" : false,
      "date" : "2025-12-15",
      "jurisdiction" : [{
        "coding" : [{
          "system" : "urn:iso:std:iso:3166",
          "code" : "DE",
          "display" : "Germany"
        }]
      }],
      "immutable" : false,
      "expansion" : {
        "identifier" : "urn:uuid:2c105cbe-42d3-41c5-aee1-7c76412c2aca",
        "timestamp" : "2026-02-12T06:55:08+00:00",
        "total" : 8,
        "offset" : 0,
        "parameter" : [{
          "name" : "displayLanguage",
          "valueCode" : "de"
        },
        {
          "name" : "count",
          "valueInteger" : 1000
        },
        {
          "name" : "offset",
          "valueInteger" : 0
        },
        {
          "name" : "excludeNested",
          "valueBoolean" : false
        },
        {
          "name" : "used-codesystem",
          "valueUri" : "https://gematik.de/fhir/erp/CodeSystem/eflow-rx-operationoutcomedetails|1.0.0-draft"
        },
        {
          "name" : "used-codesystem",
          "valueUri" : "http://terminology.hl7.org/CodeSystem/operation-outcome|3.0.0"
        },
        {
          "name" : "used-codesystem",
          "valueUri" : "https://gematik.de/fhir/ti/CodeSystem/operation-outcome-details-codes|1.1.1"
        }],
        "contains" : [{
          "system" : "https://gematik.de/fhir/erp/CodeSystem/eflow-rx-operationoutcomedetails",
          "code" : "ERPFD_NO_VALID_STRUCTURE"
        },
        {
          "system" : "https://gematik.de/fhir/erp/CodeSystem/eflow-rx-operationoutcomedetails",
          "code" : "ERPFD_PRESCRIPTION_NO_EXIST"
        },
        {
          "system" : "https://gematik.de/fhir/erp/CodeSystem/eflow-rx-operationoutcomedetails",
          "code" : "ERPFD_PRESCRIPTION_STATUS"
        },
        {
          "system" : "https://gematik.de/fhir/erp/CodeSystem/eflow-rx-operationoutcomedetails",
          "code" : "ERPFD_PARAMETERS_REFERENCE_NO_EXIST"
        },
        {
          "system" : "https://gematik.de/fhir/erp/CodeSystem/eflow-rx-operationoutcomedetails",
          "code" : "ERPFD_PARAMETERS_INVALID_CONTENT"
        },
        {
          "system" : "https://gematik.de/fhir/erp/CodeSystem/eflow-rx-operationoutcomedetails",
          "code" : "ERPFD_DOSAGE_INVALID"
        },
        {
          "system" : "http://terminology.hl7.org/CodeSystem/operation-outcome",
          "code" : "MSG_AUTH_REQUIRED",
          "display" : "Autenticazione richiesta prima di usare questo servizio"
        },
        {
          "system" : "https://gematik.de/fhir/ti/CodeSystem/operation-outcome-details-codes",
          "code" : "SVC_INACTIVE_CODE"
        }]
      }
    }
  },
  {
    "fullUrl" : "https://gematik.de/fhir/erp/ValueSet/eflow-rx-organizationtype",
    "resource" : {
      "resourceType" : "ValueSet",
      "text" : {
        "status" : "generated",
        "div" : "<div xmlns=\"http://www.w3.org/1999/xhtml\" data-fhir=\"generated\"><p class=\"res-header-id\"/><p style=\"border: black 1px dotted; background-color: #EEEEEE; padding: 8px; margin-bottom: 8px\">Expansion performed internally based on <a href=\"CodeSystem-eflow-rx-organizationtype.html\">codesystem CodeSystem der Organisationstyp-Codes v1.0.0-draft (CodeSystem)</a><span class=\"copy-text-inline\"><button data-clipboard-text=\"https://gematik.de/fhir/erp/CodeSystem/eflow-rx-organizationtype|1.0.0-draft\" title=\"Click to Copy URL\" class=\"btn-copy\"> </button></span></p><p>This value set contains 2 concepts</p><table class=\"codes\" data-fhir=\"generated\"><tr><td><b>System</b></td><td style=\"white-space:nowrap\"><b>Code</b></td><td><b>Display (de)</b></td><td><b>JSON</b></td><td><b>XML</b></td></tr><tr><td><a name=\"x-https://gematik.de/fhir/erp/CodeSystem/eflow-rx-organizationtype-urn:oid:1.2.276.0.76.4.54\"> </a><code>https://gematik.de/fhir/erp/CodeSystem/eflow-rx-organizationtype</code></td><td style=\"white-space:nowrap\">\u00a0\u00a0<a href=\"CodeSystem-eflow-rx-organizationtype.html#eflow-rx-organizationtype-urn.58oid.581.462.46276.460.4676.464.4654\">urn:oid:1.2.276.0.76.4.54</a></td><td/><td><span class=\"copy-text-inline\"><button data-clipboard-text=\"{&quot;system&quot;: &quot;https://gematik.de/fhir/erp/CodeSystem/eflow-rx-organizationtype&quot;, &quot;version&quot;: &quot;1.0.0-draft&quot;, &quot;code&quot;: &quot;urn:oid:1.2.276.0.76.4.54&quot;}\" title=\"Click to Copy as Coding\" class=\"btn-copy\"> </button></span></td><td><span class=\"copy-text-inline\"><button data-clipboard-text=\"&lt;coding&gt;&lt;system value=&quot;https://gematik.de/fhir/erp/CodeSystem/eflow-rx-organizationtype&quot;&gt;&lt;version value=&quot;1.0.0-draft&quot;&gt;&lt;code value=&quot;urn:oid:1.2.276.0.76.4.54&quot;&gt;&lt;/coding&gt;\" title=\"Click to Copy as Coding\" class=\"btn-copy\"> </button></span></td></tr><tr><td><a name=\"x-https://gematik.de/fhir/erp/CodeSystem/eflow-rx-organizationtype-urn:oid:1.2.276.0.76.4.59\"> </a><code>https://gematik.de/fhir/erp/CodeSystem/eflow-rx-organizationtype</code></td><td style=\"white-space:nowrap\">\u00a0\u00a0<a href=\"CodeSystem-eflow-rx-organizationtype.html#eflow-rx-organizationtype-urn.58oid.581.462.46276.460.4676.464.4659\">urn:oid:1.2.276.0.76.4.59</a></td><td/><td><span class=\"copy-text-inline\"><button data-clipboard-text=\"{&quot;system&quot;: &quot;https://gematik.de/fhir/erp/CodeSystem/eflow-rx-organizationtype&quot;, &quot;version&quot;: &quot;1.0.0-draft&quot;, &quot;code&quot;: &quot;urn:oid:1.2.276.0.76.4.59&quot;}\" title=\"Click to Copy as Coding\" class=\"btn-copy\"> </button></span></td><td><span class=\"copy-text-inline\"><button data-clipboard-text=\"&lt;coding&gt;&lt;system value=&quot;https://gematik.de/fhir/erp/CodeSystem/eflow-rx-organizationtype&quot;&gt;&lt;version value=&quot;1.0.0-draft&quot;&gt;&lt;code value=&quot;urn:oid:1.2.276.0.76.4.59&quot;&gt;&lt;/coding&gt;\" title=\"Click to Copy as Coding\" class=\"btn-copy\"> </button></span></td></tr></table></div>"
      },
      "url" : "https://gematik.de/fhir/erp/ValueSet/eflow-rx-organizationtype",
      "version" : "1.0.0-draft",
      "name" : "EFlowRxOrganizationTypeVS",
      "title" : "ValueSet der Organisationstyp-Codes",
      "status" : "draft",
      "experimental" : false,
      "date" : "2025-12-15",
      "jurisdiction" : [{
        "coding" : [{
          "system" : "urn:iso:std:iso:3166",
          "code" : "DE",
          "display" : "Germany"
        }]
      }],
      "immutable" : false,
      "expansion" : {
        "identifier" : "urn:uuid:ab5b3413-c62f-4a7e-a8d5-736843fd6e14",
        "timestamp" : "2026-02-12T06:55:08+00:00",
        "total" : 2,
        "offset" : 0,
        "parameter" : [{
          "name" : "displayLanguage",
          "valueCode" : "de"
        },
        {
          "name" : "count",
          "valueInteger" : 1000
        },
        {
          "name" : "offset",
          "valueInteger" : 0
        },
        {
          "name" : "excludeNested",
          "valueBoolean" : false
        },
        {
          "name" : "used-codesystem",
          "valueUri" : "https://gematik.de/fhir/erp/CodeSystem/eflow-rx-organizationtype|1.0.0-draft"
        }],
        "contains" : [{
          "system" : "https://gematik.de/fhir/erp/CodeSystem/eflow-rx-organizationtype",
          "code" : "urn:oid:1.2.276.0.76.4.54"
        },
        {
          "system" : "https://gematik.de/fhir/erp/CodeSystem/eflow-rx-organizationtype",
          "code" : "urn:oid:1.2.276.0.76.4.59"
        }]
      }
    }
  }]
}