<?xml version="1.0" encoding="UTF-8"?>

<MedicationDispense xmlns="http://hl7.org/fhir">
  <id value="Example-MedicationDispense-2"/>
  <meta>
    <profile value="https://gematik.de/fhir/erp/StructureDefinition/eflow-rx-medicationdispense"/>
  </meta>
  <identifier>
    <system value="https://gematik.de/fhir/erp/NamingSystem/GEM_ERP_NS_PrescriptionId"/>
    <value value="160.000.033.491.280.78"/>
  </identifier>
  <status value="completed"/>
  <medicationReference>
    <reference value="Medication/SimpleMedication"/>
  </medicationReference>
  <subject>
    <identifier>
      <system value="http://fhir.de/sid/gkv/kvid-10"/>
      <value value="X123456789"/>
    </identifier>
  </subject>
  <performer>
    <actor>
      <identifier>
        <system value="https://gematik.de/fhir/sid/telematik-id"/>
        <value value="3-SMC-B-Testkarte-883110000095957"/>
      </identifier>
    </actor>
  </performer>
  <whenHandedOver value="2026-07-01"/>
</MedicationDispense>