<?xml version="1.0" encoding="UTF-8"?>

<OperationDefinition xmlns="http://hl7.org/fhir">
  <id value="RejectOperation"/>
  <text>
    <status value="generated"/><div xmlns="http://www.w3.org/1999/xhtml"><p class="res-header-id"><b>Generated Narrative: OperationDefinition RejectOperation</b></p><a name="RejectOperation"> </a><a name="hcRejectOperation"> </a><p>URL: [base]/Task/[id]/$reject</p><h3>Parameters</h3><table class="grid"><tr><td><b>Use</b></td><td><b>Name</b></td><td><b>Scope</b></td><td><b>Cardinality</b></td><td><b>Type</b></td><td><b>Binding</b></td><td><b>Documentation</b></td></tr><tr><td>IN</td><td>secret</td><td/><td>1..1</td><td><a href="http://hl7.org/fhir/R4/datatypes.html#string">string</a></td><td/><td><div><p>Der secret Parameter, der einer Apotheke den exklusiven Zugriff auf den Task als URL-Parameter ?secret ermöglicht.</p>
</div></td></tr></table></div>
  </text>
  <url value="https://gematik.de/fhir/erp/OperationDefinition/RejectOperation"/>
  <version value="1.0.0-draft"/>
  <name value="Reject"/>
  <status value="draft"/>
  <kind value="operation"/>
  <date value="2025-12-15"/>
  <publisher value="gematik GmbH"/>
  <contact>
    <name value="gematik GmbH"/>
    <telecom>
      <system value="url"/>
      <value value="https://gematik.de"/>
    </telecom>
    <telecom>
      <system value="email"/>
      <value value="erp-umsetzung@gematik.de"/>
    </telecom>
  </contact>
  <description value="Lehnt die Ausgabe eines eRezepts ab. Die Aufgabe wird in einen aktiven Zustand zurückgesetzt, das secret wird gelöscht, und der Task wird für jeden anderen Apotheker zugänglich oder kann vom Patienten gelöscht werden."/>
  <jurisdiction>
    <coding>
      <system value="urn:iso:std:iso:3166"/>
      <code value="DE"/>
      <display value="Germany"/>
    </coding>
  </jurisdiction>
  <affectsState value="true"/>
  <code value="reject"/>
  <resource value="Task"/>
  <system value="false"/>
  <type value="false"/>
  <instance value="true"/>
  <parameter>
    <name value="secret"/>
    <use value="in"/>
    <min value="1"/>
    <max value="1"/>
    <documentation value="Der secret Parameter, der einer Apotheke den exklusiven Zugriff auf den Task als URL-Parameter ?secret ermöglicht."/>
    <type value="string"/>
  </parameter>
</OperationDefinition>