<?xml version="1.0" encoding="UTF-8"?>

<Parameters xmlns="http://hl7.org/fhir">
  <id value="Parameters-output-example-2"/>
  <parameter>
    <name value="rxPrescription"/>
    <part>
      <name value="authoredOn"/>
      <valueDateTime value="2024-05-20"/>
    </part>
    <part>
      <name value="medication"/>
      <resource>
        <Medication>
          <meta>
            <profile value="https://gematik.de/fhir/epa-medication/StructureDefinition/epa-medication"/>
          </meta>
          <extension url="https://gematik.de/fhir/epa-medication/StructureDefinition/drug-category-extension">
            <valueCoding>
              <code value="00"/>
            </valueCoding>
          </extension>
          <extension url="https://gematik.de/fhir/epa-medication/StructureDefinition/medication-id-vaccine-extension">
            <valueBoolean value="false"/>
          </extension>
          <code>
            <coding>
              <system value="https://fhir.kbv.de/CodeSystem/KBV_CS_ERP_Medication_Type"/>
              <code value="wirkstoff"/>
            </coding>
          </code>
          <form>
            <text value="Tabletten"/>
          </form>
        </Medication>
      </resource>
    </part>
    <part>
      <name value="medicationRequest"/>
      <resource>
        <MedicationRequest>
          <meta>
            <profile value="https://gematik.de/fhir/epa-medication/StructureDefinition/epa-medication-request"/>
          </meta>
          <extension url="https://gematik.de/fhir/epa-medication/StructureDefinition/indicator-ser-extension">
            <valueBoolean value="false"/>
          </extension>
          <extension url="https://gematik.de/fhir/epa-medication/StructureDefinition/multiple-prescription-extension">
            <extension url="indicator">
              <valueBoolean value="false"/>
            </extension>
          </extension>
          <status value="active"/>
          <intent value="order"/>
          <medicationReference>
            <reference value="Medication/86fa62c7-06a0-418e-ba26-e99baa053c07"/>
          </medicationReference>
          <authoredOn value="2024-05-20"/>
          <requester>
            <reference value="Practitioner/bc329f24-3d65-4286-bf06-b54dd6cad655"/>
          </requester>
          <note>
            <text value="Bitte längliche Tabletten, da Patient Probleme mit dem Schlucken von runden hat."/>
          </note>
          <dosageInstruction>
            <extension url="https://fhir.kbv.de/StructureDefinition/KBV_EX_ERP_DosageFlag">
              <valueBoolean value="true"/>
            </extension>
            <text value="1-0-0-0"/>
          </dosageInstruction>
          <dispenseRequest>
            <quantity>
              <value value="1"/>
              <unit value="Packung"/>
            </quantity>
          </dispenseRequest>
        </MedicationRequest>
      </resource>
    </part>
    <part>
      <name value="organization"/>
      <resource>
        <Organization>
          <meta>
            <profile value="https://gematik.de/fhir/directory/StructureDefinition/OrganizationDirectory"/>
          </meta>
          <telecom>
            <system value="phone"/>
            <value value="0301234567"/>
          </telecom>
          <telecom>
            <system value="fax"/>
            <value value="030123456789"/>
          </telecom>
          <telecom>
            <system value="email"/>
            <value value="mvz@e-mail.de"/>
          </telecom>
          <address>
            <type value="both"/>
            <line value="Herbert-Lewin-Platz 2">
              <extension url="http://hl7.org/fhir/StructureDefinition/iso21090-ADXP-houseNumber">
                <valueString value="2"/>
              </extension>
              <extension url="http://hl7.org/fhir/StructureDefinition/iso21090-ADXP-streetName">
                <valueString value="Herbert-Lewin-Platz"/>
              </extension>
            </line>
            <city value="Berlin"/>
            <postalCode value="10623"/>
            <country value="D"/>
          </address>
          <address>
            <type value="both"/>
            <line value="Herbert-Lewin-Platz 2">
              <extension url="http://hl7.org/fhir/StructureDefinition/iso21090-ADXP-houseNumber">
                <valueString value="2"/>
              </extension>
              <extension url="http://hl7.org/fhir/StructureDefinition/iso21090-ADXP-streetName">
                <valueString value="Herbert-Lewin-Platz"/>
              </extension>
            </line>
            <city value="Berlin"/>
            <postalCode value="10623"/>
            <country value="D"/>
          </address>
        </Organization>
      </resource>
    </part>
    <part>
      <name value="practitioner"/>
      <resource>
        <Practitioner>
          <meta>
            <profile value="https://gematik.de/fhir/directory/StructureDefinition/PractitionerDirectory"/>
          </meta>
          <name>
            <use value="official"/>
            <family value="Freiherr von Müller">
              <extension url="http://hl7.org/fhir/StructureDefinition/humanname-own-prefix">
                <valueString value="von"/>
              </extension>
              <extension url="http://fhir.de/StructureDefinition/humanname-namenszusatz">
                <valueString value="Freiherr"/>
              </extension>
              <extension url="http://hl7.org/fhir/StructureDefinition/humanname-own-name">
                <valueString value="Müller"/>
              </extension>
            </family>
            <given value="Paul"/>
            <prefix value="Dr. med.">
              <extension url="http://hl7.org/fhir/StructureDefinition/iso21090-EN-qualifier">
                <valueCode value="AC"/>
              </extension>
            </prefix>
          </name>
        </Practitioner>
      </resource>
    </part>
    <part>
      <name value="prescriptionId"/>
      <valueString value="160.100.000.000.019.82"/>
    </part>
  </parameter>
</Parameters>