<?xml version="1.0" encoding="UTF-8"?>

<Parameters xmlns="http://hl7.org/fhir">
  <id value="Parameters-output-example-1"/>
  <parameter>
    <name value="rxPrescription"/>
    <part>
      <name value="authoredOn"/>
      <valueDateTime value="2024-05-20"/>
    </part>
    <part>
      <name value="medication"/>
      <resource>
        <Medication>
          <meta>
            <profile value="https://gematik.de/fhir/epa-medication/StructureDefinition/epa-medication"/>
          </meta>
          <extension url="https://gematik.de/fhir/epa-medication/StructureDefinition/drug-category-extension">
            <valueCoding>
              <code value="00"/>
            </valueCoding>
          </extension>
          <extension url="https://gematik.de/fhir/epa-medication/StructureDefinition/medication-id-vaccine-extension">
            <valueBoolean value="false"/>
          </extension>
          <code>
            <coding>
              <system value="http://fhir.de/CodeSystem/ifa/pzn"/>
              <code value="07765007"/>
            </coding>
            <text value="NEUPRO 8MG/24H PFT 7 ST"/>
          </code>
          <form>
            <coding>
              <system value="https://fhir.kbv.de/CodeSystem/KBV_CS_SFHIR_KBV_DARREICHUNGSFORM"/>
              <code value="PFT"/>
            </coding>
          </form>
        </Medication>
      </resource>
    </part>
    <part>
      <name value="medicationRequest"/>
      <resource>
        <MedicationRequest>
          <meta>
            <profile value="https://gematik.de/fhir/epa-medication/StructureDefinition/epa-medication-request"/>
          </meta>
          <extension url="https://gematik.de/fhir/epa-medication/StructureDefinition/indicator-ser-extension">
            <valueBoolean value="false"/>
          </extension>
          <extension url="https://gematik.de/fhir/epa-medication/StructureDefinition/multiple-prescription-extension">
            <extension url="indicator">
              <valueBoolean value="false"/>
            </extension>
          </extension>
          <status value="active"/>
          <intent value="order"/>
          <medicationReference>
            <reference value="Medication/5ff1bd22-ce14-484e-be56-d2ba4adeac31"/>
          </medicationReference>
          <authoredOn value="2024-05-20"/>
          <requester>
            <reference value="Practitioner/d6f3b55d-3095-4655-96dc-da3bec21271c"/>
          </requester>
          <dispenseRequest>
            <quantity>
              <value value="1"/>
              <unit value="Packung"/>
            </quantity>
          </dispenseRequest>
          <substitution>
            <allowedBoolean value="true"/>
          </substitution>
        </MedicationRequest>
      </resource>
    </part>
    <part>
      <name value="organization"/>
      <resource>
        <Organization>
          <meta>
            <profile value="https://gematik.de/fhir/directory/StructureDefinition/OrganizationDirectory"/>
          </meta>
          <telecom>
            <system value="phone"/>
            <value value="030321654987"/>
          </telecom>
          <telecom>
            <system value="email"/>
            <value value="hausarztpraxis@e-mail.de"/>
          </telecom>
          <address>
            <type value="both"/>
            <line value="Herbert-Lewin-Platz 2">
              <extension url="http://hl7.org/fhir/StructureDefinition/iso21090-ADXP-houseNumber">
                <valueString value="2"/>
              </extension>
              <extension url="http://hl7.org/fhir/StructureDefinition/iso21090-ADXP-streetName">
                <valueString value="Herbert-Lewin-Platz"/>
              </extension>
            </line>
            <line value="Erdgeschoss">
              <extension url="http://hl7.org/fhir/StructureDefinition/iso21090-ADXP-additionalLocator">
                <valueString value="Erdgeschoss"/>
              </extension>
            </line>
            <city value="Berlin"/>
            <postalCode value="10623"/>
            <country value="D"/>
          </address>
          <address>
            <type value="both"/>
            <line value="Herbert-Lewin-Platz 2">
              <extension url="http://hl7.org/fhir/StructureDefinition/iso21090-ADXP-houseNumber">
                <valueString value="2"/>
              </extension>
              <extension url="http://hl7.org/fhir/StructureDefinition/iso21090-ADXP-streetName">
                <valueString value="Herbert-Lewin-Platz"/>
              </extension>
            </line>
            <line value="Erdgeschoss">
              <extension url="http://hl7.org/fhir/StructureDefinition/iso21090-ADXP-additionalLocator">
                <valueString value="Erdgeschoss"/>
              </extension>
            </line>
            <city value="Berlin"/>
            <postalCode value="10623"/>
            <country value="D"/>
          </address>
        </Organization>
      </resource>
    </part>
    <part>
      <name value="practitioner"/>
      <resource>
        <Practitioner>
          <meta>
            <profile value="https://gematik.de/fhir/directory/StructureDefinition/PractitionerDirectory"/>
          </meta>
          <name>
            <use value="official"/>
            <family value="Schulz">
              <extension url="http://hl7.org/fhir/StructureDefinition/humanname-own-name">
                <valueString value="Schulz"/>
              </extension>
            </family>
            <given value="Ben"/>
          </name>
        </Practitioner>
      </resource>
    </part>
    <part>
      <name value="prescriptionId"/>
      <valueString value="160.100.000.000.037.28"/>
    </part>
  </parameter>
</Parameters>