<?xml version="1.0" encoding="UTF-8"?>

<StructureMap xmlns="http://hl7.org/fhir">
  <id value="GEMErpPrMedicationMap"/>
  <text>
    <status value="generated"/><div xmlns="http://www.w3.org/1999/xhtml"><p class="res-header-id"><b>Generated Narrative: StructureMap GEMErpPrMedicationMap</b></p><a name="GEMErpPrMedicationMap"> </a><a name="hcGEMErpPrMedicationMap"> </a><pre class="fml">
<b>map</b><span style="color: navy"> &quot;</span>https://gematik.de/fhir/structure-comparer/StructureMap/GEMErpPrMedicationMap<span style="color: navy">&quot; = &quot;</span>GEMErpPrMedicationMap<span style="color: navy">&quot;

</span><span style="color: navy">// </span><span style="color: green">Auto-generated StructureMap for GEM_ERP_PR_Medication|1.6.1 -&gt; EPAMedication|1.3.0</span>

<b>uses</b><span style="color: navy"> &quot;</span>https://gematik.de/fhir/erp/StructureDefinition/GEM_ERP_PR_Medication<span style="color: navy">&quot; </span><b>alias </b>GEMERPPRMedication <b>as </b><b>source</b>
<b>uses</b><span style="color: navy"> &quot;</span><a href="https://simplifier.net/resolve?scope=de.gematik.epa.medication@1.3.0&amp;canonical=https://gematik.de/fhir/epa-medication/StructureDefinition/epa-medication" title="EPA Medication">https://gematik.de/fhir/epa-medication/StructureDefinition/epa-medication</a><span style="color: navy">&quot; </span><b>alias </b>EPAMedication <b>as </b><b>target</b>

<span style="color: navy">// </span><span style="color: green">Mapping generated for GEM_ERP_PR_Medication|1.6.1 -&gt; EPAMedication|1.3.0</span>
<b>group </b>GEMErpPrMedicationMap<span style="color: navy">(</span><b>source</b> <span style="color: maroon">GEMERPPRMedication</span><span style="color: navy"> : </span>GEMERPPRMedication, <b>target</b> <span style="color: maroon">EPAMedication</span><span style="color: navy"> : </span>EPAMedication<span style="color: navy">)</span><b> &lt;&lt;types&gt;&gt;</b><span style="color: navy"> {
</span><span style="color: navy">}

</span></pre></div>
  </text>
  <url value="https://gematik.de/fhir/structure-comparer/StructureMap/GEMErpPrMedicationMap"/>
  <version value="1.0.0-draft"/>
  <name value="GEMErpPrMedicationMap"/>
  <status value="active"/>
  <date value="2026-02-02"/>
  <publisher value="gematik GmbH"/>
  <contact>
    <name value="gematik GmbH"/>
    <telecom>
      <system value="url"/>
      <value value="https://gematik.de"/>
    </telecom>
    <telecom>
      <system value="email"/>
      <value value="erp-umsetzung@gematik.de"/>
    </telecom>
  </contact>
  <description value="Auto-generated StructureMap for GEM_ERP_PR_Medication|1.6.1 -&gt; EPAMedication|1.3.0"/>
  <jurisdiction>
    <coding>
      <system value="urn:iso:std:iso:3166"/>
      <code value="DE"/>
      <display value="Germany"/>
    </coding>
  </jurisdiction>
  <structure>
    <url value="https://gematik.de/fhir/erp/StructureDefinition/GEM_ERP_PR_Medication"/>
    <mode value="source"/>
    <alias value="GEMERPPRMedication"/>
  </structure>
  <structure>
    <url value="https://gematik.de/fhir/epa-medication/StructureDefinition/epa-medication"/>
    <mode value="target"/>
    <alias value="EPAMedication"/>
  </structure>
  <group>
    <name value="GEMErpPrMedicationMap"/>
    <typeMode value="types"/>
    <documentation value="Mapping generated for GEM_ERP_PR_Medication|1.6.1 -&gt; EPAMedication|1.3.0"/>
    <input>
      <name value="GEMERPPRMedication"/>
      <type value="GEMERPPRMedication"/>
      <mode value="source"/>
    </input>
    <input>
      <name value="EPAMedication"/>
      <type value="EPAMedication"/>
      <mode value="target"/>
    </input>
  </group>
</StructureMap>