{
  "resourceType" : "StructureMap",
  "id" : "GEMErpPrMedicationdispenseMap",
  "text" : {
    "status" : "generated",
    "div" : "<div xmlns=\"http://www.w3.org/1999/xhtml\"><p class=\"res-header-id\"><b>Generated Narrative: StructureMap GEMErpPrMedicationdispenseMap</b></p><a name=\"GEMErpPrMedicationdispenseMap\"> </a><a name=\"hcGEMErpPrMedicationdispenseMap\"> </a><pre class=\"fml\">\r\n<b>map</b><span style=\"color: navy\"> &quot;</span>https://gematik.de/fhir/structure-comparer/StructureMap/GEMErpPrMedicationdispenseMap<span style=\"color: navy\">&quot; = &quot;</span>GEMErpPrMedicationdispenseMap<span style=\"color: navy\">&quot;\r\n\r\n</span><span style=\"color: navy\">// </span><span style=\"color: green\">Auto-generated StructureMap for GEM_ERP_PR_MedicationDispense|1.6.1 -&gt; EPAMedicationDispense|1.3.0</span>\r\n\r\n<b>uses</b><span style=\"color: navy\"> &quot;</span>https://gematik.de/fhir/erp/StructureDefinition/GEM_ERP_PR_MedicationDispense<span style=\"color: navy\">&quot; </span><b>alias </b>GEMERPPRMedicationDispense <b>as </b><b>source</b>\r\n<b>uses</b><span style=\"color: navy\"> &quot;</span><a href=\"https://simplifier.net/resolve?scope=de.gematik.epa.medication@1.3.0&amp;canonical=https://gematik.de/fhir/epa-medication/StructureDefinition/epa-medication-dispense\" title=\"EPA MedicationDispense\">https://gematik.de/fhir/epa-medication/StructureDefinition/epa-medication-dispense</a><span style=\"color: navy\">&quot; </span><b>alias </b>EPAMedicationDispense <b>as </b><b>target</b>\r\n\r\n<span style=\"color: navy\">// </span><span style=\"color: green\">Mapping generated for GEM_ERP_PR_MedicationDispense|1.6.1 -&gt; EPAMedicationDispense|1.3.0</span>\r\n<b>group </b>GEMErpPrMedicationdispenseMap<span style=\"color: navy\">(</span><b>source</b> <span style=\"color: maroon\">GEMERPPRMedicationDispense</span><span style=\"color: navy\"> : </span>GEMERPPRMedicationDispense, <b>target</b> <span style=\"color: maroon\">EPAMedicationDispense</span><span style=\"color: navy\"> : </span>EPAMedicationDispense<span style=\"color: navy\">)</span><b> &lt;&lt;types&gt;&gt;</b><span style=\"color: navy\"> {\r\n</span><span style=\"color: navy\">}\r\n\r\n</span></pre></div>"
  },
  "url" : "https://gematik.de/fhir/structure-comparer/StructureMap/GEMErpPrMedicationdispenseMap",
  "version" : "1.0.0-draft",
  "name" : "GEMErpPrMedicationdispenseMap",
  "status" : "active",
  "date" : "2026-02-02",
  "publisher" : "gematik GmbH",
  "contact" : [{
    "name" : "gematik GmbH",
    "telecom" : [{
      "system" : "url",
      "value" : "https://gematik.de"
    },
    {
      "system" : "email",
      "value" : "erp-umsetzung@gematik.de"
    }]
  }],
  "description" : "Auto-generated StructureMap for GEM_ERP_PR_MedicationDispense|1.6.1 -> EPAMedicationDispense|1.3.0",
  "jurisdiction" : [{
    "coding" : [{
      "system" : "urn:iso:std:iso:3166",
      "code" : "DE",
      "display" : "Germany"
    }]
  }],
  "structure" : [{
    "url" : "https://gematik.de/fhir/erp/StructureDefinition/GEM_ERP_PR_MedicationDispense",
    "mode" : "source",
    "alias" : "GEMERPPRMedicationDispense"
  },
  {
    "url" : "https://gematik.de/fhir/epa-medication/StructureDefinition/epa-medication-dispense",
    "mode" : "target",
    "alias" : "EPAMedicationDispense"
  }],
  "group" : [{
    "name" : "GEMErpPrMedicationdispenseMap",
    "typeMode" : "types",
    "documentation" : "Mapping generated for GEM_ERP_PR_MedicationDispense|1.6.1 -> EPAMedicationDispense|1.3.0",
    "input" : [{
      "name" : "GEMERPPRMedicationDispense",
      "type" : "GEMERPPRMedicationDispense",
      "mode" : "source"
    },
    {
      "name" : "EPAMedicationDispense",
      "type" : "EPAMedicationDispense",
      "mode" : "target"
    }]
  }]
}