<?xml version="1.0" encoding="UTF-8"?>

<Task xmlns="http://hl7.org/fhir">
  <id value="09330307-16ce-4cdc-810a-ca24ef80dde3"/>
  <meta>
    <profile value="https://gematik.de/fhir/erp/StructureDefinition/GEM-ERP-PR-Task"/>
    <tag>
      <display value="Task in COMPLETED state dispensed by pharmacy via $closed operation"/>
    </tag>
  </meta>
  <text>
    <status value="extensions"/><div xmlns="http://www.w3.org/1999/xhtml"><p class="res-header-id"><b>Generated Narrative: Task 09330307-16ce-4cdc-810a-ca24ef80dde3</b></p><a name="09330307-16ce-4cdc-810a-ca24ef80dde3"> </a><a name="hc09330307-16ce-4cdc-810a-ca24ef80dde3"> </a><div style="display: inline-block; background-color: #d9e0e7; padding: 6px; margin: 4px; border: 1px solid #8da1b4; border-radius: 5px; line-height: 60%"><p style="margin-bottom: 0px"/><p style="margin-bottom: 0px">Profile: <a href="StructureDefinition-GEM-ERP-PR-Task.html">GEM ERP PR Task</a></p><p style="margin-bottom: 0px">Tag: Task in COMPLETED state dispensed by pharmacy via $closed operation (Details: [not stated] code null = 'Task in COMPLETED state dispensed by pharmacy via $closed operation')</p></div><p><b>GEM ERP EX PrescriptionType</b>: EFlowRxFlowType: 160 (Flowtype für Apothekenpflichtige Arzneimittel)</p><p><b>GEM ERP EX AcceptDate</b>: 2026-07-01</p><p><b>GEM ERP EX ExpiryDate</b>: 2026-07-01</p><p><b>identifier</b>: <code>https://gematik.de/fhir/erp/NamingSystem/GEM_ERP_NS_PrescriptionId</code>/160.000.033.491.280.78, <code>https://gematik.de/fhir/erp/NamingSystem/GEM_ERP_NS_AccessCode</code>/777bea0e13cc9c42ceec14aec3ddee2263325dc2c6c699db115f58fe423607ea</p><p><b>status</b>: Completed</p><p><b>intent</b>: order</p><p><b>for</b>: Identifier: NamingSystemKVID/X123456789</p><p><b>authoredOn</b>: 2026-07-01 15:29:00+0000</p><p><b>lastModified</b>: 2026-07-01 16:44:00+0000</p><p><b>performerType</b>: <span title="Codes:{https://gematik.de/fhir/erp/CodeSystem/EFlowRxOrganizationType urn:oid:1.2.276.0.76.4.54}">Öffentliche Apotheke</span></p><blockquote><p><b>input</b></p><p><b>type</b>: <span title="Codes:{https://gematik.de/fhir/erp/CodeSystem/EFlowRxDocumentType 1}">Health Care Provider Prescription</span></p><p><b>value</b>: <a href="https://simplifier.net/resolve?scope=de.basisprofil.r4@1.5.4&amp;canonical=http://fhir.org/packages/de.basisprofil.r4/281a985c-f25b-4aae-91a6-41ad744080b0">281a985c-f25b-4aae-91a6-41ad744080b0</a></p></blockquote><blockquote><p><b>input</b></p><p><b>type</b>: <span title="Codes:{https://gematik.de/fhir/erp/CodeSystem/EFlowRxDocumentType 2}">Patient Confirmation</span></p><p><b>value</b>: <a href="https://simplifier.net/resolve?scope=de.basisprofil.r4@1.5.4&amp;canonical=http://fhir.org/packages/de.basisprofil.r4/f8c2298f-7c00-4a68-af29-8a2862d55d43">f8c2298f-7c00-4a68-af29-8a2862d55d43</a></p></blockquote><h3>Outputs</h3><table class="grid"><tr><td style="display: none">-</td><td><b>Type</b></td><td><b>Value[x]</b></td></tr><tr><td style="display: none">*</td><td><span title="Codes:{https://gematik.de/fhir/erp/CodeSystem/EFlowRxDocumentType 3}">Receipt</span></td><td><a href="https://simplifier.net/resolve?scope=de.basisprofil.r4@1.5.4&amp;canonical=http://fhir.org/packages/de.basisprofil.r4/dffbfd6a-5712-4798-bdc8-07201eb77ab8">dffbfd6a-5712-4798-bdc8-07201eb77ab8</a></td></tr></table></div>
  </text>
  <extension url="https://gematik.de/fhir/erp/StructureDefinition/GEM-ERP-EX-PrescriptionType">
    <valueCoding>
      <system value="https://gematik.de/fhir/erp/CodeSystem/EFlowRxFlowType"/>
      <code value="160"/>
      <display value="Flowtype für Apothekenpflichtige Arzneimittel"/>
    </valueCoding>
  </extension>
  <extension url="https://gematik.de/fhir/erp/StructureDefinition/GEM-ERP-EX-AcceptDate">
    <valueDate value="2026-07-01"/>
  </extension>
  <extension url="https://gematik.de/fhir/erp/StructureDefinition/GEM-ERP-EX-ExpiryDate">
    <valueDate value="2026-07-01"/>
  </extension>
  <identifier>
    <system value="https://gematik.de/fhir/erp/NamingSystem/GEM_ERP_NS_PrescriptionId"/>
    <value value="160.000.033.491.280.78"/>
  </identifier>
  <identifier>
    <system value="https://gematik.de/fhir/erp/NamingSystem/GEM_ERP_NS_AccessCode"/>
    <value value="777bea0e13cc9c42ceec14aec3ddee2263325dc2c6c699db115f58fe423607ea"/>
  </identifier>
  <status value="completed"/>
  <intent value="order"/>
  <for>
    <identifier>
      <system value="http://fhir.de/sid/gkv/kvid-10"/>
      <value value="X123456789"/>
    </identifier>
  </for>
  <authoredOn value="2026-07-01T15:29:00+00:00"/>
  <lastModified value="2026-07-01T16:44:00.434+00:00"/>
  <performerType>
    <coding>
      <system value="https://gematik.de/fhir/erp/CodeSystem/EFlowRxOrganizationType"/>
      <code value="urn:oid:1.2.276.0.76.4.54"/>
      <display value="Öffentliche Apotheke"/>
    </coding>
  </performerType>
  <input>
    <type>
      <coding>
        <system value="https://gematik.de/fhir/erp/CodeSystem/EFlowRxDocumentType"/>
        <code value="1"/>
        <display value="Health Care Provider Prescription"/>
      </coding>
    </type>
    <valueReference>
      <reference value="281a985c-f25b-4aae-91a6-41ad744080b0"/>
    </valueReference>
  </input>
  <input>
    <type>
      <coding>
        <system value="https://gematik.de/fhir/erp/CodeSystem/EFlowRxDocumentType"/>
        <code value="2"/>
        <display value="Patient Confirmation"/>
      </coding>
    </type>
    <valueReference>
      <reference value="f8c2298f-7c00-4a68-af29-8a2862d55d43"/>
    </valueReference>
  </input>
  <output>
    <type>
      <coding>
        <system value="https://gematik.de/fhir/erp/CodeSystem/EFlowRxDocumentType"/>
        <code value="3"/>
        <display value="Receipt"/>
      </coding>
    </type>
    <valueReference>
      <reference value="dffbfd6a-5712-4798-bdc8-07201eb77ab8"/>
    </valueReference>
  </output>
</Task>