<?xml version="1.0" encoding="UTF-8"?>

<ValueSet xmlns="http://hl7.org/fhir">
  <id value="eflow-rx-availabilitystatus"/>
  <text>
    <status value="generated"/><div xmlns="http://www.w3.org/1999/xhtml"><p class="res-header-id"><b>Generated Narrative: ValueSet eflow-rx-availabilitystatus</b></p><a name="eflow-rx-availabilitystatus"> </a><a name="hceflow-rx-availabilitystatus"> </a><ul><li>Include all codes defined in <a href="CodeSystem-eflow-rx-availabilitystatus.html"><code>https://gematik.de/fhir/erp/CodeSystem/eflow-rx-availabilitystatus</code></a><span title="Version is not explicitly stated, which means it is fixed to the version provided in this specification"> version &#x1F4E6;1.0.0-draft</span></li></ul></div>
  </text>
  <url value="https://gematik.de/fhir/erp/ValueSet/eflow-rx-availabilitystatus"/>
  <version value="1.0.0-draft"/>
  <name value="EFlowRxAvailabilityStatusVS"/>
  <title value="ValueSet der Verfügbarkeitsstatus-Codes"/>
  <status value="draft"/>
  <experimental value="false"/>
  <date value="2025-12-15"/>
  <publisher value="gematik GmbH"/>
  <contact>
    <name value="gematik GmbH"/>
    <telecom>
      <system value="url"/>
      <value value="https://gematik.de"/>
    </telecom>
    <telecom>
      <system value="email"/>
      <value value="erp-umsetzung@gematik.de"/>
    </telecom>
  </contact>
  <description value="Art des Verfügbarkeitsstatus für die Verfügbarkeitsanfrage von Medikamenten"/>
  <jurisdiction>
    <coding>
      <system value="urn:iso:std:iso:3166"/>
      <code value="DE"/>
      <display value="Germany"/>
    </coding>
  </jurisdiction>
  <immutable value="false"/>
  <copyright value="gematik GmbH / Dieses Artefakt ist lizenziert unter [Apache License](./license.html), Version 2.0."/>
  <compose>
    <include>
      <system value="https://gematik.de/fhir/erp/CodeSystem/eflow-rx-availabilitystatus"/>
    </include>
  </compose>
</ValueSet>