URL,Version,Status,OIDs,Name,Title,Description,Uses,Used,Sources
https://gematik.de/fhir/erp/ValueSet/eflow-rx-availabilitystatus,1.0.0-draft,draft,,EFlowRxAvailabilityStatusVS,ValueSet der Verfügbarkeitsstatus-Codes,"Art des Verfügbarkeitsstatus für die Verfügbarkeitsanfrage von Medikamenten",,"Internal"
https://gematik.de/fhir/erp/ValueSet/eflow-rx-documenttype,1.0.0-draft,draft,,EFlowRxDocumentTypeVS,ValueSet der Dokumenttyp-Codes,"Art der Dokumente je nach Empfänger.",,"Internal"
https://gematik.de/fhir/erp/ValueSet/eflow-rx-flowtype,1.0.0-draft,draft,,EFlowRxFlowTypeVS,ValueSet der FlowType-Codes,"Zeigt die verschiedenen Arten des E-Rezepts entsprechend den Verschreibungsformularen.",,"Internal"
https://gematik.de/fhir/erp/ValueSet/eflow-rx-operationoutcomedetails,1.0.0-draft,draft,,EFlowRxOperationOutcomeDetailsVS,GEM ERP VS OperationOutcomeDetails,"Fachliche Fehlercodes des E-Rezept-Fachdienst",,"Internal,THO,de.gematik.ti"
https://gematik.de/fhir/erp/ValueSet/eflow-rx-organizationtype,1.0.0-draft,draft,,EFlowRxOrganizationTypeVS,ValueSet der Organisationstyp-Codes,"Art der Organisation",,"Internal"
