URL,Version,Status,OIDs,Name,Title,Description,Used
http://terminology.hl7.org/CodeSystem/operation-outcome,3.0.0,draft,"2.16.840.1.113883.4.642.1.1127",OperationOutcomeCodes,Operation Outcome Codes,"Operation Outcome codes used by FHIR test servers (see Implementation file translations.xml)","ValueSet/eflow-rx-operationoutcomedetails"
https://gematik.de/fhir/erp/CodeSystem/eflow-rx-availabilitystatus,1.0.0-draft,draft,,EFlowRxAvailabilityStatusCS,CodeSystem des Verfügbarkeitsstatus,"Typ des Verfügbarkeitsstatus für die Anfrage zur Medikamentenverfügbarkeit.","ValueSet/eflow-rx-availabilitystatus"
https://gematik.de/fhir/erp/CodeSystem/eflow-rx-documenttype,1.0.0-draft,draft,,EFlowRxDocumentTypeCS,CodeSystem der Dokumententypen,"Dokumententyp abhängig vom Empfänger des Bundles.","ValueSet/eflow-rx-documenttype"
https://gematik.de/fhir/erp/CodeSystem/eflow-rx-flowtype,1.0.0-draft,draft,,EFlowRxFlowTypeCS,CodeSystem der Flowtypen,"Zeigt die verschiedenen Typen des E-Rezept Workflows entsprechend der Verordnungsformulare.  WICHTIG: Der Codebereich 9xx ist reserviert für Abrechnungsprozesse in Apotheken wie z.B. Pharmazeutische Dienstleistungen!","ValueSet/eflow-rx-flowtype"
https://gematik.de/fhir/erp/CodeSystem/eflow-rx-operationoutcomedetails,1.0.0-draft,draft,,EFlowRxOperationOutcomeDetailsCS,GEM ERP CS OperationOutcomeDetails,"Fachliche Fehlercodes des E-Rezept-Fachdienst","ValueSet/eflow-rx-operationoutcomedetails"
https://gematik.de/fhir/erp/CodeSystem/eflow-rx-organizationtype,1.0.0-draft,draft,,EFlowRxOrganizationTypeCS,CodeSystem der Organisationstyp-Codes,"Typ der Organisation, bei der E-Rezepte eingelöst werden können.","ValueSet/eflow-rx-organizationtype"
https://gematik.de/fhir/ti/CodeSystem/operation-outcome-details-codes,1.1.1,active,,TIOperationOutcomeDetailsCS,TI Operation Outcome Details CodeSystem,"Telematikinfrastruktur (TI) Operation Outcome Details CodeSystem","ValueSet/eflow-rx-operationoutcomedetails"
urn:iso-astm:E1762-95:2013,5.0.0,active,,ASTMSignatureTypeCodes,ASTM Signature Type Codes,"The Digital Signature Purposes, an indication of the reason an entity signs a document. This is included in the signed information and can be used when determining accountability for various actions concerning the document. Examples include: author, transcriptionist/recorder, and witness.","ValueSet/signature-type"
