URL,Version,Status,OIDs,Name,Title,Description,Used
https://gematik.de/fhir/erp/CodeSystem/GEM-ERP-CS-AvailabilityStatus,1.0.0-draft,draft,,GEM_ERP_CS_AvailabilityStatus,CodeSystem des Verfügbarkeitsstatus,"Typ des Verfügbarkeitsstatus für die Anfrage zur Medikamentenverfügbarkeit.",
https://gematik.de/fhir/erp/CodeSystem/GEM-ERP-CS-DocumentType,1.0.0-draft,draft,,GEM_ERP_CS_DocumentType,CodeSystem der Dokumententypen,"Dokumententyp abhängig vom Empfänger des Bundles.",
https://gematik.de/fhir/erp/CodeSystem/GEM-ERP-CS-FlowType,1.0.0-draft,draft,,GEM_ERP_CS_FlowType,CodeSystem der Flowtypen,"Zeigt die verschiedenen Typen des E-Rezept Workflows entsprechend der Verordnungsformulare.  WICHTIG: Der Codebereich 9xx ist reserviert für Abrechnungsprozesse in Apotheken wie z.B. Pharmazeutische Dienstleistungen!",
https://gematik.de/fhir/erp/CodeSystem/GEM-ERP-CS-OperationOutcomeDetails,1.0.0-draft,draft,,GEM_ERP_CS_OperationOutcomeDetails,GEM ERP CS OperationOutcomeDetails,"Fachliche Fehlercodes des E-Rezept-Fachdienst",
https://gematik.de/fhir/erp/CodeSystem/GEM-ERP-CS-OrganizationType,1.0.0-draft,draft,,GEM_ERP_CS_OrganizationType,CodeSystem der Organisationstyp-Codes,"Typ der Organisation, bei der E-Rezepte eingelöst werden können.",
