URL,Version,Status,OIDs,Name,Title,Description,Used
https://gematik.de/fhir/erp/CodeSystem/eflow-rx-availabilitystatus,1.0.0-draft,draft,,EFlowRxAvailabilityStatusCS,CodeSystem des Verfügbarkeitsstatus,"Typ des Verfügbarkeitsstatus für die Anfrage zur Medikamentenverfügbarkeit.",
https://gematik.de/fhir/erp/CodeSystem/eflow-rx-documenttype,1.0.0-draft,draft,,EFlowRxDocumentTypeCS,CodeSystem der Dokumententypen,"Dokumententyp abhängig vom Empfänger des Bundles.",
https://gematik.de/fhir/erp/CodeSystem/eflow-rx-flowtype,1.0.0-draft,draft,,EFlowRxFlowTypeCS,CodeSystem der Flowtypen,"Zeigt die verschiedenen Typen des E-Rezept Workflows entsprechend der Verordnungsformulare.  WICHTIG: Der Codebereich 9xx ist reserviert für Abrechnungsprozesse in Apotheken wie z.B. Pharmazeutische Dienstleistungen!",
https://gematik.de/fhir/erp/CodeSystem/eflow-rx-operationoutcomedetails,1.0.0-draft,draft,,EFlowRxOperationOutcomeDetailsCS,GEM ERP CS OperationOutcomeDetails,"Fachliche Fehlercodes des E-Rezept-Fachdienst",
https://gematik.de/fhir/erp/CodeSystem/eflow-rx-organizationtype,1.0.0-draft,draft,,EFlowRxOrganizationTypeCS,CodeSystem der Organisationstyp-Codes,"Typ der Organisation, bei der E-Rezepte eingelöst werden können.",
