URL,Version,Status,OIDs,Name,Title,Description,Used
http://terminology.hl7.org/CodeSystem/operation-outcome,3.0.0,draft,"2.16.840.1.113883.4.642.1.1127",OperationOutcomeCodes,Operation Outcome Codes,"Operation Outcome codes used by FHIR test servers (see Implementation file translations.xml)","ValueSet/GEM-ERP-VS-OperationOutcomeDetails"
https://gematik.de/fhir/erp/CodeSystem/GEM-ERP-CS-AvailabilityStatus,1.0.0-draft,draft,,GEM_ERP_CS_AvailabilityStatus,CodeSystem des Verfügbarkeitsstatus,"Typ des Verfügbarkeitsstatus für die Anfrage zur Medikamentenverfügbarkeit.","ValueSet/GEM-ERP-VS-AvailabilityStatus"
https://gematik.de/fhir/erp/CodeSystem/GEM-ERP-CS-DocumentType,1.0.0-draft,draft,,GEM_ERP_CS_DocumentType,CodeSystem der Dokumententypen,"Dokumententyp abhängig vom Empfänger des Bundles.","ValueSet/GEM-ERP-VS-DocumentType"
https://gematik.de/fhir/erp/CodeSystem/GEM-ERP-CS-FlowType,1.0.0-draft,draft,,GEM_ERP_CS_FlowType,CodeSystem der Flowtypen,"Zeigt die verschiedenen Typen des E-Rezept Workflows entsprechend der Verordnungsformulare.  WICHTIG: Der Codebereich 9xx ist reserviert für Abrechnungsprozesse in Apotheken wie z.B. Pharmazeutische Dienstleistungen!","ValueSet/GEM-ERP-VS-FlowType"
https://gematik.de/fhir/erp/CodeSystem/GEM-ERP-CS-OperationOutcomeDetails,1.0.0-draft,draft,,GEM_ERP_CS_OperationOutcomeDetails,GEM ERP CS OperationOutcomeDetails,"Fachliche Fehlercodes des E-Rezept-Fachdienst","ValueSet/GEM-ERP-VS-OperationOutcomeDetails"
https://gematik.de/fhir/erp/CodeSystem/GEM-ERP-CS-OrganizationType,1.0.0-draft,draft,,GEM_ERP_CS_OrganizationType,CodeSystem der Organisationstyp-Codes,"Typ der Organisation, bei der E-Rezepte eingelöst werden können.","ValueSet/GEM-ERP-VS-OrganizationType"
https://gematik.de/fhir/ti/CodeSystem/operation-outcome-details-codes,1.1.1,active,,TIOperationOutcomeDetailsCS,TI Operation Outcome Details CodeSystem,"Telematikinfrastruktur (TI) Operation Outcome Details CodeSystem","ValueSet/GEM-ERP-VS-OperationOutcomeDetails"
urn:iso-astm:E1762-95:2013,5.0.0,active,,ASTMSignatureTypeCodes,ASTM Signature Type Codes,"The Digital Signature Purposes, an indication of the reason an entity signs a document. This is included in the signed information and can be used when determining accountability for various actions concerning the document. Examples include: author, transcriptionist/recorder, and witness.","ValueSet/signature-type"
