<?xml version="1.0" encoding="UTF-8"?><CodeSystem xmlns="http://hl7.org/fhir"><id value="GEM-ERPCHRG-CS-ConsentType"/><text><status value="generated"/><div xmlns="http://www.w3.org/1999/xhtml"><p class="res-header-id"><b>Generated Narrative: CodeSystem GEM-ERPCHRG-CS-ConsentType</b></p><a name="GEM-ERPCHRG-CS-ConsentType"> </a><a name="hcGEM-ERPCHRG-CS-ConsentType"> </a><p>This case-sensitive code system <code>https://gematik.de/fhir/erpchrg/CodeSystem/GEM_ERPCHRG_CS_ConsentType</code> defines the following code:</p><table class="codes"><tr><td style="white-space:nowrap"><b>Code</b></td><td><b>Display</b></td></tr><tr><td style="white-space:nowrap">CHARGCONS<a name="GEM-ERPCHRG-CS-ConsentType-CHARGCONS"> </a></td><td>Consent for saving electronic charge item</td></tr></table></div></text><url value="https://gematik.de/fhir/erpchrg/CodeSystem/GEM_ERPCHRG_CS_ConsentType"/><version value="1.1.0-draft"/><name value="GEM_ERPCHRG_CS_ConsentType"/><title value="CodeSystem of types for a consent"/><status value="draft"/><date value="2025-04-10"/><publisher value="gematik GmbH"/><contact><name value="gematik GmbH"/><telecom><system value="url"/><value value="https://gematik.de"/></telecom><telecom><system value="email"/><value value="erp-umsetzung@gematik.de"/></telecom></contact><description value="Type of patient consent."/><jurisdiction><coding><system value="urn:iso:std:iso:3166"/><code value="DE"/><display value="Germany"/></coding></jurisdiction><copyright value="gematik GmbH"/><caseSensitive value="true"/><content value="complete"/><count value="1"/><concept><code value="CHARGCONS"/><display value="Consent for saving electronic charge item"/><designation><use><system value="http://terminology.hl7.org/CodeSystem/hl7TermMaintInfra"/><code value="preferredForLanguage"/></use><value value="Consent for saving electronic charge item"/></designation></concept></CodeSystem>