<?xml version="1.0" encoding="UTF-8"?><ValueSet xmlns="http://hl7.org/fhir"><id value="GEM-ERPCHRG-VS-ConsentType"/><text><status value="generated"/><div xmlns="http://www.w3.org/1999/xhtml"><p class="res-header-id"><b>Generated Narrative: ValueSet GEM-ERPCHRG-VS-ConsentType</b></p><a name="GEM-ERPCHRG-VS-ConsentType"> </a><a name="hcGEM-ERPCHRG-VS-ConsentType"> </a><ul><li>Include all codes defined in <a href="CodeSystem-GEM-ERPCHRG-CS-ConsentType.html"><code>https://gematik.de/fhir/erpchrg/CodeSystem/GEM_ERPCHRG_CS_ConsentType</code></a><span title="Version is not explicitly stated, which means it is fixed to the version provided in this specification"> version 📦1.1.0-draft</span></li></ul></div></text><url value="https://gematik.de/fhir/erpchrg/ValueSet/GEM_ERPCHRG_VS_ConsentType"/><version value="1.1.0-draft"/><name value="GEM_ERPCHRG_VS_ConsentType"/><title value="ValueSet of Consent Codes"/><status value="draft"/><date value="2025-04-10"/><publisher value="gematik GmbH"/><contact><name value="gematik GmbH"/><telecom><system value="url"/><value value="https://gematik.de"/></telecom><telecom><system value="email"/><value value="erp-umsetzung@gematik.de"/></telecom></contact><description value="Type of Consents for the ePrescription."/><jurisdiction><coding><system value="urn:iso:std:iso:3166"/><code value="DE"/><display value="Germany"/></coding></jurisdiction><compose><include><system value="https://gematik.de/fhir/erpchrg/CodeSystem/GEM_ERPCHRG_CS_ConsentType"/></include></compose></ValueSet>