<?xml version="1.0" encoding="UTF-8"?>

<Medication xmlns="http://hl7.org/fhir">
  <id value="ExampleUnitMedication"/>
  <meta>
    <profile value="https://gematik.de/fhir/erp/StructureDefinition/GEM-ERP-PR-Medication"/>
  </meta>
  <code>
    <coding>
      <system value="http://fhir.de/CodeSystem/ifa/pzn"/>
      <code value="08585997"/>
    </coding>
    <text value="Prospan® Hustensaft 100ml N1"/>
  </code>
  <amount>
    <numerator>
      <value value="1"/>
      <system value="http://bfarm.de/DimensionsloseEinheiten"/>
      <code value="Packungen"/>
    </numerator>
    <denominator>
      <value value="1"/>
    </denominator>
  </amount>
  <ingredient>
    <itemCodeableConcept>
      <coding>
        <system value="http://fhir.de/CodeSystem/ask"/>
        <code value="11704"/>
      </coding>
      <text value="Efeublätter, TE mit Ethanol/Ethanol-Wasser"/>
    </itemCodeableConcept>
    <strength>
      <numerator>
        <value value="7"/>
        <system value="http://unitsofmeasure.org"/>
        <code value="ml"/>
      </numerator>
      <denominator>
        <value value="1"/>
      </denominator>
    </strength>
  </ingredient>
</Medication>