<?xml version="1.0" encoding="UTF-8"?>

<OperationOutcome xmlns="http://hl7.org/fhir">
  <id value="ExampleOperationCloseError"/>
  <issue>
    <severity value="error"/>
    <code value="invalid"/>
    <details>
      <text value="FHIR-Validation error"/>
    </details>
    <diagnostics value="MedicationDispense.status: error: Value closed not allowed for ValueSet binding, allowed are &#xA;[http://terminology.hl7.org/CodeSystem/medicationdispense-status]cancelled, &#xA;[http://terminology.hl7.org/CodeSystem/medicationdispense-status]completed, &#xA;[http://terminology.hl7.org/CodeSystem/medicationdispense-status]declined, &#xA;[http://terminology.hl7.org/CodeSystem/medicationdispense-status]entered-in-error, &#xA;[http://terminology.hl7.org/CodeSystem/medicationdispense-status]in-progress, &#xA;[http://terminology.hl7.org/CodeSystem/medicationdispense-status]on-hold, &#xA;[http://terminology.hl7.org/CodeSystem/medicationdispense-status]preparation, &#xA;[http://terminology.hl7.org/CodeSystem/medicationdispense-status]stopped, &#xA;[http://terminology.hl7.org/CodeSystem/medicationdispense-status]unknown &#xA;(from profile: https://gematik.de/fhir/erp/StructureDefinition/EFlowRxMedicationDispense|1.2); &#xA;MedicationDispense.status: error: Value closed not allowed for ValueSet binding, allowed are &#xA;[http://terminology.hl7.org/CodeSystem/medicationdispense-status]cancelled, &#xA;[http://terminology.hl7.org/CodeSystem/medicationdispense-status]completed, &#xA;[http://terminology.hl7.org/CodeSystem/medicationdispense-status]declined, &#xA;[http://terminology.hl7.org/CodeSystem/medicationdispense-status]entered-in-error, &#xA;[http://terminology.hl7.org/CodeSystem/medicationdispense-status]in-progress, &#xA;[http://terminology.hl7.org/CodeSystem/medicationdispense-status]on-hold, &#xA;[http://terminology.hl7.org/CodeSystem/medicationdispense-status]preparation, &#xA;[http://terminology.hl7.org/CodeSystem/medicationdispense-status]stopped, &#xA;[http://terminology.hl7.org/CodeSystem/medicationdispense-status]unknown &#xA;(from profile: http://hl7.org/fhir/StructureDefinition/MedicationDispense|4.0.1); &#xA;MedicationDispense.status: error: value must match fixed value: &quot;completed&quot; (but is &quot;closed&quot;) &#xA;(from profile: https://gematik.de/fhir/erp/StructureDefinition/EFlowRxMedicationDispense|1.2);"/>
  </issue>
</OperationOutcome>