<?xml version="1.0" encoding="UTF-8"?>

<OperationOutcome xmlns="http://hl7.org/fhir">
  <id value="ExampleOperationCreateError"/>
  <issue>
    <severity value="error"/>
    <code value="invalid"/>
    <details>
      <text value="FHIR-Validation error"/>
    </details>
    <diagnostics value="Parameters.parameter[0].valueCoding: error: Code 140 is not part of CodeSystem &#xA;https://gematik.de/fhir/erp/CodeSystem/EFlowRxFlowType (from profile: &#xA;http://hl7.org/fhir/StructureDefinition/Parameters|4.0.1); &#xA;Parameters.parameter[0].valueCoding: error: Code 140 is not part of CodeSystem &#xA;https://gematik.de/fhir/erp/CodeSystem/EFlowRxFlowType (from profile: &#xA;http://hl7.org/fhir/StructureDefinition/Coding|4.0.1);"/>
  </issue>
</OperationOutcome>