<?xml version="1.0" encoding="UTF-8"?>

<Parameters xmlns="http://hl7.org/fhir">
  <id value="ExampleCloseInputParametersRezeptur"/>
  <meta>
    <profile value="https://gematik.de/fhir/erp/StructureDefinition/eflow-rx-close-operation-input-parameters"/>
  </meta>
  <parameter>
    <name value="rxDispensation"/>
    <part>
      <name value="medicationDispense"/>
      <resource>
        <MedicationDispense>
          <id value="Example-MedicationDispense-Rezeptur"/>
          <meta>
            <profile value="https://gematik.de/fhir/erp/StructureDefinition/GEM-ERP-PR-MedicationDispense"/>
          </meta>
          <identifier>
            <system value="https://gematik.de/fhir/erp/NamingSystem/GEM_ERP_NS_PrescriptionId"/>
            <value value="160.000.033.491.280.78"/>
          </identifier>
          <status value="completed"/>
          <medicationReference>
            <reference value="Medication/Medication-Rezeptur"/>
          </medicationReference>
          <subject>
            <identifier>
              <system value="http://fhir.de/sid/gkv/kvid-10"/>
              <value value="X123456789"/>
            </identifier>
          </subject>
          <performer>
            <actor>
              <identifier>
                <system value="https://gematik.de/fhir/sid/telematik-id"/>
                <value value="3-SMC-B-Testkarte-883110000095957"/>
              </identifier>
            </actor>
          </performer>
          <whenHandedOver value="2026-07-01"/>
        </MedicationDispense>
      </resource>
    </part>
    <part>
      <name value="medication"/>
      <resource>
        <Medication>
          <id value="Medication-Rezeptur"/>
          <meta>
            <profile value="https://gematik.de/fhir/erp/StructureDefinition/GEM-ERP-PR-Medication"/>
          </meta>
          <contained>
            <Medication>
              <id value="MedicationHydrocortison"/>
              <meta>
                <profile value="https://gematik.de/fhir/epa-medication/StructureDefinition/epa-medication-pzn-ingredient"/>
              </meta>
              <extension url="https://gematik.de/fhir/epa-medication/StructureDefinition/epa-medication-type-extension">
                <valueCoding>
                  <system value="http://snomed.info/sct"/>
                  <code value="781405001"/>
                  <display value="Medicinal product package (product)"/>
                </valueCoding>
              </extension>
              <code>
                <coding>
                  <system value="http://fhir.de/CodeSystem/ifa/pzn"/>
                  <code value="03424249"/>
                  <display value="Hydrocortison 1% Creme"/>
                </coding>
              </code>
              <batch>
                <lotNumber value="56498416854"/>
              </batch>
            </Medication>
          </contained>
          <contained>
            <Medication>
              <id value="MedicationDexpanthenol"/>
              <meta>
                <profile value="https://gematik.de/fhir/epa-medication/StructureDefinition/epa-medication-pzn-ingredient"/>
              </meta>
              <extension url="https://gematik.de/fhir/epa-medication/StructureDefinition/epa-medication-type-extension">
                <valueCoding>
                  <system value="http://snomed.info/sct"/>
                  <code value="781405001"/>
                  <display value="Medicinal product package (product)"/>
                </valueCoding>
              </extension>
              <code>
                <coding>
                  <system value="http://fhir.de/CodeSystem/ifa/pzn"/>
                  <code value="16667195"/>
                  <display value="Dexpanthenol 5% Creme"/>
                </coding>
              </code>
              <batch>
                <lotNumber value="0132456"/>
              </batch>
            </Medication>
          </contained>
          <extension url="https://gematik.de/fhir/epa-medication/StructureDefinition/drug-category-extension">
            <valueCoding>
              <system value="https://gematik.de/fhir/epa-medication/CodeSystem/epa-drug-category-cs"/>
              <code value="00"/>
            </valueCoding>
          </extension>
          <extension url="https://gematik.de/fhir/epa-medication/StructureDefinition/epa-medication-type-extension">
            <valueCoding>
              <system value="http://snomed.info/sct"/>
              <code value="1208954007"/>
              <display value="Extemporaneous preparation (product)"/>
            </valueCoding>
          </extension>
          <extension url="https://gematik.de/fhir/epa-medication/StructureDefinition/medication-id-vaccine-extension">
            <valueBoolean value="false"/>
          </extension>
          <code>
            <text value="Hydrocortison-Dexpanthenol-Salbe"/>
          </code>
          <form>
            <coding>
              <system value="https://fhir.kbv.de/CodeSystem/KBV_CS_SFHIR_KBV_DARREICHUNGSFORM"/>
              <code value="SAL"/>
            </coding>
          </form>
          <amount>
            <numerator>
              <extension url="https://gematik.de/fhir/epa-medication/StructureDefinition/medication-total-quantity-formulation-extension">
                <valueString value="100"/>
              </extension>
              <value value="20"/>
              <unit value="ml"/>
            </numerator>
            <denominator>
              <value value="1"/>
            </denominator>
          </amount>
          <ingredient>
            <itemReference>
              <reference value="#MedicationHydrocortison"/>
            </itemReference>
            <isActive value="true"/>
            <strength>
              <numerator>
                <value value="50"/>
                <system value="http://unitsofmeasure.org"/>
                <code value="g"/>
              </numerator>
              <denominator>
                <value value="100"/>
                <system value="http://unitsofmeasure.org"/>
                <code value="g"/>
              </denominator>
            </strength>
          </ingredient>
          <ingredient>
            <itemReference>
              <reference value="#MedicationDexpanthenol"/>
            </itemReference>
            <isActive value="true"/>
            <strength>
              <numerator>
                <value value="50"/>
                <system value="http://unitsofmeasure.org"/>
                <code value="g"/>
              </numerator>
              <denominator>
                <value value="100"/>
                <system value="http://unitsofmeasure.org"/>
                <code value="g"/>
              </denominator>
            </strength>
          </ingredient>
        </Medication>
      </resource>
    </part>
  </parameter>
</Parameters>