<?xml version="1.0" encoding="UTF-8"?>

<Bundle xmlns="http://hl7.org/fhir">
  <id value="5a83e85c-c092-42aa-9d09-046edbcd8763"/>
  <meta>
    <lastUpdated value="2026-02-20T06:43:07.009+00:00"/>
  </meta>
  <type value="collection"/>
  <entry>
    <fullUrl value="https://gematik.de/fhir/erp/ValueSet/GEM-ERP-VS-AvailabilityStatus"/>
    <resource>
      <ValueSet>
        <text>
          <status value="generated"/>
          <div xmlns="http://www.w3.org/1999/xhtml" data-fhir="generated">
            <p class="res-header-id"/>
            <p style="border: black 1px dotted; background-color: #EEEEEE; padding: 8px; margin-bottom: 8px">Expansion performed internally based on 
              <a href="CodeSystem-GEM-ERP-CS-AvailabilityStatus.html">codesystem CodeSystem des Verfügbarkeitsstatus v1.0.0-draft (CodeSystem)</a>
              <span class="copy-text-inline">
                <button data-clipboard-text="https://gematik.de/fhir/erp/CodeSystem/GEM-ERP-CS-AvailabilityStatus|1.0.0-draft" title="Click to Copy URL" class="btn-copy"> </button>
              </span>
            </p>
            <p>This value set contains 6 concepts</p>
            <table class="codes" data-fhir="generated">
              <tr>
                <td>
                  <b>System</b>
                </td>
                <td style="white-space:nowrap">
                  <b>Code</b>
                </td>
                <td>
                  <b>Display (de)</b>
                </td>
                <td>
                  <b>JSON</b>
                </td>
                <td>
                  <b>XML</b>
                </td>
              </tr>
              <tr>
                <td>
                  <a name="x-https://gematik.de/fhir/erp/CodeSystem/GEM-ERP-CS-AvailabilityStatus-10"> </a>
                  <code>https://gematik.de/fhir/erp/CodeSystem/GEM-ERP-CS-AvailabilityStatus</code>
                </td>
                <td style="white-space:nowrap">  
                  <a href="CodeSystem-GEM-ERP-CS-AvailabilityStatus.html#GEM-ERP-CS-AvailabilityStatus-10">10</a>
                </td>
                <td/>
                <td>
                  <span class="copy-text-inline">
                    <button data-clipboard-text="{&quot;system&quot;: &quot;https://gematik.de/fhir/erp/CodeSystem/GEM-ERP-CS-AvailabilityStatus&quot;, &quot;version&quot;: &quot;1.0.0-draft&quot;, &quot;code&quot;: &quot;10&quot;}" title="Click to Copy as Coding" class="btn-copy"> </button>
                  </span>
                </td>
                <td>
                  <span class="copy-text-inline">
                    <button data-clipboard-text="&lt;coding&gt;&lt;system value=&quot;https://gematik.de/fhir/erp/CodeSystem/GEM-ERP-CS-AvailabilityStatus&quot;&gt;&lt;version value=&quot;1.0.0-draft&quot;&gt;&lt;code value=&quot;10&quot;&gt;&lt;/coding&gt;" title="Click to Copy as Coding" class="btn-copy"> </button>
                  </span>
                </td>
              </tr>
              <tr>
                <td>
                  <a name="x-https://gematik.de/fhir/erp/CodeSystem/GEM-ERP-CS-AvailabilityStatus-20"> </a>
                  <code>https://gematik.de/fhir/erp/CodeSystem/GEM-ERP-CS-AvailabilityStatus</code>
                </td>
                <td style="white-space:nowrap">  
                  <a href="CodeSystem-GEM-ERP-CS-AvailabilityStatus.html#GEM-ERP-CS-AvailabilityStatus-20">20</a>
                </td>
                <td/>
                <td>
                  <span class="copy-text-inline">
                    <button data-clipboard-text="{&quot;system&quot;: &quot;https://gematik.de/fhir/erp/CodeSystem/GEM-ERP-CS-AvailabilityStatus&quot;, &quot;version&quot;: &quot;1.0.0-draft&quot;, &quot;code&quot;: &quot;20&quot;}" title="Click to Copy as Coding" class="btn-copy"> </button>
                  </span>
                </td>
                <td>
                  <span class="copy-text-inline">
                    <button data-clipboard-text="&lt;coding&gt;&lt;system value=&quot;https://gematik.de/fhir/erp/CodeSystem/GEM-ERP-CS-AvailabilityStatus&quot;&gt;&lt;version value=&quot;1.0.0-draft&quot;&gt;&lt;code value=&quot;20&quot;&gt;&lt;/coding&gt;" title="Click to Copy as Coding" class="btn-copy"> </button>
                  </span>
                </td>
              </tr>
              <tr>
                <td>
                  <a name="x-https://gematik.de/fhir/erp/CodeSystem/GEM-ERP-CS-AvailabilityStatus-30"> </a>
                  <code>https://gematik.de/fhir/erp/CodeSystem/GEM-ERP-CS-AvailabilityStatus</code>
                </td>
                <td style="white-space:nowrap">  
                  <a href="CodeSystem-GEM-ERP-CS-AvailabilityStatus.html#GEM-ERP-CS-AvailabilityStatus-30">30</a>
                </td>
                <td/>
                <td>
                  <span class="copy-text-inline">
                    <button data-clipboard-text="{&quot;system&quot;: &quot;https://gematik.de/fhir/erp/CodeSystem/GEM-ERP-CS-AvailabilityStatus&quot;, &quot;version&quot;: &quot;1.0.0-draft&quot;, &quot;code&quot;: &quot;30&quot;}" title="Click to Copy as Coding" class="btn-copy"> </button>
                  </span>
                </td>
                <td>
                  <span class="copy-text-inline">
                    <button data-clipboard-text="&lt;coding&gt;&lt;system value=&quot;https://gematik.de/fhir/erp/CodeSystem/GEM-ERP-CS-AvailabilityStatus&quot;&gt;&lt;version value=&quot;1.0.0-draft&quot;&gt;&lt;code value=&quot;30&quot;&gt;&lt;/coding&gt;" title="Click to Copy as Coding" class="btn-copy"> </button>
                  </span>
                </td>
              </tr>
              <tr>
                <td>
                  <a name="x-https://gematik.de/fhir/erp/CodeSystem/GEM-ERP-CS-AvailabilityStatus-40"> </a>
                  <code>https://gematik.de/fhir/erp/CodeSystem/GEM-ERP-CS-AvailabilityStatus</code>
                </td>
                <td style="white-space:nowrap">  
                  <a href="CodeSystem-GEM-ERP-CS-AvailabilityStatus.html#GEM-ERP-CS-AvailabilityStatus-40">40</a>
                </td>
                <td/>
                <td>
                  <span class="copy-text-inline">
                    <button data-clipboard-text="{&quot;system&quot;: &quot;https://gematik.de/fhir/erp/CodeSystem/GEM-ERP-CS-AvailabilityStatus&quot;, &quot;version&quot;: &quot;1.0.0-draft&quot;, &quot;code&quot;: &quot;40&quot;}" title="Click to Copy as Coding" class="btn-copy"> </button>
                  </span>
                </td>
                <td>
                  <span class="copy-text-inline">
                    <button data-clipboard-text="&lt;coding&gt;&lt;system value=&quot;https://gematik.de/fhir/erp/CodeSystem/GEM-ERP-CS-AvailabilityStatus&quot;&gt;&lt;version value=&quot;1.0.0-draft&quot;&gt;&lt;code value=&quot;40&quot;&gt;&lt;/coding&gt;" title="Click to Copy as Coding" class="btn-copy"> </button>
                  </span>
                </td>
              </tr>
              <tr>
                <td>
                  <a name="x-https://gematik.de/fhir/erp/CodeSystem/GEM-ERP-CS-AvailabilityStatus-50"> </a>
                  <code>https://gematik.de/fhir/erp/CodeSystem/GEM-ERP-CS-AvailabilityStatus</code>
                </td>
                <td style="white-space:nowrap">  
                  <a href="CodeSystem-GEM-ERP-CS-AvailabilityStatus.html#GEM-ERP-CS-AvailabilityStatus-50">50</a>
                </td>
                <td/>
                <td>
                  <span class="copy-text-inline">
                    <button data-clipboard-text="{&quot;system&quot;: &quot;https://gematik.de/fhir/erp/CodeSystem/GEM-ERP-CS-AvailabilityStatus&quot;, &quot;version&quot;: &quot;1.0.0-draft&quot;, &quot;code&quot;: &quot;50&quot;}" title="Click to Copy as Coding" class="btn-copy"> </button>
                  </span>
                </td>
                <td>
                  <span class="copy-text-inline">
                    <button data-clipboard-text="&lt;coding&gt;&lt;system value=&quot;https://gematik.de/fhir/erp/CodeSystem/GEM-ERP-CS-AvailabilityStatus&quot;&gt;&lt;version value=&quot;1.0.0-draft&quot;&gt;&lt;code value=&quot;50&quot;&gt;&lt;/coding&gt;" title="Click to Copy as Coding" class="btn-copy"> </button>
                  </span>
                </td>
              </tr>
              <tr>
                <td>
                  <a name="x-https://gematik.de/fhir/erp/CodeSystem/GEM-ERP-CS-AvailabilityStatus-90"> </a>
                  <code>https://gematik.de/fhir/erp/CodeSystem/GEM-ERP-CS-AvailabilityStatus</code>
                </td>
                <td style="white-space:nowrap">  
                  <a href="CodeSystem-GEM-ERP-CS-AvailabilityStatus.html#GEM-ERP-CS-AvailabilityStatus-90">90</a>
                </td>
                <td/>
                <td>
                  <span class="copy-text-inline">
                    <button data-clipboard-text="{&quot;system&quot;: &quot;https://gematik.de/fhir/erp/CodeSystem/GEM-ERP-CS-AvailabilityStatus&quot;, &quot;version&quot;: &quot;1.0.0-draft&quot;, &quot;code&quot;: &quot;90&quot;}" title="Click to Copy as Coding" class="btn-copy"> </button>
                  </span>
                </td>
                <td>
                  <span class="copy-text-inline">
                    <button data-clipboard-text="&lt;coding&gt;&lt;system value=&quot;https://gematik.de/fhir/erp/CodeSystem/GEM-ERP-CS-AvailabilityStatus&quot;&gt;&lt;version value=&quot;1.0.0-draft&quot;&gt;&lt;code value=&quot;90&quot;&gt;&lt;/coding&gt;" title="Click to Copy as Coding" class="btn-copy"> </button>
                  </span>
                </td>
              </tr>
            </table>
          </div>
        </text>
        <url value="https://gematik.de/fhir/erp/ValueSet/GEM-ERP-VS-AvailabilityStatus"/>
        <version value="1.0.0-draft"/>
        <name value="GEM_ERP_VS_AvailabilityStatus"/>
        <title value="ValueSet der Verfügbarkeitsstatus-Codes"/>
        <status value="draft"/>
        <experimental value="false"/>
        <date value="2025-12-15"/>
        <jurisdiction>
          <coding>
            <system value="urn:iso:std:iso:3166"/>
            <code value="DE"/>
            <display value="Germany"/>
          </coding>
        </jurisdiction>
        <immutable value="false"/>
        <expansion>
          <identifier value="urn:uuid:b5de2ffb-6485-4912-929d-703259aed363"/>
          <timestamp value="2026-02-20T06:45:26+00:00"/>
          <total value="6"/>
          <offset value="0"/>
          <parameter>
            <name value="displayLanguage"/>
            <valueCode value="de"/>
          </parameter>
          <parameter>
            <name value="count"/>
            <valueInteger value="1000"/>
          </parameter>
          <parameter>
            <name value="offset"/>
            <valueInteger value="0"/>
          </parameter>
          <parameter>
            <name value="excludeNested"/>
            <valueBoolean value="false"/>
          </parameter>
          <parameter>
            <name value="used-codesystem"/>
            <valueUri value="https://gematik.de/fhir/erp/CodeSystem/GEM-ERP-CS-AvailabilityStatus|1.0.0-draft"/>
          </parameter>
          <contains>
            <system value="https://gematik.de/fhir/erp/CodeSystem/GEM-ERP-CS-AvailabilityStatus"/>
            <code value="10"/>
          </contains>
          <contains>
            <system value="https://gematik.de/fhir/erp/CodeSystem/GEM-ERP-CS-AvailabilityStatus"/>
            <code value="20"/>
          </contains>
          <contains>
            <system value="https://gematik.de/fhir/erp/CodeSystem/GEM-ERP-CS-AvailabilityStatus"/>
            <code value="30"/>
          </contains>
          <contains>
            <system value="https://gematik.de/fhir/erp/CodeSystem/GEM-ERP-CS-AvailabilityStatus"/>
            <code value="40"/>
          </contains>
          <contains>
            <system value="https://gematik.de/fhir/erp/CodeSystem/GEM-ERP-CS-AvailabilityStatus"/>
            <code value="50"/>
          </contains>
          <contains>
            <system value="https://gematik.de/fhir/erp/CodeSystem/GEM-ERP-CS-AvailabilityStatus"/>
            <code value="90"/>
          </contains>
        </expansion>
      </ValueSet>
    </resource>
  </entry>
  <entry>
    <fullUrl value="https://gematik.de/fhir/erp/ValueSet/GEM-ERP-VS-DocumentType"/>
    <resource>
      <ValueSet>
        <text>
          <status value="generated"/>
          <div xmlns="http://www.w3.org/1999/xhtml" data-fhir="generated">
            <p class="res-header-id"/>
            <p style="border: black 1px dotted; background-color: #EEEEEE; padding: 8px; margin-bottom: 8px">Expansion performed internally based on 
              <a href="CodeSystem-GEM-ERP-CS-DocumentType.html">codesystem CodeSystem der Dokumententypen v1.0.0-draft (CodeSystem)</a>
              <span class="copy-text-inline">
                <button data-clipboard-text="https://gematik.de/fhir/erp/CodeSystem/GEM-ERP-CS-DocumentType|1.0.0-draft" title="Click to Copy URL" class="btn-copy"> </button>
              </span>
            </p>
            <p>This value set contains 3 concepts</p>
            <table class="codes" data-fhir="generated">
              <tr>
                <td>
                  <b>System</b>
                </td>
                <td style="white-space:nowrap">
                  <b>Code</b>
                </td>
                <td>
                  <b>Display (de)</b>
                </td>
                <td>
                  <b>JSON</b>
                </td>
                <td>
                  <b>XML</b>
                </td>
              </tr>
              <tr>
                <td>
                  <a name="x-https://gematik.de/fhir/erp/CodeSystem/GEM-ERP-CS-DocumentType-1"> </a>
                  <code>https://gematik.de/fhir/erp/CodeSystem/GEM-ERP-CS-DocumentType</code>
                </td>
                <td style="white-space:nowrap">  
                  <a href="CodeSystem-GEM-ERP-CS-DocumentType.html#GEM-ERP-CS-DocumentType-1">1</a>
                </td>
                <td/>
                <td>
                  <span class="copy-text-inline">
                    <button data-clipboard-text="{&quot;system&quot;: &quot;https://gematik.de/fhir/erp/CodeSystem/GEM-ERP-CS-DocumentType&quot;, &quot;version&quot;: &quot;1.0.0-draft&quot;, &quot;code&quot;: &quot;1&quot;}" title="Click to Copy as Coding" class="btn-copy"> </button>
                  </span>
                </td>
                <td>
                  <span class="copy-text-inline">
                    <button data-clipboard-text="&lt;coding&gt;&lt;system value=&quot;https://gematik.de/fhir/erp/CodeSystem/GEM-ERP-CS-DocumentType&quot;&gt;&lt;version value=&quot;1.0.0-draft&quot;&gt;&lt;code value=&quot;1&quot;&gt;&lt;/coding&gt;" title="Click to Copy as Coding" class="btn-copy"> </button>
                  </span>
                </td>
              </tr>
              <tr>
                <td>
                  <a name="x-https://gematik.de/fhir/erp/CodeSystem/GEM-ERP-CS-DocumentType-2"> </a>
                  <code>https://gematik.de/fhir/erp/CodeSystem/GEM-ERP-CS-DocumentType</code>
                </td>
                <td style="white-space:nowrap">  
                  <a href="CodeSystem-GEM-ERP-CS-DocumentType.html#GEM-ERP-CS-DocumentType-2">2</a>
                </td>
                <td/>
                <td>
                  <span class="copy-text-inline">
                    <button data-clipboard-text="{&quot;system&quot;: &quot;https://gematik.de/fhir/erp/CodeSystem/GEM-ERP-CS-DocumentType&quot;, &quot;version&quot;: &quot;1.0.0-draft&quot;, &quot;code&quot;: &quot;2&quot;}" title="Click to Copy as Coding" class="btn-copy"> </button>
                  </span>
                </td>
                <td>
                  <span class="copy-text-inline">
                    <button data-clipboard-text="&lt;coding&gt;&lt;system value=&quot;https://gematik.de/fhir/erp/CodeSystem/GEM-ERP-CS-DocumentType&quot;&gt;&lt;version value=&quot;1.0.0-draft&quot;&gt;&lt;code value=&quot;2&quot;&gt;&lt;/coding&gt;" title="Click to Copy as Coding" class="btn-copy"> </button>
                  </span>
                </td>
              </tr>
              <tr>
                <td>
                  <a name="x-https://gematik.de/fhir/erp/CodeSystem/GEM-ERP-CS-DocumentType-3"> </a>
                  <code>https://gematik.de/fhir/erp/CodeSystem/GEM-ERP-CS-DocumentType</code>
                </td>
                <td style="white-space:nowrap">  
                  <a href="CodeSystem-GEM-ERP-CS-DocumentType.html#GEM-ERP-CS-DocumentType-3">3</a>
                </td>
                <td/>
                <td>
                  <span class="copy-text-inline">
                    <button data-clipboard-text="{&quot;system&quot;: &quot;https://gematik.de/fhir/erp/CodeSystem/GEM-ERP-CS-DocumentType&quot;, &quot;version&quot;: &quot;1.0.0-draft&quot;, &quot;code&quot;: &quot;3&quot;}" title="Click to Copy as Coding" class="btn-copy"> </button>
                  </span>
                </td>
                <td>
                  <span class="copy-text-inline">
                    <button data-clipboard-text="&lt;coding&gt;&lt;system value=&quot;https://gematik.de/fhir/erp/CodeSystem/GEM-ERP-CS-DocumentType&quot;&gt;&lt;version value=&quot;1.0.0-draft&quot;&gt;&lt;code value=&quot;3&quot;&gt;&lt;/coding&gt;" title="Click to Copy as Coding" class="btn-copy"> </button>
                  </span>
                </td>
              </tr>
            </table>
          </div>
        </text>
        <url value="https://gematik.de/fhir/erp/ValueSet/GEM-ERP-VS-DocumentType"/>
        <version value="1.0.0-draft"/>
        <name value="GEM_ERP_VS_DocumentType"/>
        <title value="ValueSet der Dokumenttyp-Codes"/>
        <status value="draft"/>
        <experimental value="false"/>
        <date value="2025-12-15"/>
        <jurisdiction>
          <coding>
            <system value="urn:iso:std:iso:3166"/>
            <code value="DE"/>
            <display value="Germany"/>
          </coding>
        </jurisdiction>
        <immutable value="false"/>
        <expansion>
          <identifier value="urn:uuid:55f7df84-e90a-4f79-8a95-8ad8c4a8eb99"/>
          <timestamp value="2026-02-20T06:45:26+00:00"/>
          <total value="3"/>
          <offset value="0"/>
          <parameter>
            <name value="displayLanguage"/>
            <valueCode value="de"/>
          </parameter>
          <parameter>
            <name value="count"/>
            <valueInteger value="1000"/>
          </parameter>
          <parameter>
            <name value="offset"/>
            <valueInteger value="0"/>
          </parameter>
          <parameter>
            <name value="excludeNested"/>
            <valueBoolean value="false"/>
          </parameter>
          <parameter>
            <name value="used-codesystem"/>
            <valueUri value="https://gematik.de/fhir/erp/CodeSystem/GEM-ERP-CS-DocumentType|1.0.0-draft"/>
          </parameter>
          <contains>
            <system value="https://gematik.de/fhir/erp/CodeSystem/GEM-ERP-CS-DocumentType"/>
            <code value="1"/>
          </contains>
          <contains>
            <system value="https://gematik.de/fhir/erp/CodeSystem/GEM-ERP-CS-DocumentType"/>
            <code value="2"/>
          </contains>
          <contains>
            <system value="https://gematik.de/fhir/erp/CodeSystem/GEM-ERP-CS-DocumentType"/>
            <code value="3"/>
          </contains>
        </expansion>
      </ValueSet>
    </resource>
  </entry>
  <entry>
    <fullUrl value="https://gematik.de/fhir/erp/ValueSet/GEM-ERP-VS-FlowType"/>
    <resource>
      <ValueSet>
        <text>
          <status value="generated"/>
          <div xmlns="http://www.w3.org/1999/xhtml" data-fhir="generated">
            <p class="res-header-id"/>
            <p style="border: black 1px dotted; background-color: #EEEEEE; padding: 8px; margin-bottom: 8px">Expansion performed internally based on 
              <a href="CodeSystem-GEM-ERP-CS-FlowType.html">codesystem CodeSystem der Flowtypen v1.0.0-draft (CodeSystem)</a>
              <span class="copy-text-inline">
                <button data-clipboard-text="https://gematik.de/fhir/erp/CodeSystem/GEM-ERP-CS-FlowType|1.0.0-draft" title="Click to Copy URL" class="btn-copy"> </button>
              </span>
            </p>
            <p>This value set contains 7 concepts</p>
            <table class="codes" data-fhir="generated">
              <tr>
                <td>
                  <b>System</b>
                </td>
                <td style="white-space:nowrap">
                  <b>Code</b>
                </td>
                <td>
                  <b>Display (de)</b>
                </td>
                <td>
                  <b>JSON</b>
                </td>
                <td>
                  <b>XML</b>
                </td>
              </tr>
              <tr>
                <td>
                  <a name="x-https://gematik.de/fhir/erp/CodeSystem/GEM-ERP-CS-FlowType-160"> </a>
                  <code>https://gematik.de/fhir/erp/CodeSystem/GEM-ERP-CS-FlowType</code>
                </td>
                <td style="white-space:nowrap">  
                  <a href="CodeSystem-GEM-ERP-CS-FlowType.html#GEM-ERP-CS-FlowType-160">160</a>
                </td>
                <td/>
                <td>
                  <span class="copy-text-inline">
                    <button data-clipboard-text="{&quot;system&quot;: &quot;https://gematik.de/fhir/erp/CodeSystem/GEM-ERP-CS-FlowType&quot;, &quot;version&quot;: &quot;1.0.0-draft&quot;, &quot;code&quot;: &quot;160&quot;}" title="Click to Copy as Coding" class="btn-copy"> </button>
                  </span>
                </td>
                <td>
                  <span class="copy-text-inline">
                    <button data-clipboard-text="&lt;coding&gt;&lt;system value=&quot;https://gematik.de/fhir/erp/CodeSystem/GEM-ERP-CS-FlowType&quot;&gt;&lt;version value=&quot;1.0.0-draft&quot;&gt;&lt;code value=&quot;160&quot;&gt;&lt;/coding&gt;" title="Click to Copy as Coding" class="btn-copy"> </button>
                  </span>
                </td>
              </tr>
              <tr>
                <td>
                  <a name="x-https://gematik.de/fhir/erp/CodeSystem/GEM-ERP-CS-FlowType-162"> </a>
                  <code>https://gematik.de/fhir/erp/CodeSystem/GEM-ERP-CS-FlowType</code>
                </td>
                <td style="white-space:nowrap">  
                  <a href="CodeSystem-GEM-ERP-CS-FlowType.html#GEM-ERP-CS-FlowType-162">162</a>
                </td>
                <td/>
                <td>
                  <span class="copy-text-inline">
                    <button data-clipboard-text="{&quot;system&quot;: &quot;https://gematik.de/fhir/erp/CodeSystem/GEM-ERP-CS-FlowType&quot;, &quot;version&quot;: &quot;1.0.0-draft&quot;, &quot;code&quot;: &quot;162&quot;}" title="Click to Copy as Coding" class="btn-copy"> </button>
                  </span>
                </td>
                <td>
                  <span class="copy-text-inline">
                    <button data-clipboard-text="&lt;coding&gt;&lt;system value=&quot;https://gematik.de/fhir/erp/CodeSystem/GEM-ERP-CS-FlowType&quot;&gt;&lt;version value=&quot;1.0.0-draft&quot;&gt;&lt;code value=&quot;162&quot;&gt;&lt;/coding&gt;" title="Click to Copy as Coding" class="btn-copy"> </button>
                  </span>
                </td>
              </tr>
              <tr>
                <td>
                  <a name="x-https://gematik.de/fhir/erp/CodeSystem/GEM-ERP-CS-FlowType-165"> </a>
                  <code>https://gematik.de/fhir/erp/CodeSystem/GEM-ERP-CS-FlowType</code>
                </td>
                <td style="white-space:nowrap">  
                  <a href="CodeSystem-GEM-ERP-CS-FlowType.html#GEM-ERP-CS-FlowType-165">165</a>
                </td>
                <td/>
                <td>
                  <span class="copy-text-inline">
                    <button data-clipboard-text="{&quot;system&quot;: &quot;https://gematik.de/fhir/erp/CodeSystem/GEM-ERP-CS-FlowType&quot;, &quot;version&quot;: &quot;1.0.0-draft&quot;, &quot;code&quot;: &quot;165&quot;}" title="Click to Copy as Coding" class="btn-copy"> </button>
                  </span>
                </td>
                <td>
                  <span class="copy-text-inline">
                    <button data-clipboard-text="&lt;coding&gt;&lt;system value=&quot;https://gematik.de/fhir/erp/CodeSystem/GEM-ERP-CS-FlowType&quot;&gt;&lt;version value=&quot;1.0.0-draft&quot;&gt;&lt;code value=&quot;165&quot;&gt;&lt;/coding&gt;" title="Click to Copy as Coding" class="btn-copy"> </button>
                  </span>
                </td>
              </tr>
              <tr>
                <td>
                  <a name="x-https://gematik.de/fhir/erp/CodeSystem/GEM-ERP-CS-FlowType-166"> </a>
                  <code>https://gematik.de/fhir/erp/CodeSystem/GEM-ERP-CS-FlowType</code>
                </td>
                <td style="white-space:nowrap">  
                  <a href="CodeSystem-GEM-ERP-CS-FlowType.html#GEM-ERP-CS-FlowType-166">166</a>
                </td>
                <td/>
                <td>
                  <span class="copy-text-inline">
                    <button data-clipboard-text="{&quot;system&quot;: &quot;https://gematik.de/fhir/erp/CodeSystem/GEM-ERP-CS-FlowType&quot;, &quot;version&quot;: &quot;1.0.0-draft&quot;, &quot;code&quot;: &quot;166&quot;}" title="Click to Copy as Coding" class="btn-copy"> </button>
                  </span>
                </td>
                <td>
                  <span class="copy-text-inline">
                    <button data-clipboard-text="&lt;coding&gt;&lt;system value=&quot;https://gematik.de/fhir/erp/CodeSystem/GEM-ERP-CS-FlowType&quot;&gt;&lt;version value=&quot;1.0.0-draft&quot;&gt;&lt;code value=&quot;166&quot;&gt;&lt;/coding&gt;" title="Click to Copy as Coding" class="btn-copy"> </button>
                  </span>
                </td>
              </tr>
              <tr>
                <td>
                  <a name="x-https://gematik.de/fhir/erp/CodeSystem/GEM-ERP-CS-FlowType-169"> </a>
                  <code>https://gematik.de/fhir/erp/CodeSystem/GEM-ERP-CS-FlowType</code>
                </td>
                <td style="white-space:nowrap">  
                  <a href="CodeSystem-GEM-ERP-CS-FlowType.html#GEM-ERP-CS-FlowType-169">169</a>
                </td>
                <td/>
                <td>
                  <span class="copy-text-inline">
                    <button data-clipboard-text="{&quot;system&quot;: &quot;https://gematik.de/fhir/erp/CodeSystem/GEM-ERP-CS-FlowType&quot;, &quot;version&quot;: &quot;1.0.0-draft&quot;, &quot;code&quot;: &quot;169&quot;}" title="Click to Copy as Coding" class="btn-copy"> </button>
                  </span>
                </td>
                <td>
                  <span class="copy-text-inline">
                    <button data-clipboard-text="&lt;coding&gt;&lt;system value=&quot;https://gematik.de/fhir/erp/CodeSystem/GEM-ERP-CS-FlowType&quot;&gt;&lt;version value=&quot;1.0.0-draft&quot;&gt;&lt;code value=&quot;169&quot;&gt;&lt;/coding&gt;" title="Click to Copy as Coding" class="btn-copy"> </button>
                  </span>
                </td>
              </tr>
              <tr>
                <td>
                  <a name="x-https://gematik.de/fhir/erp/CodeSystem/GEM-ERP-CS-FlowType-200"> </a>
                  <code>https://gematik.de/fhir/erp/CodeSystem/GEM-ERP-CS-FlowType</code>
                </td>
                <td style="white-space:nowrap">  
                  <a href="CodeSystem-GEM-ERP-CS-FlowType.html#GEM-ERP-CS-FlowType-200">200</a>
                </td>
                <td/>
                <td>
                  <span class="copy-text-inline">
                    <button data-clipboard-text="{&quot;system&quot;: &quot;https://gematik.de/fhir/erp/CodeSystem/GEM-ERP-CS-FlowType&quot;, &quot;version&quot;: &quot;1.0.0-draft&quot;, &quot;code&quot;: &quot;200&quot;}" title="Click to Copy as Coding" class="btn-copy"> </button>
                  </span>
                </td>
                <td>
                  <span class="copy-text-inline">
                    <button data-clipboard-text="&lt;coding&gt;&lt;system value=&quot;https://gematik.de/fhir/erp/CodeSystem/GEM-ERP-CS-FlowType&quot;&gt;&lt;version value=&quot;1.0.0-draft&quot;&gt;&lt;code value=&quot;200&quot;&gt;&lt;/coding&gt;" title="Click to Copy as Coding" class="btn-copy"> </button>
                  </span>
                </td>
              </tr>
              <tr>
                <td>
                  <a name="x-https://gematik.de/fhir/erp/CodeSystem/GEM-ERP-CS-FlowType-209"> </a>
                  <code>https://gematik.de/fhir/erp/CodeSystem/GEM-ERP-CS-FlowType</code>
                </td>
                <td style="white-space:nowrap">  
                  <a href="CodeSystem-GEM-ERP-CS-FlowType.html#GEM-ERP-CS-FlowType-209">209</a>
                </td>
                <td/>
                <td>
                  <span class="copy-text-inline">
                    <button data-clipboard-text="{&quot;system&quot;: &quot;https://gematik.de/fhir/erp/CodeSystem/GEM-ERP-CS-FlowType&quot;, &quot;version&quot;: &quot;1.0.0-draft&quot;, &quot;code&quot;: &quot;209&quot;}" title="Click to Copy as Coding" class="btn-copy"> </button>
                  </span>
                </td>
                <td>
                  <span class="copy-text-inline">
                    <button data-clipboard-text="&lt;coding&gt;&lt;system value=&quot;https://gematik.de/fhir/erp/CodeSystem/GEM-ERP-CS-FlowType&quot;&gt;&lt;version value=&quot;1.0.0-draft&quot;&gt;&lt;code value=&quot;209&quot;&gt;&lt;/coding&gt;" title="Click to Copy as Coding" class="btn-copy"> </button>
                  </span>
                </td>
              </tr>
            </table>
          </div>
        </text>
        <url value="https://gematik.de/fhir/erp/ValueSet/GEM-ERP-VS-FlowType"/>
        <version value="1.0.0-draft"/>
        <name value="GEM_ERP_VS_FlowType"/>
        <title value="ValueSet der FlowType-Codes"/>
        <status value="draft"/>
        <experimental value="false"/>
        <date value="2025-12-15"/>
        <jurisdiction>
          <coding>
            <system value="urn:iso:std:iso:3166"/>
            <code value="DE"/>
            <display value="Germany"/>
          </coding>
        </jurisdiction>
        <immutable value="false"/>
        <expansion>
          <identifier value="urn:uuid:be2420d3-cd2c-47dc-9648-4dfdb493cd7b"/>
          <timestamp value="2026-02-20T06:45:26+00:00"/>
          <total value="7"/>
          <offset value="0"/>
          <parameter>
            <name value="displayLanguage"/>
            <valueCode value="de"/>
          </parameter>
          <parameter>
            <name value="count"/>
            <valueInteger value="1000"/>
          </parameter>
          <parameter>
            <name value="offset"/>
            <valueInteger value="0"/>
          </parameter>
          <parameter>
            <name value="excludeNested"/>
            <valueBoolean value="false"/>
          </parameter>
          <parameter>
            <name value="used-codesystem"/>
            <valueUri value="https://gematik.de/fhir/erp/CodeSystem/GEM-ERP-CS-FlowType|1.0.0-draft"/>
          </parameter>
          <contains>
            <system value="https://gematik.de/fhir/erp/CodeSystem/GEM-ERP-CS-FlowType"/>
            <code value="160"/>
          </contains>
          <contains>
            <system value="https://gematik.de/fhir/erp/CodeSystem/GEM-ERP-CS-FlowType"/>
            <code value="162"/>
          </contains>
          <contains>
            <system value="https://gematik.de/fhir/erp/CodeSystem/GEM-ERP-CS-FlowType"/>
            <code value="165"/>
          </contains>
          <contains>
            <system value="https://gematik.de/fhir/erp/CodeSystem/GEM-ERP-CS-FlowType"/>
            <code value="166"/>
          </contains>
          <contains>
            <system value="https://gematik.de/fhir/erp/CodeSystem/GEM-ERP-CS-FlowType"/>
            <code value="169"/>
          </contains>
          <contains>
            <system value="https://gematik.de/fhir/erp/CodeSystem/GEM-ERP-CS-FlowType"/>
            <code value="200"/>
          </contains>
          <contains>
            <system value="https://gematik.de/fhir/erp/CodeSystem/GEM-ERP-CS-FlowType"/>
            <code value="209"/>
          </contains>
        </expansion>
      </ValueSet>
    </resource>
  </entry>
  <entry>
    <fullUrl value="https://gematik.de/fhir/erp/ValueSet/GEM-ERP-VS-OperationOutcomeDetails"/>
    <resource>
      <ValueSet>
        <text>
          <status value="generated"/>
          <div xmlns="http://www.w3.org/1999/xhtml" data-fhir="generated">
            <p class="res-header-id"/>
            <div style="border: black 1px dotted; background-color: #EEEEEE; padding: 8px; margin-bottom: 8px">
              <p>Expansion performed internally based on:</p>
              <ul>
                <li>
                  <a href="http://terminology.hl7.org/7.0.1/CodeSystem-operation-outcome.html">codesystem Operation Outcome Codes v3.0.0 (CodeSystem)</a>
                  <span class="copy-text-inline">
                    <button data-clipboard-text="http://terminology.hl7.org/CodeSystem/operation-outcome|3.0.0" title="Click to Copy URL" class="btn-copy"> </button>
                  </span>
                </li>
                <li>
                  <a href="CodeSystem-GEM-ERP-CS-OperationOutcomeDetails.html">codesystem GEM ERP CS OperationOutcomeDetails v1.0.0-draft (CodeSystem)</a>
                  <span class="copy-text-inline">
                    <button data-clipboard-text="https://gematik.de/fhir/erp/CodeSystem/GEM-ERP-CS-OperationOutcomeDetails|1.0.0-draft" title="Click to Copy URL" class="btn-copy"> </button>
                  </span>
                </li>
                <li>
                  <a href="https://simplifier.net/resolve?scope=de.gematik.epa.medication@1.3.0&amp;canonical=https://gematik.de/fhir/ti/CodeSystem/operation-outcome-details-codes">codesystem TI Operation Outcome Details CodeSystem v1.1.1 (CodeSystem)</a>
                  <span class="copy-text-inline">
                    <button data-clipboard-text="https://gematik.de/fhir/ti/CodeSystem/operation-outcome-details-codes|1.1.1" title="Click to Copy URL" class="btn-copy"> </button>
                  </span>
                </li>
              </ul>
            </div>
            <p>This value set contains 8 concepts</p>
            <table class="codes" data-fhir="generated">
              <tr>
                <td>
                  <b>System</b>
                </td>
                <td style="white-space:nowrap">
                  <b>Code</b>
                </td>
                <td>
                  <b>Display (de)</b>
                </td>
                <td>
                  <b>JSON</b>
                </td>
                <td>
                  <b>XML</b>
                </td>
              </tr>
              <tr>
                <td>
                  <a name="x-https://gematik.de/fhir/erp/CodeSystem/GEM-ERP-CS-OperationOutcomeDetails-ERPFD_NO_VALID_STRUCTURE"> </a>
                  <code>https://gematik.de/fhir/erp/CodeSystem/GEM-ERP-CS-OperationOutcomeDetails</code>
                </td>
                <td style="white-space:nowrap">  
                  <a href="CodeSystem-GEM-ERP-CS-OperationOutcomeDetails.html#GEM-ERP-CS-OperationOutcomeDetails-ERPFD_NO_VALID_STRUCTURE">ERPFD_NO_VALID_STRUCTURE</a>
                </td>
                <td/>
                <td>
                  <span class="copy-text-inline">
                    <button data-clipboard-text="{&quot;system&quot;: &quot;https://gematik.de/fhir/erp/CodeSystem/GEM-ERP-CS-OperationOutcomeDetails&quot;, &quot;version&quot;: &quot;1.0.0-draft&quot;, &quot;code&quot;: &quot;ERPFD_NO_VALID_STRUCTURE&quot;}" title="Click to Copy as Coding" class="btn-copy"> </button>
                  </span>
                </td>
                <td>
                  <span class="copy-text-inline">
                    <button data-clipboard-text="&lt;coding&gt;&lt;system value=&quot;https://gematik.de/fhir/erp/CodeSystem/GEM-ERP-CS-OperationOutcomeDetails&quot;&gt;&lt;version value=&quot;1.0.0-draft&quot;&gt;&lt;code value=&quot;ERPFD_NO_VALID_STRUCTURE&quot;&gt;&lt;/coding&gt;" title="Click to Copy as Coding" class="btn-copy"> </button>
                  </span>
                </td>
              </tr>
              <tr>
                <td>
                  <a name="x-https://gematik.de/fhir/erp/CodeSystem/GEM-ERP-CS-OperationOutcomeDetails-ERPFD_PRESCRIPTION_NO_EXIST"> </a>
                  <code>https://gematik.de/fhir/erp/CodeSystem/GEM-ERP-CS-OperationOutcomeDetails</code>
                </td>
                <td style="white-space:nowrap">  
                  <a href="CodeSystem-GEM-ERP-CS-OperationOutcomeDetails.html#GEM-ERP-CS-OperationOutcomeDetails-ERPFD_PRESCRIPTION_NO_EXIST">ERPFD_PRESCRIPTION_NO_EXIST</a>
                </td>
                <td/>
                <td>
                  <span class="copy-text-inline">
                    <button data-clipboard-text="{&quot;system&quot;: &quot;https://gematik.de/fhir/erp/CodeSystem/GEM-ERP-CS-OperationOutcomeDetails&quot;, &quot;version&quot;: &quot;1.0.0-draft&quot;, &quot;code&quot;: &quot;ERPFD_PRESCRIPTION_NO_EXIST&quot;}" title="Click to Copy as Coding" class="btn-copy"> </button>
                  </span>
                </td>
                <td>
                  <span class="copy-text-inline">
                    <button data-clipboard-text="&lt;coding&gt;&lt;system value=&quot;https://gematik.de/fhir/erp/CodeSystem/GEM-ERP-CS-OperationOutcomeDetails&quot;&gt;&lt;version value=&quot;1.0.0-draft&quot;&gt;&lt;code value=&quot;ERPFD_PRESCRIPTION_NO_EXIST&quot;&gt;&lt;/coding&gt;" title="Click to Copy as Coding" class="btn-copy"> </button>
                  </span>
                </td>
              </tr>
              <tr>
                <td>
                  <a name="x-https://gematik.de/fhir/erp/CodeSystem/GEM-ERP-CS-OperationOutcomeDetails-ERPFD_PRESCRIPTION_STATUS"> </a>
                  <code>https://gematik.de/fhir/erp/CodeSystem/GEM-ERP-CS-OperationOutcomeDetails</code>
                </td>
                <td style="white-space:nowrap">  
                  <a href="CodeSystem-GEM-ERP-CS-OperationOutcomeDetails.html#GEM-ERP-CS-OperationOutcomeDetails-ERPFD_PRESCRIPTION_STATUS">ERPFD_PRESCRIPTION_STATUS</a>
                </td>
                <td/>
                <td>
                  <span class="copy-text-inline">
                    <button data-clipboard-text="{&quot;system&quot;: &quot;https://gematik.de/fhir/erp/CodeSystem/GEM-ERP-CS-OperationOutcomeDetails&quot;, &quot;version&quot;: &quot;1.0.0-draft&quot;, &quot;code&quot;: &quot;ERPFD_PRESCRIPTION_STATUS&quot;}" title="Click to Copy as Coding" class="btn-copy"> </button>
                  </span>
                </td>
                <td>
                  <span class="copy-text-inline">
                    <button data-clipboard-text="&lt;coding&gt;&lt;system value=&quot;https://gematik.de/fhir/erp/CodeSystem/GEM-ERP-CS-OperationOutcomeDetails&quot;&gt;&lt;version value=&quot;1.0.0-draft&quot;&gt;&lt;code value=&quot;ERPFD_PRESCRIPTION_STATUS&quot;&gt;&lt;/coding&gt;" title="Click to Copy as Coding" class="btn-copy"> </button>
                  </span>
                </td>
              </tr>
              <tr>
                <td>
                  <a name="x-https://gematik.de/fhir/erp/CodeSystem/GEM-ERP-CS-OperationOutcomeDetails-ERPFD_PARAMETERS_REFERENCE_NO_EXIST"> </a>
                  <code>https://gematik.de/fhir/erp/CodeSystem/GEM-ERP-CS-OperationOutcomeDetails</code>
                </td>
                <td style="white-space:nowrap">  
                  <a href="CodeSystem-GEM-ERP-CS-OperationOutcomeDetails.html#GEM-ERP-CS-OperationOutcomeDetails-ERPFD_PARAMETERS_REFERENCE_NO_EXIST">ERPFD_PARAMETERS_REFERENCE_NO_EXIST</a>
                </td>
                <td/>
                <td>
                  <span class="copy-text-inline">
                    <button data-clipboard-text="{&quot;system&quot;: &quot;https://gematik.de/fhir/erp/CodeSystem/GEM-ERP-CS-OperationOutcomeDetails&quot;, &quot;version&quot;: &quot;1.0.0-draft&quot;, &quot;code&quot;: &quot;ERPFD_PARAMETERS_REFERENCE_NO_EXIST&quot;}" title="Click to Copy as Coding" class="btn-copy"> </button>
                  </span>
                </td>
                <td>
                  <span class="copy-text-inline">
                    <button data-clipboard-text="&lt;coding&gt;&lt;system value=&quot;https://gematik.de/fhir/erp/CodeSystem/GEM-ERP-CS-OperationOutcomeDetails&quot;&gt;&lt;version value=&quot;1.0.0-draft&quot;&gt;&lt;code value=&quot;ERPFD_PARAMETERS_REFERENCE_NO_EXIST&quot;&gt;&lt;/coding&gt;" title="Click to Copy as Coding" class="btn-copy"> </button>
                  </span>
                </td>
              </tr>
              <tr>
                <td>
                  <a name="x-https://gematik.de/fhir/erp/CodeSystem/GEM-ERP-CS-OperationOutcomeDetails-ERPFD_PARAMETERS_INVALID_CONTENT"> </a>
                  <code>https://gematik.de/fhir/erp/CodeSystem/GEM-ERP-CS-OperationOutcomeDetails</code>
                </td>
                <td style="white-space:nowrap">  
                  <a href="CodeSystem-GEM-ERP-CS-OperationOutcomeDetails.html#GEM-ERP-CS-OperationOutcomeDetails-ERPFD_PARAMETERS_INVALID_CONTENT">ERPFD_PARAMETERS_INVALID_CONTENT</a>
                </td>
                <td/>
                <td>
                  <span class="copy-text-inline">
                    <button data-clipboard-text="{&quot;system&quot;: &quot;https://gematik.de/fhir/erp/CodeSystem/GEM-ERP-CS-OperationOutcomeDetails&quot;, &quot;version&quot;: &quot;1.0.0-draft&quot;, &quot;code&quot;: &quot;ERPFD_PARAMETERS_INVALID_CONTENT&quot;}" title="Click to Copy as Coding" class="btn-copy"> </button>
                  </span>
                </td>
                <td>
                  <span class="copy-text-inline">
                    <button data-clipboard-text="&lt;coding&gt;&lt;system value=&quot;https://gematik.de/fhir/erp/CodeSystem/GEM-ERP-CS-OperationOutcomeDetails&quot;&gt;&lt;version value=&quot;1.0.0-draft&quot;&gt;&lt;code value=&quot;ERPFD_PARAMETERS_INVALID_CONTENT&quot;&gt;&lt;/coding&gt;" title="Click to Copy as Coding" class="btn-copy"> </button>
                  </span>
                </td>
              </tr>
              <tr>
                <td>
                  <a name="x-https://gematik.de/fhir/erp/CodeSystem/GEM-ERP-CS-OperationOutcomeDetails-ERPFD_DOSAGE_INVALID"> </a>
                  <code>https://gematik.de/fhir/erp/CodeSystem/GEM-ERP-CS-OperationOutcomeDetails</code>
                </td>
                <td style="white-space:nowrap">  
                  <a href="CodeSystem-GEM-ERP-CS-OperationOutcomeDetails.html#GEM-ERP-CS-OperationOutcomeDetails-ERPFD_DOSAGE_INVALID">ERPFD_DOSAGE_INVALID</a>
                </td>
                <td/>
                <td>
                  <span class="copy-text-inline">
                    <button data-clipboard-text="{&quot;system&quot;: &quot;https://gematik.de/fhir/erp/CodeSystem/GEM-ERP-CS-OperationOutcomeDetails&quot;, &quot;version&quot;: &quot;1.0.0-draft&quot;, &quot;code&quot;: &quot;ERPFD_DOSAGE_INVALID&quot;}" title="Click to Copy as Coding" class="btn-copy"> </button>
                  </span>
                </td>
                <td>
                  <span class="copy-text-inline">
                    <button data-clipboard-text="&lt;coding&gt;&lt;system value=&quot;https://gematik.de/fhir/erp/CodeSystem/GEM-ERP-CS-OperationOutcomeDetails&quot;&gt;&lt;version value=&quot;1.0.0-draft&quot;&gt;&lt;code value=&quot;ERPFD_DOSAGE_INVALID&quot;&gt;&lt;/coding&gt;" title="Click to Copy as Coding" class="btn-copy"> </button>
                  </span>
                </td>
              </tr>
              <tr>
                <td>
                  <a name="x-http://terminology.hl7.org/CodeSystem/operation-outcome-MSG_AUTH_REQUIRED"> </a>
                  <code>http://terminology.hl7.org/CodeSystem/operation-outcome</code>
                </td>
                <td style="white-space:nowrap">  
                  <a href="http://terminology.hl7.org/7.0.1/CodeSystem-operation-outcome.html#operation-outcome-MSG_AUTH_REQUIRED">MSG_AUTH_REQUIRED</a>
                </td>
                <td>Autenticazione richiesta prima di usare questo servizio</td>
                <td>
                  <span class="copy-text-inline">
                    <button data-clipboard-text="{&quot;system&quot;: &quot;http://terminology.hl7.org/CodeSystem/operation-outcome&quot;, &quot;version&quot;: &quot;3.0.0&quot;, &quot;code&quot;: &quot;MSG_AUTH_REQUIRED&quot;, &quot;display&quot;: &quot;Autenticazione richiesta prima di usare questo servizio&quot;}" title="Click to Copy as Coding" class="btn-copy"> </button>
                  </span>
                </td>
                <td>
                  <span class="copy-text-inline">
                    <button data-clipboard-text="&lt;coding&gt;&lt;system value=&quot;http://terminology.hl7.org/CodeSystem/operation-outcome&quot;&gt;&lt;version value=&quot;3.0.0&quot;&gt;&lt;code value=&quot;MSG_AUTH_REQUIRED&quot;&gt;&lt;display value=&quot;Autenticazione richiesta prima di usare questo servizio&quot;&gt;&lt;/coding&gt;" title="Click to Copy as Coding" class="btn-copy"> </button>
                  </span>
                </td>
              </tr>
              <tr>
                <td>
                  <a name="x-https://gematik.de/fhir/ti/CodeSystem/operation-outcome-details-codes-SVC_INACTIVE_CODE"> </a>
                  <code>https://gematik.de/fhir/ti/CodeSystem/operation-outcome-details-codes</code>
                </td>
                <td style="white-space:nowrap">  
                  <a href="https://simplifier.net/resolve?scope=de.gematik.epa.medication@1.3.0&amp;canonical=https://gematik.de/fhir/ti/CodeSystem/operation-outcome-details-codes#operation-outcome-details-codes-SVC_INACTIVE_CODE">SVC_INACTIVE_CODE</a>
                </td>
                <td/>
                <td>
                  <span class="copy-text-inline">
                    <button data-clipboard-text="{&quot;system&quot;: &quot;https://gematik.de/fhir/ti/CodeSystem/operation-outcome-details-codes&quot;, &quot;version&quot;: &quot;1.1.1&quot;, &quot;code&quot;: &quot;SVC_INACTIVE_CODE&quot;}" title="Click to Copy as Coding" class="btn-copy"> </button>
                  </span>
                </td>
                <td>
                  <span class="copy-text-inline">
                    <button data-clipboard-text="&lt;coding&gt;&lt;system value=&quot;https://gematik.de/fhir/ti/CodeSystem/operation-outcome-details-codes&quot;&gt;&lt;version value=&quot;1.1.1&quot;&gt;&lt;code value=&quot;SVC_INACTIVE_CODE&quot;&gt;&lt;/coding&gt;" title="Click to Copy as Coding" class="btn-copy"> </button>
                  </span>
                </td>
              </tr>
            </table>
          </div>
        </text>
        <url value="https://gematik.de/fhir/erp/ValueSet/GEM-ERP-VS-OperationOutcomeDetails"/>
        <version value="1.0.0-draft"/>
        <name value="GEM_ERP_VS_OperationOutcomeDetails"/>
        <title value="GEM ERP VS OperationOutcomeDetails"/>
        <status value="draft"/>
        <experimental value="false"/>
        <date value="2025-12-15"/>
        <jurisdiction>
          <coding>
            <system value="urn:iso:std:iso:3166"/>
            <code value="DE"/>
            <display value="Germany"/>
          </coding>
        </jurisdiction>
        <immutable value="false"/>
        <expansion>
          <identifier value="urn:uuid:0e72e0f1-bcf1-4672-948a-d037c0526e08"/>
          <timestamp value="2026-02-20T06:45:26+00:00"/>
          <total value="8"/>
          <offset value="0"/>
          <parameter>
            <name value="displayLanguage"/>
            <valueCode value="de"/>
          </parameter>
          <parameter>
            <name value="count"/>
            <valueInteger value="1000"/>
          </parameter>
          <parameter>
            <name value="offset"/>
            <valueInteger value="0"/>
          </parameter>
          <parameter>
            <name value="excludeNested"/>
            <valueBoolean value="false"/>
          </parameter>
          <parameter>
            <name value="used-codesystem"/>
            <valueUri value="https://gematik.de/fhir/erp/CodeSystem/GEM-ERP-CS-OperationOutcomeDetails|1.0.0-draft"/>
          </parameter>
          <parameter>
            <name value="used-codesystem"/>
            <valueUri value="http://terminology.hl7.org/CodeSystem/operation-outcome|3.0.0"/>
          </parameter>
          <parameter>
            <name value="used-codesystem"/>
            <valueUri value="https://gematik.de/fhir/ti/CodeSystem/operation-outcome-details-codes|1.1.1"/>
          </parameter>
          <contains>
            <system value="https://gematik.de/fhir/erp/CodeSystem/GEM-ERP-CS-OperationOutcomeDetails"/>
            <code value="ERPFD_NO_VALID_STRUCTURE"/>
          </contains>
          <contains>
            <system value="https://gematik.de/fhir/erp/CodeSystem/GEM-ERP-CS-OperationOutcomeDetails"/>
            <code value="ERPFD_PRESCRIPTION_NO_EXIST"/>
          </contains>
          <contains>
            <system value="https://gematik.de/fhir/erp/CodeSystem/GEM-ERP-CS-OperationOutcomeDetails"/>
            <code value="ERPFD_PRESCRIPTION_STATUS"/>
          </contains>
          <contains>
            <system value="https://gematik.de/fhir/erp/CodeSystem/GEM-ERP-CS-OperationOutcomeDetails"/>
            <code value="ERPFD_PARAMETERS_REFERENCE_NO_EXIST"/>
          </contains>
          <contains>
            <system value="https://gematik.de/fhir/erp/CodeSystem/GEM-ERP-CS-OperationOutcomeDetails"/>
            <code value="ERPFD_PARAMETERS_INVALID_CONTENT"/>
          </contains>
          <contains>
            <system value="https://gematik.de/fhir/erp/CodeSystem/GEM-ERP-CS-OperationOutcomeDetails"/>
            <code value="ERPFD_DOSAGE_INVALID"/>
          </contains>
          <contains>
            <system value="http://terminology.hl7.org/CodeSystem/operation-outcome"/>
            <code value="MSG_AUTH_REQUIRED"/>
            <display value="Autenticazione richiesta prima di usare questo servizio"/>
          </contains>
          <contains>
            <system value="https://gematik.de/fhir/ti/CodeSystem/operation-outcome-details-codes"/>
            <code value="SVC_INACTIVE_CODE"/>
          </contains>
        </expansion>
      </ValueSet>
    </resource>
  </entry>
  <entry>
    <fullUrl value="https://gematik.de/fhir/erp/ValueSet/GEM-ERP-VS-OrganizationType"/>
    <resource>
      <ValueSet>
        <text>
          <status value="generated"/>
          <div xmlns="http://www.w3.org/1999/xhtml" data-fhir="generated">
            <p class="res-header-id"/>
            <p style="border: black 1px dotted; background-color: #EEEEEE; padding: 8px; margin-bottom: 8px">Expansion performed internally based on 
              <a href="CodeSystem-GEM-ERP-CS-OrganizationType.html">codesystem CodeSystem der Organisationstyp-Codes v1.0.0-draft (CodeSystem)</a>
              <span class="copy-text-inline">
                <button data-clipboard-text="https://gematik.de/fhir/erp/CodeSystem/GEM-ERP-CS-OrganizationType|1.0.0-draft" title="Click to Copy URL" class="btn-copy"> </button>
              </span>
            </p>
            <p>This value set contains 2 concepts</p>
            <table class="codes" data-fhir="generated">
              <tr>
                <td>
                  <b>System</b>
                </td>
                <td style="white-space:nowrap">
                  <b>Code</b>
                </td>
                <td>
                  <b>Display (de)</b>
                </td>
                <td>
                  <b>JSON</b>
                </td>
                <td>
                  <b>XML</b>
                </td>
              </tr>
              <tr>
                <td>
                  <a name="x-https://gematik.de/fhir/erp/CodeSystem/GEM-ERP-CS-OrganizationType-urn:oid:1.2.276.0.76.4.54"> </a>
                  <code>https://gematik.de/fhir/erp/CodeSystem/GEM-ERP-CS-OrganizationType</code>
                </td>
                <td style="white-space:nowrap">  
                  <a href="CodeSystem-GEM-ERP-CS-OrganizationType.html#GEM-ERP-CS-OrganizationType-urn.58oid.581.462.46276.460.4676.464.4654">urn:oid:1.2.276.0.76.4.54</a>
                </td>
                <td/>
                <td>
                  <span class="copy-text-inline">
                    <button data-clipboard-text="{&quot;system&quot;: &quot;https://gematik.de/fhir/erp/CodeSystem/GEM-ERP-CS-OrganizationType&quot;, &quot;version&quot;: &quot;1.0.0-draft&quot;, &quot;code&quot;: &quot;urn:oid:1.2.276.0.76.4.54&quot;}" title="Click to Copy as Coding" class="btn-copy"> </button>
                  </span>
                </td>
                <td>
                  <span class="copy-text-inline">
                    <button data-clipboard-text="&lt;coding&gt;&lt;system value=&quot;https://gematik.de/fhir/erp/CodeSystem/GEM-ERP-CS-OrganizationType&quot;&gt;&lt;version value=&quot;1.0.0-draft&quot;&gt;&lt;code value=&quot;urn:oid:1.2.276.0.76.4.54&quot;&gt;&lt;/coding&gt;" title="Click to Copy as Coding" class="btn-copy"> </button>
                  </span>
                </td>
              </tr>
              <tr>
                <td>
                  <a name="x-https://gematik.de/fhir/erp/CodeSystem/GEM-ERP-CS-OrganizationType-urn:oid:1.2.276.0.76.4.59"> </a>
                  <code>https://gematik.de/fhir/erp/CodeSystem/GEM-ERP-CS-OrganizationType</code>
                </td>
                <td style="white-space:nowrap">  
                  <a href="CodeSystem-GEM-ERP-CS-OrganizationType.html#GEM-ERP-CS-OrganizationType-urn.58oid.581.462.46276.460.4676.464.4659">urn:oid:1.2.276.0.76.4.59</a>
                </td>
                <td/>
                <td>
                  <span class="copy-text-inline">
                    <button data-clipboard-text="{&quot;system&quot;: &quot;https://gematik.de/fhir/erp/CodeSystem/GEM-ERP-CS-OrganizationType&quot;, &quot;version&quot;: &quot;1.0.0-draft&quot;, &quot;code&quot;: &quot;urn:oid:1.2.276.0.76.4.59&quot;}" title="Click to Copy as Coding" class="btn-copy"> </button>
                  </span>
                </td>
                <td>
                  <span class="copy-text-inline">
                    <button data-clipboard-text="&lt;coding&gt;&lt;system value=&quot;https://gematik.de/fhir/erp/CodeSystem/GEM-ERP-CS-OrganizationType&quot;&gt;&lt;version value=&quot;1.0.0-draft&quot;&gt;&lt;code value=&quot;urn:oid:1.2.276.0.76.4.59&quot;&gt;&lt;/coding&gt;" title="Click to Copy as Coding" class="btn-copy"> </button>
                  </span>
                </td>
              </tr>
            </table>
          </div>
        </text>
        <url value="https://gematik.de/fhir/erp/ValueSet/GEM-ERP-VS-OrganizationType"/>
        <version value="1.0.0-draft"/>
        <name value="GEM_ERP_VS_OrganizationType"/>
        <title value="ValueSet der Organisationstyp-Codes"/>
        <status value="draft"/>
        <experimental value="false"/>
        <date value="2025-12-15"/>
        <jurisdiction>
          <coding>
            <system value="urn:iso:std:iso:3166"/>
            <code value="DE"/>
            <display value="Germany"/>
          </coding>
        </jurisdiction>
        <immutable value="false"/>
        <expansion>
          <identifier value="urn:uuid:7d0adba5-f3ac-4f79-8d62-4483fa64a2b1"/>
          <timestamp value="2026-02-20T06:45:26+00:00"/>
          <total value="2"/>
          <offset value="0"/>
          <parameter>
            <name value="displayLanguage"/>
            <valueCode value="de"/>
          </parameter>
          <parameter>
            <name value="count"/>
            <valueInteger value="1000"/>
          </parameter>
          <parameter>
            <name value="offset"/>
            <valueInteger value="0"/>
          </parameter>
          <parameter>
            <name value="excludeNested"/>
            <valueBoolean value="false"/>
          </parameter>
          <parameter>
            <name value="used-codesystem"/>
            <valueUri value="https://gematik.de/fhir/erp/CodeSystem/GEM-ERP-CS-OrganizationType|1.0.0-draft"/>
          </parameter>
          <contains>
            <system value="https://gematik.de/fhir/erp/CodeSystem/GEM-ERP-CS-OrganizationType"/>
            <code value="urn:oid:1.2.276.0.76.4.54"/>
          </contains>
          <contains>
            <system value="https://gematik.de/fhir/erp/CodeSystem/GEM-ERP-CS-OrganizationType"/>
            <code value="urn:oid:1.2.276.0.76.4.59"/>
          </contains>
        </expansion>
      </ValueSet>
    </resource>
  </entry>
</Bundle>