{"resourceType":"ImplementationGuide","id":"de.gematik.eflow-diga","text":{"status":"generated","div":"<div xmlns=\"http://www.w3.org/1999/xhtml\"><p class=\"res-header-id\"><b>Generated Narrative: ImplementationGuide de.gematik.eflow-diga</b></p><a name=\"de.gematik.eflow-diga\"> </a><a name=\"hcde.gematik.eflow-diga\"> </a><h2>ERezeptDiGA</h2><p>The official URL for this implementation guide is: </p><pre>https://gematik.de/fhir/erp-diga/ImplementationGuide/de.gematik.eflow-diga</pre></div>"},"url":"https://gematik.de/fhir/erp-diga/ImplementationGuide/de.gematik.eflow-diga","version":"2.0.0-draft","name":"ERezeptDiGA","title":"Verordnungen für Digitale Gesundheitsanwendungen (DiGA)","status":"draft","date":"2026-02-18T15:20:33+00:00","publisher":"gematik GmbH","contact":[{"name":"gematik GmbH","telecom":[{"system":"url","value":"https://gematik.de"},{"system":"email","value":"erp-umsetzung@gematik.de"}]}],"jurisdiction":[{"coding":[{"system":"urn:iso:std:iso:3166","code":"DE","display":"Germany"}]}],"packageId":"de.gematik.eflow-diga","license":"CC0-1.0","fhirVersion":["4.0.1"],"dependsOn":[{"id":"hl7tx","extension":[{"url":"http://hl7.org/fhir/tools/StructureDefinition/implementationguide-dependency-comment","valueMarkdown":"Automatically added as a dependency - all IGs depend on HL7 Terminology"}],"uri":"http://terminology.hl7.org/ImplementationGuide/hl7.terminology","packageId":"hl7.terminology.r4","version":"7.0.1"},{"id":"hl7ext","extension":[{"url":"http://hl7.org/fhir/tools/StructureDefinition/implementationguide-dependency-comment","valueMarkdown":"Automatically added as a dependency - all IGs depend on the HL7 Extension Pack"}],"uri":"http://hl7.org/fhir/extensions/ImplementationGuide/hl7.fhir.uv.extensions","packageId":"hl7.fhir.uv.extensions.r4","version":"5.2.0"},{"id":"de_basisprofil_r4","uri":"http://fhir.org/packages/de.basisprofil.r4/ImplementationGuide/de.basisprofil.r4","packageId":"de.basisprofil.r4","version":"1.5.4"},{"id":"de_gematik_epa_medication","uri":"https://gematik.de/fhir/epa-medication/ImplementationGuide/de.gematik.epa.medication","packageId":"de.gematik.epa.medication","version":"1.3.0"},{"id":"de_gematik_ti","uri":"https://gematik.de/fhir/ti/ImplementationGuide/de.gematik.ti","packageId":"de.gematik.ti","version":"1.2.0"}],"definition":{"extension":[{"extension":[{"url":"code","valueString":"copyrightyear"},{"url":"value","valueString":"2026+"}],"url":"http://hl7.org/fhir/tools/StructureDefinition/ig-parameter"},{"extension":[{"url":"code","valueString":"releaselabel"},{"url":"value","valueString":"ci-build"}],"url":"http://hl7.org/fhir/tools/StructureDefinition/ig-parameter"},{"extension":[{"url":"code","valueString":"autoload-resources"},{"url":"value","valueString":"true"}],"url":"http://hl7.org/fhir/tools/StructureDefinition/ig-parameter"},{"extension":[{"url":"code","valueString":"path-liquid"},{"url":"value","valueString":"template/liquid"}],"url":"http://hl7.org/fhir/tools/StructureDefinition/ig-parameter"},{"extension":[{"url":"code","valueString":"path-liquid"},{"url":"value","valueString":"input/liquid"}],"url":"http://hl7.org/fhir/tools/StructureDefinition/ig-parameter"},{"extension":[{"url":"code","valueString":"path-qa"},{"url":"value","valueString":"temp/qa"}],"url":"http://hl7.org/fhir/tools/StructureDefinition/ig-parameter"},{"extension":[{"url":"code","valueString":"path-temp"},{"url":"value","valueString":"temp/pages"}],"url":"http://hl7.org/fhir/tools/StructureDefinition/ig-parameter"},{"extension":[{"url":"code","valueString":"path-output"},{"url":"value","valueString":"output"}],"url":"http://hl7.org/fhir/tools/StructureDefinition/ig-parameter"},{"extension":[{"url":"code","valueString":"path-suppressed-warnings"},{"url":"value","valueString":"input/ignoreWarnings.txt"}],"url":"http://hl7.org/fhir/tools/StructureDefinition/ig-parameter"},{"extension":[{"url":"code","valueString":"path-history"},{"url":"value","valueString":"https://gematik.de/fhir/erp-diga/history.html"}],"url":"http://hl7.org/fhir/tools/StructureDefinition/ig-parameter"},{"extension":[{"url":"code","valueString":"template-html"},{"url":"value","valueString":"template-page.html"}],"url":"http://hl7.org/fhir/tools/StructureDefinition/ig-parameter"},{"extension":[{"url":"code","valueString":"template-md"},{"url":"value","valueString":"template-page-md.html"}],"url":"http://hl7.org/fhir/tools/StructureDefinition/ig-parameter"},{"extension":[{"url":"code","valueString":"apply-contact"},{"url":"value","valueString":"true"}],"url":"http://hl7.org/fhir/tools/StructureDefinition/ig-parameter"},{"extension":[{"url":"code","valueString":"apply-context"},{"url":"value","valueString":"true"}],"url":"http://hl7.org/fhir/tools/StructureDefinition/ig-parameter"},{"extension":[{"url":"code","valueString":"apply-copyright"},{"url":"value","valueString":"true"}],"url":"http://hl7.org/fhir/tools/StructureDefinition/ig-parameter"},{"extension":[{"url":"code","valueString":"apply-jurisdiction"},{"url":"value","valueString":"true"}],"url":"http://hl7.org/fhir/tools/StructureDefinition/ig-parameter"},{"extension":[{"url":"code","valueString":"apply-license"},{"url":"value","valueString":"true"}],"url":"http://hl7.org/fhir/tools/StructureDefinition/ig-parameter"},{"extension":[{"url":"code","valueString":"apply-publisher"},{"url":"value","valueString":"true"}],"url":"http://hl7.org/fhir/tools/StructureDefinition/ig-parameter"},{"extension":[{"url":"code","valueString":"apply-version"},{"url":"value","valueString":"true"}],"url":"http://hl7.org/fhir/tools/StructureDefinition/ig-parameter"},{"extension":[{"url":"code","valueString":"apply-wg"},{"url":"value","valueString":"true"}],"url":"http://hl7.org/fhir/tools/StructureDefinition/ig-parameter"},{"extension":[{"url":"code","valueString":"active-tables"},{"url":"value","valueString":"true"}],"url":"http://hl7.org/fhir/tools/StructureDefinition/ig-parameter"},{"extension":[{"url":"code","valueString":"fmm-definition"},{"url":"value","valueString":"http://hl7.org/fhir/versions.html#maturity"}],"url":"http://hl7.org/fhir/tools/StructureDefinition/ig-parameter"},{"extension":[{"url":"code","valueString":"propagate-status"},{"url":"value","valueString":"true"}],"url":"http://hl7.org/fhir/tools/StructureDefinition/ig-parameter"},{"extension":[{"url":"code","valueString":"excludelogbinaryformat"},{"url":"value","valueString":"true"}],"url":"http://hl7.org/fhir/tools/StructureDefinition/ig-parameter"},{"extension":[{"url":"code","valueString":"tabbed-snapshots"},{"url":"value","valueString":"true"}],"url":"http://hl7.org/fhir/tools/StructureDefinition/ig-parameter"},{"url":"http://hl7.org/fhir/tools/StructureDefinition/ig-internal-dependency","valueCode":"hl7.fhir.uv.tools.r4#0.9.0"},{"extension":[{"url":"code","valueCode":"copyrightyear"},{"url":"value","valueString":"2026+"}],"url":"http://hl7.org/fhir/tools/StructureDefinition/ig-parameter"},{"extension":[{"url":"code","valueCode":"releaselabel"},{"url":"value","valueString":"ci-build"}],"url":"http://hl7.org/fhir/tools/StructureDefinition/ig-parameter"},{"extension":[{"url":"code","valueCode":"autoload-resources"},{"url":"value","valueString":"true"}],"url":"http://hl7.org/fhir/tools/StructureDefinition/ig-parameter"},{"extension":[{"url":"code","valueCode":"path-liquid"},{"url":"value","valueString":"template/liquid"}],"url":"http://hl7.org/fhir/tools/StructureDefinition/ig-parameter"},{"extension":[{"url":"code","valueCode":"path-liquid"},{"url":"value","valueString":"input/liquid"}],"url":"http://hl7.org/fhir/tools/StructureDefinition/ig-parameter"},{"extension":[{"url":"code","valueCode":"path-qa"},{"url":"value","valueString":"temp/qa"}],"url":"http://hl7.org/fhir/tools/StructureDefinition/ig-parameter"},{"extension":[{"url":"code","valueCode":"path-temp"},{"url":"value","valueString":"temp/pages"}],"url":"http://hl7.org/fhir/tools/StructureDefinition/ig-parameter"},{"extension":[{"url":"code","valueCode":"path-output"},{"url":"value","valueString":"output"}],"url":"http://hl7.org/fhir/tools/StructureDefinition/ig-parameter"},{"extension":[{"url":"code","valueCode":"path-suppressed-warnings"},{"url":"value","valueString":"input/ignoreWarnings.txt"}],"url":"http://hl7.org/fhir/tools/StructureDefinition/ig-parameter"},{"extension":[{"url":"code","valueCode":"path-history"},{"url":"value","valueString":"https://gematik.de/fhir/erp-diga/history.html"}],"url":"http://hl7.org/fhir/tools/StructureDefinition/ig-parameter"},{"extension":[{"url":"code","valueCode":"template-html"},{"url":"value","valueString":"template-page.html"}],"url":"http://hl7.org/fhir/tools/StructureDefinition/ig-parameter"},{"extension":[{"url":"code","valueCode":"template-md"},{"url":"value","valueString":"template-page-md.html"}],"url":"http://hl7.org/fhir/tools/StructureDefinition/ig-parameter"},{"extension":[{"url":"code","valueCode":"apply-contact"},{"url":"value","valueString":"true"}],"url":"http://hl7.org/fhir/tools/StructureDefinition/ig-parameter"},{"extension":[{"url":"code","valueCode":"apply-context"},{"url":"value","valueString":"true"}],"url":"http://hl7.org/fhir/tools/StructureDefinition/ig-parameter"},{"extension":[{"url":"code","valueCode":"apply-copyright"},{"url":"value","valueString":"true"}],"url":"http://hl7.org/fhir/tools/StructureDefinition/ig-parameter"},{"extension":[{"url":"code","valueCode":"apply-jurisdiction"},{"url":"value","valueString":"true"}],"url":"http://hl7.org/fhir/tools/StructureDefinition/ig-parameter"},{"extension":[{"url":"code","valueCode":"apply-license"},{"url":"value","valueString":"true"}],"url":"http://hl7.org/fhir/tools/StructureDefinition/ig-parameter"},{"extension":[{"url":"code","valueCode":"apply-publisher"},{"url":"value","valueString":"true"}],"url":"http://hl7.org/fhir/tools/StructureDefinition/ig-parameter"},{"extension":[{"url":"code","valueCode":"apply-version"},{"url":"value","valueString":"true"}],"url":"http://hl7.org/fhir/tools/StructureDefinition/ig-parameter"},{"extension":[{"url":"code","valueCode":"apply-wg"},{"url":"value","valueString":"true"}],"url":"http://hl7.org/fhir/tools/StructureDefinition/ig-parameter"},{"extension":[{"url":"code","valueCode":"active-tables"},{"url":"value","valueString":"true"}],"url":"http://hl7.org/fhir/tools/StructureDefinition/ig-parameter"},{"extension":[{"url":"code","valueCode":"fmm-definition"},{"url":"value","valueString":"http://hl7.org/fhir/versions.html#maturity"}],"url":"http://hl7.org/fhir/tools/StructureDefinition/ig-parameter"},{"extension":[{"url":"code","valueCode":"propagate-status"},{"url":"value","valueString":"true"}],"url":"http://hl7.org/fhir/tools/StructureDefinition/ig-parameter"},{"extension":[{"url":"code","valueCode":"excludelogbinaryformat"},{"url":"value","valueString":"true"}],"url":"http://hl7.org/fhir/tools/StructureDefinition/ig-parameter"},{"extension":[{"url":"code","valueCode":"tabbed-snapshots"},{"url":"value","valueString":"true"}],"url":"http://hl7.org/fhir/tools/StructureDefinition/ig-parameter"},{"extension":[{"url":"code","valueCode":"copyrightyear"},{"url":"value","valueString":"2026+"}],"url":"http://hl7.org/fhir/tools/StructureDefinition/ig-parameter"},{"extension":[{"url":"code","valueCode":"releaselabel"},{"url":"value","valueString":"ci-build"}],"url":"http://hl7.org/fhir/tools/StructureDefinition/ig-parameter"},{"extension":[{"url":"code","valueCode":"autoload-resources"},{"url":"value","valueString":"true"}],"url":"http://hl7.org/fhir/tools/StructureDefinition/ig-parameter"},{"extension":[{"url":"code","valueCode":"path-liquid"},{"url":"value","valueString":"template/liquid"}],"url":"http://hl7.org/fhir/tools/StructureDefinition/ig-parameter"},{"extension":[{"url":"code","valueCode":"path-liquid"},{"url":"value","valueString":"input/liquid"}],"url":"http://hl7.org/fhir/tools/StructureDefinition/ig-parameter"},{"extension":[{"url":"code","valueCode":"path-qa"},{"url":"value","valueString":"temp/qa"}],"url":"http://hl7.org/fhir/tools/StructureDefinition/ig-parameter"},{"extension":[{"url":"code","valueCode":"path-temp"},{"url":"value","valueString":"temp/pages"}],"url":"http://hl7.org/fhir/tools/StructureDefinition/ig-parameter"},{"extension":[{"url":"code","valueCode":"path-output"},{"url":"value","valueString":"output"}],"url":"http://hl7.org/fhir/tools/StructureDefinition/ig-parameter"},{"extension":[{"url":"code","valueCode":"path-suppressed-warnings"},{"url":"value","valueString":"input/ignoreWarnings.txt"}],"url":"http://hl7.org/fhir/tools/StructureDefinition/ig-parameter"},{"extension":[{"url":"code","valueCode":"path-history"},{"url":"value","valueString":"https://gematik.de/fhir/erp-diga/history.html"}],"url":"http://hl7.org/fhir/tools/StructureDefinition/ig-parameter"},{"extension":[{"url":"code","valueCode":"template-html"},{"url":"value","valueString":"template-page.html"}],"url":"http://hl7.org/fhir/tools/StructureDefinition/ig-parameter"},{"extension":[{"url":"code","valueCode":"template-md"},{"url":"value","valueString":"template-page-md.html"}],"url":"http://hl7.org/fhir/tools/StructureDefinition/ig-parameter"},{"extension":[{"url":"code","valueCode":"apply-contact"},{"url":"value","valueString":"true"}],"url":"http://hl7.org/fhir/tools/StructureDefinition/ig-parameter"},{"extension":[{"url":"code","valueCode":"apply-context"},{"url":"value","valueString":"true"}],"url":"http://hl7.org/fhir/tools/StructureDefinition/ig-parameter"},{"extension":[{"url":"code","valueCode":"apply-copyright"},{"url":"value","valueString":"true"}],"url":"http://hl7.org/fhir/tools/StructureDefinition/ig-parameter"},{"extension":[{"url":"code","valueCode":"apply-jurisdiction"},{"url":"value","valueString":"true"}],"url":"http://hl7.org/fhir/tools/StructureDefinition/ig-parameter"},{"extension":[{"url":"code","valueCode":"apply-license"},{"url":"value","valueString":"true"}],"url":"http://hl7.org/fhir/tools/StructureDefinition/ig-parameter"},{"extension":[{"url":"code","valueCode":"apply-publisher"},{"url":"value","valueString":"true"}],"url":"http://hl7.org/fhir/tools/StructureDefinition/ig-parameter"},{"extension":[{"url":"code","valueCode":"apply-version"},{"url":"value","valueString":"true"}],"url":"http://hl7.org/fhir/tools/StructureDefinition/ig-parameter"},{"extension":[{"url":"code","valueCode":"apply-wg"},{"url":"value","valueString":"true"}],"url":"http://hl7.org/fhir/tools/StructureDefinition/ig-parameter"},{"extension":[{"url":"code","valueCode":"active-tables"},{"url":"value","valueString":"true"}],"url":"http://hl7.org/fhir/tools/StructureDefinition/ig-parameter"},{"extension":[{"url":"code","valueCode":"fmm-definition"},{"url":"value","valueString":"http://hl7.org/fhir/versions.html#maturity"}],"url":"http://hl7.org/fhir/tools/StructureDefinition/ig-parameter"},{"extension":[{"url":"code","valueCode":"propagate-status"},{"url":"value","valueString":"true"}],"url":"http://hl7.org/fhir/tools/StructureDefinition/ig-parameter"},{"extension":[{"url":"code","valueCode":"excludelogbinaryformat"},{"url":"value","valueString":"true"}],"url":"http://hl7.org/fhir/tools/StructureDefinition/ig-parameter"},{"extension":[{"url":"code","valueCode":"tabbed-snapshots"},{"url":"value","valueString":"true"}],"url":"http://hl7.org/fhir/tools/StructureDefinition/ig-parameter"}],"grouping":[{"id":"-str-logicalmodel","name":"Structures: Logical Models","description":"These define data models that represent the domain covered by this implementation guide in more business-friendly terms than the underlying FHIR resources."},{"id":"-str-profile","name":"Structures: Resource Profiles","description":"These define constraints on FHIR resources for systems conforming to this implementation guide."},{"id":"-str-extension","name":"Structures: Extension Definitions","description":"These define constraints on FHIR data types for systems conforming to this implementation guide."},{"id":"-ex-example","name":"Example: Example Instances","description":"These are example instances that show what data produced and consumed by systems conforming with this implementation guide might look like."}],"resource":[{"extension":[{"url":"http://hl7.org/fhir/tools/StructureDefinition/resource-sort","valueInteger":999999999},{"url":"http://hl7.org/fhir/StructureDefinition/implementationguide-page","valueUri":"StructureDefinition-GEM-ERP-LOG-MedicationDispense-DiGA.html"}],"reference":{"reference":"StructureDefinition/GEM-ERP-LOG-MedicationDispense-DiGA"},"name":"Logical DiGA Medication Dispense","description":"Fachliches Modell zur Beschreibung der Informationen, die bei $close und $dispense in der MedicationDispense-Ressource fuer DiGAs uebermittelt werden.","exampleBoolean":false,"groupingId":"-str-logicalmodel"},{"extension":[{"url":"http://hl7.org/fhir/tools/StructureDefinition/resource-sort","valueInteger":999999999},{"url":"http://hl7.org/fhir/StructureDefinition/implementationguide-page","valueUri":"StructureDefinition-GEM-ERP-PR-PAR-CloseOperation-Input.html"}],"reference":{"reference":"StructureDefinition/GEM-ERP-PR-PAR-CloseOperation-Input"},"name":"GEM ERP PR CloseOperation Input","description":"Dieses Profil definiert die Parameter fuer das Schliessen eines Workflows fuer ein Rezept vom AVS zum E-Rezept-Fachdienst. Dies kann fuer die Operationen $close und $dispense verwendet werden.","exampleBoolean":false,"groupingId":"-str-profile"},{"extension":[{"url":"http://hl7.org/fhir/tools/StructureDefinition/resource-sort","valueInteger":999999999},{"url":"http://hl7.org/fhir/StructureDefinition/implementationguide-page","valueUri":"StructureDefinition-GEM-ERP-PR-Communication-DiGA.html"}],"reference":{"reference":"StructureDefinition/GEM-ERP-PR-Communication-DiGA"},"name":"GEM ERP PR Communication DiGA","description":"Antwort des Leistungserbringers an den Patienten","exampleBoolean":false,"groupingId":"-str-profile"},{"extension":[{"url":"http://hl7.org/fhir/tools/StructureDefinition/resource-sort","valueInteger":999999999},{"url":"http://hl7.org/fhir/StructureDefinition/implementationguide-page","valueUri":"StructureDefinition-GEM-ERP-PR-MedicationDispense-DiGA.html"}],"reference":{"reference":"StructureDefinition/GEM-ERP-PR-MedicationDispense-DiGA"},"name":"GEM ERP PR MedicationDispense DiGA","description":"Dispensierung einer DiGA-Verordnung","exampleBoolean":false,"groupingId":"-str-profile"},{"extension":[{"url":"http://hl7.org/fhir/tools/StructureDefinition/resource-sort","valueInteger":999999999},{"url":"http://hl7.org/fhir/StructureDefinition/implementationguide-page","valueUri":"StructureDefinition-GEM-ERP-EX-DeepLink.html"}],"reference":{"reference":"StructureDefinition/GEM-ERP-EX-DeepLink"},"name":"GEM ERP EX DeepLink","description":"Enthält Informationen zum Deep Link für eine DiGA.","exampleBoolean":false,"groupingId":"-str-extension"},{"extension":[{"url":"http://hl7.org/fhir/tools/StructureDefinition/resource-sort","valueInteger":999999999},{"url":"http://hl7.org/fhir/StructureDefinition/implementationguide-page","valueUri":"StructureDefinition-GEM-ERP-EX-RedeemCode.html"}],"reference":{"reference":"StructureDefinition/GEM-ERP-EX-RedeemCode"},"name":"GEM ERP EX RedeemCode","description":"Gibt den Einlösecode für eine DiGA an.","exampleBoolean":false,"groupingId":"-str-extension"},{"extension":[{"url":"http://hl7.org/fhir/tools/StructureDefinition/resource-sort","valueInteger":999999999},{"url":"http://hl7.org/fhir/StructureDefinition/implementationguide-page","valueUri":"Communication-140f716f-f649-44fe-9a4e-157eb3c8adf3.html"}],"reference":{"reference":"Communication/140f716f-f649-44fe-9a4e-157eb3c8adf3"},"name":"DiGA-Nachricht eines Kostenträgers an den Patienten","description":"Beispiel für eine DiGA-bezogene Nachricht, die vom Kostenträger an den Patienten gesendet wird","exampleCanonical":"https://gematik.de/fhir/erp-diga/StructureDefinition/GEM-ERP-PR-Communication-DiGA","groupingId":"-ex-example"},{"extension":[{"url":"http://hl7.org/fhir/tools/StructureDefinition/resource-sort","valueInteger":999999999},{"url":"http://hl7.org/fhir/StructureDefinition/implementationguide-page","valueUri":"Communication-2be1c6ac-5d10-47f6-84ee-8318b2c22c76.html"}],"reference":{"reference":"Communication/2be1c6ac-5d10-47f6-84ee-8318b2c22c76"},"name":"DiGA-Zuweisung des Patienten an die Krankenkasse","description":"Beispiel für eine Nachricht des Patienten an die Krankenkasse zur Anfrage der DiGA-Abgabe mit AccessCode","exampleBoolean":true,"groupingId":"-ex-example"},{"extension":[{"url":"http://hl7.org/fhir/tools/StructureDefinition/resource-sort","valueInteger":999999999},{"url":"http://hl7.org/fhir/StructureDefinition/implementationguide-page","valueUri":"Parameters-ExampleCloseInputParametersDiGA.html"}],"reference":{"reference":"Parameters/ExampleCloseInputParametersDiGA"},"name":"Example Close Parameters","exampleCanonical":"https://gematik.de/fhir/erp-diga/StructureDefinition/GEM-ERP-PR-PAR-CloseOperation-Input","groupingId":"-ex-example"},{"extension":[{"url":"http://hl7.org/fhir/tools/StructureDefinition/resource-sort","valueInteger":999999999},{"url":"http://hl7.org/fhir/StructureDefinition/implementationguide-page","valueUri":"MedicationDispense-Example-MedicationDispense-DiGA-DeepLink.html"}],"reference":{"reference":"MedicationDispense/Example-MedicationDispense-DiGA-DeepLink"},"name":"Medication Dispense DiGA with a deep link.","description":"Example of a Medication Dispense for DiGAs which states a deep link.","exampleCanonical":"https://gematik.de/fhir/erp-diga/StructureDefinition/GEM-ERP-PR-MedicationDispense-DiGA","groupingId":"-ex-example"},{"extension":[{"url":"http://hl7.org/fhir/tools/StructureDefinition/resource-sort","valueInteger":999999999},{"url":"http://hl7.org/fhir/StructureDefinition/implementationguide-page","valueUri":"MedicationDispense-Example-MedicationDispense-DiGA-NoRedeemCode.html"}],"reference":{"reference":"MedicationDispense/Example-MedicationDispense-DiGA-NoRedeemCode"},"name":"Medication Dispense DiGA without a redeem code","description":"Example of a Medication Dispense for DiGAs which has no redeem code.","exampleCanonical":"https://gematik.de/fhir/erp-diga/StructureDefinition/GEM-ERP-PR-MedicationDispense-DiGA","groupingId":"-ex-example"},{"extension":[{"url":"http://hl7.org/fhir/tools/StructureDefinition/resource-sort","valueInteger":999999999},{"url":"http://hl7.org/fhir/StructureDefinition/implementationguide-page","valueUri":"MedicationDispense-Example-MedicationDispense-DiGA-Name-And-PZN.html"}],"reference":{"reference":"MedicationDispense/Example-MedicationDispense-DiGA-Name-And-PZN"},"name":"Medication Dispense DiGA, Name and PZN","description":"Example of a Medication Dispense for DiGAs only stating the name of the DiGA.","exampleCanonical":"https://gematik.de/fhir/erp-diga/StructureDefinition/GEM-ERP-PR-MedicationDispense-DiGA","groupingId":"-ex-example"}],"page":{"extension":[{"url":"http://hl7.org/fhir/tools/StructureDefinition/ig-page-name","valueUrl":"toc.html"}],"nameUrl":"toc.html","title":"Table of Contents","generation":"html","page":[{"extension":[{"url":"http://hl7.org/fhir/tools/StructureDefinition/ig-page-name","valueUrl":"index.html"}],"nameUrl":"index.html","title":"Implementation Guide E-Rezept-DiGA","generation":"markdown"},{"extension":[{"url":"http://hl7.org/fhir/tools/StructureDefinition/ig-page-name","valueUrl":"menu-fachlichkeit-ueberblick.html"}],"nameUrl":"menu-fachlichkeit-ueberblick.html","title":"Überblick zur Verordnung von DiGAs","generation":"markdown","page":[{"extension":[{"url":"http://hl7.org/fhir/tools/StructureDefinition/ig-page-name","valueUrl":"menu-fachlichkeit-epic.html"}],"nameUrl":"menu-fachlichkeit-epic.html","title":"Epic","generation":"markdown"},{"extension":[{"url":"http://hl7.org/fhir/tools/StructureDefinition/ig-page-name","valueUrl":"menu-fachlichkeit-userstories.html"}],"nameUrl":"menu-fachlichkeit-userstories.html","title":"User Stories","generation":"markdown"},{"extension":[{"url":"http://hl7.org/fhir/tools/StructureDefinition/ig-page-name","valueUrl":"menu-fachlichkeit-szenarien.html"}],"nameUrl":"menu-fachlichkeit-szenarien.html","title":"Szenarien für den DiGA-Workflow","generation":"markdown","page":[{"extension":[{"url":"http://hl7.org/fhir/tools/StructureDefinition/ig-page-name","valueUrl":"menu-fachlichkeit-szenario-diga.html"}],"nameUrl":"menu-fachlichkeit-szenario-diga.html","title":"Szenario: Verordnungen für DiGA","generation":"markdown"}]},{"extension":[{"url":"http://hl7.org/fhir/tools/StructureDefinition/ig-page-name","valueUrl":"menu-fachlichkeit-anwendungsfaelle.html"}],"nameUrl":"menu-fachlichkeit-anwendungsfaelle.html","title":"Anwendungsfälle im DiGA-Workflow","generation":"markdown"}]},{"extension":[{"url":"http://hl7.org/fhir/tools/StructureDefinition/ig-page-name","valueUrl":"menu-technische-umsetzung-systemueberblick.html"}],"nameUrl":"menu-technische-umsetzung-systemueberblick.html","title":"Systemüberblick","generation":"markdown","page":[{"extension":[{"url":"http://hl7.org/fhir/tools/StructureDefinition/ig-page-name","valueUrl":"menu-technische-umsetzung-anwendungsfaelle.html"}],"nameUrl":"menu-technische-umsetzung-anwendungsfaelle.html","title":"Technische Anwendungsfälle","generation":"markdown"},{"extension":[{"url":"http://hl7.org/fhir/tools/StructureDefinition/ig-page-name","valueUrl":"menu-technische-umsetzung-verarbeitungsregeln.html"}],"nameUrl":"menu-technische-umsetzung-verarbeitungsregeln.html","title":"Verarbeitungsregeln","generation":"markdown"}]},{"extension":[{"url":"http://hl7.org/fhir/tools/StructureDefinition/ig-page-name","valueUrl":"menu-schnittstellen-generelle-prinzipien.html"}],"nameUrl":"menu-schnittstellen-generelle-prinzipien.html","title":"Generelle Prinzipien","generation":"markdown"},{"extension":[{"url":"http://hl7.org/fhir/tools/StructureDefinition/ig-page-name","valueUrl":"menu-datenschutz-und-sicherheit.html"}],"nameUrl":"menu-datenschutz-und-sicherheit.html","title":"Datenschutz und Informationssicherheit","generation":"markdown"},{"extension":[{"url":"http://hl7.org/fhir/tools/StructureDefinition/ig-page-name","valueUrl":"query-api.html"}],"nameUrl":"query-api.html","title":"Query API","generation":"markdown","page":[{"extension":[{"url":"http://hl7.org/fhir/tools/StructureDefinition/ig-page-name","valueUrl":"query-api-task.html"}],"nameUrl":"query-api-task.html","title":"Query API: Task","generation":"markdown"},{"extension":[{"url":"http://hl7.org/fhir/tools/StructureDefinition/ig-page-name","valueUrl":"query-api-communication.html"}],"nameUrl":"query-api-communication.html","title":"Query API: Communication","generation":"markdown","page":[{"extension":[{"url":"http://hl7.org/fhir/tools/StructureDefinition/ig-page-name","valueUrl":"query-api-communication-req-fdv.html"}],"nameUrl":"query-api-communication-req-fdv.html","title":"Anforderungen an das E-Rezept-FdV für Communication API","generation":"markdown"},{"extension":[{"url":"http://hl7.org/fhir/tools/StructureDefinition/ig-page-name","valueUrl":"query-api-communication-req-ktr.html"}],"nameUrl":"query-api-communication-req-ktr.html","title":"Anforderungen an das Clientsystem des Kostenträgers für Communication API","generation":"markdown"}]},{"extension":[{"url":"http://hl7.org/fhir/tools/StructureDefinition/ig-page-name","valueUrl":"query-api-medicationdispense.html"}],"nameUrl":"query-api-medicationdispense.html","title":"Query API: MedicationDispense","generation":"markdown"}]},{"extension":[{"url":"http://hl7.org/fhir/tools/StructureDefinition/ig-page-name","valueUrl":"operation-api.html"}],"nameUrl":"operation-api.html","title":"Operation API","generation":"markdown","page":[{"extension":[{"url":"http://hl7.org/fhir/tools/StructureDefinition/ig-page-name","valueUrl":"op-create.html"}],"nameUrl":"op-create.html","title":"Operation: $create","generation":"markdown","page":[{"extension":[{"url":"http://hl7.org/fhir/tools/StructureDefinition/ig-page-name","valueUrl":"op-create-req-client.html"}],"nameUrl":"op-create-req-client.html","title":"Anforderungen an den verordnende Primärsystem für die $create-Operation","generation":"markdown"}]},{"extension":[{"url":"http://hl7.org/fhir/tools/StructureDefinition/ig-page-name","valueUrl":"op-activate.html"}],"nameUrl":"op-activate.html","title":"Operation: $activate","generation":"markdown","page":[{"extension":[{"url":"http://hl7.org/fhir/tools/StructureDefinition/ig-page-name","valueUrl":"op-activate-req-server.html"}],"nameUrl":"op-activate-req-server.html","title":"Anforderungen an den E-Rezept-Fachdienst für die $activate-Operation","generation":"markdown"},{"extension":[{"url":"http://hl7.org/fhir/tools/StructureDefinition/ig-page-name","valueUrl":"op-activate-req-client.html"}],"nameUrl":"op-activate-req-client.html","title":"Anforderungen an den verordnende Primärsystem für die $activate-Operation","generation":"markdown"}]},{"extension":[{"url":"http://hl7.org/fhir/tools/StructureDefinition/ig-page-name","valueUrl":"op-accept.html"}],"nameUrl":"op-accept.html","title":"Operation: $accept","generation":"markdown"},{"extension":[{"url":"http://hl7.org/fhir/tools/StructureDefinition/ig-page-name","valueUrl":"op-reject.html"}],"nameUrl":"op-reject.html","title":"Operation: $reject","generation":"markdown"},{"extension":[{"url":"http://hl7.org/fhir/tools/StructureDefinition/ig-page-name","valueUrl":"op-close.html"}],"nameUrl":"op-close.html","title":"Operation: $close","generation":"markdown"}]},{"extension":[{"url":"http://hl7.org/fhir/tools/StructureDefinition/ig-page-name","valueUrl":"artifacts.html"}],"nameUrl":"artifacts.html","title":"FHIR-Artefakte","generation":"markdown","page":[{"extension":[{"url":"http://hl7.org/fhir/tools/StructureDefinition/ig-page-name","valueUrl":"StructureDefinition-GEM-ERP-LOG-MedicationDispense-DiGA.html"}],"nameUrl":"StructureDefinition-GEM-ERP-LOG-MedicationDispense-DiGA.html","title":"Logical DiGA Medication Dispense","generation":"generated"},{"extension":[{"url":"http://hl7.org/fhir/tools/StructureDefinition/ig-page-name","valueUrl":"StructureDefinition-GEM-ERP-PR-PAR-CloseOperation-Input.html"}],"nameUrl":"StructureDefinition-GEM-ERP-PR-PAR-CloseOperation-Input.html","title":"GEM ERP PR CloseOperation Input","generation":"generated"},{"extension":[{"url":"http://hl7.org/fhir/tools/StructureDefinition/ig-page-name","valueUrl":"StructureDefinition-GEM-ERP-PR-Communication-DiGA.html"}],"nameUrl":"StructureDefinition-GEM-ERP-PR-Communication-DiGA.html","title":"GEM ERP PR Communication DiGA","generation":"generated"},{"extension":[{"url":"http://hl7.org/fhir/tools/StructureDefinition/ig-page-name","valueUrl":"StructureDefinition-GEM-ERP-PR-MedicationDispense-DiGA.html"}],"nameUrl":"StructureDefinition-GEM-ERP-PR-MedicationDispense-DiGA.html","title":"GEM ERP PR MedicationDispense DiGA","generation":"generated"},{"extension":[{"url":"http://hl7.org/fhir/tools/StructureDefinition/ig-page-name","valueUrl":"StructureDefinition-GEM-ERP-EX-DeepLink.html"}],"nameUrl":"StructureDefinition-GEM-ERP-EX-DeepLink.html","title":"GEM ERP EX DeepLink","generation":"generated"},{"extension":[{"url":"http://hl7.org/fhir/tools/StructureDefinition/ig-page-name","valueUrl":"StructureDefinition-GEM-ERP-EX-RedeemCode.html"}],"nameUrl":"StructureDefinition-GEM-ERP-EX-RedeemCode.html","title":"GEM ERP EX RedeemCode","generation":"generated"},{"extension":[{"url":"http://hl7.org/fhir/tools/StructureDefinition/ig-page-name","valueUrl":"Communication-140f716f-f649-44fe-9a4e-157eb3c8adf3.html"}],"nameUrl":"Communication-140f716f-f649-44fe-9a4e-157eb3c8adf3.html","title":"DiGA-Nachricht eines Kostenträgers an den Patienten","generation":"generated"},{"extension":[{"url":"http://hl7.org/fhir/tools/StructureDefinition/ig-page-name","valueUrl":"Communication-2be1c6ac-5d10-47f6-84ee-8318b2c22c76.html"}],"nameUrl":"Communication-2be1c6ac-5d10-47f6-84ee-8318b2c22c76.html","title":"DiGA-Zuweisung des Patienten an die Krankenkasse","generation":"generated"},{"extension":[{"url":"http://hl7.org/fhir/tools/StructureDefinition/ig-page-name","valueUrl":"Parameters-ExampleCloseInputParametersDiGA.html"}],"nameUrl":"Parameters-ExampleCloseInputParametersDiGA.html","title":"Example Close Parameters","generation":"generated"},{"extension":[{"url":"http://hl7.org/fhir/tools/StructureDefinition/ig-page-name","valueUrl":"MedicationDispense-Example-MedicationDispense-DiGA-DeepLink.html"}],"nameUrl":"MedicationDispense-Example-MedicationDispense-DiGA-DeepLink.html","title":"Medication Dispense DiGA with a deep link.","generation":"generated"},{"extension":[{"url":"http://hl7.org/fhir/tools/StructureDefinition/ig-page-name","valueUrl":"MedicationDispense-Example-MedicationDispense-DiGA-NoRedeemCode.html"}],"nameUrl":"MedicationDispense-Example-MedicationDispense-DiGA-NoRedeemCode.html","title":"Medication Dispense DiGA without a redeem code","generation":"generated"},{"extension":[{"url":"http://hl7.org/fhir/tools/StructureDefinition/ig-page-name","valueUrl":"MedicationDispense-Example-MedicationDispense-DiGA-Name-And-PZN.html"}],"nameUrl":"MedicationDispense-Example-MedicationDispense-DiGA-Name-And-PZN.html","title":"Medication Dispense DiGA, Name and PZN","generation":"generated"}]},{"extension":[{"url":"http://hl7.org/fhir/tools/StructureDefinition/ig-page-name","valueUrl":"menu-schnittstellen-additional-api.html"}],"nameUrl":"menu-schnittstellen-additional-api.html","title":"Additional APIs","generation":"markdown","page":[{"extension":[{"url":"http://hl7.org/fhir/tools/StructureDefinition/ig-page-name","valueUrl":"api-add-fhirvzd.html"}],"nameUrl":"api-add-fhirvzd.html","title":"API FHIR-VZD","generation":"markdown"}]},{"extension":[{"url":"http://hl7.org/fhir/tools/StructureDefinition/ig-page-name","valueUrl":"referenced.html"}],"nameUrl":"referenced.html","title":"Referenzen","generation":"markdown"},{"extension":[{"url":"http://hl7.org/fhir/tools/StructureDefinition/ig-page-name","valueUrl":"downloads.html"}],"nameUrl":"downloads.html","title":"Downloads","generation":"markdown"},{"extension":[{"url":"http://hl7.org/fhir/tools/StructureDefinition/ig-page-name","valueUrl":"release-notes.html"}],"nameUrl":"release-notes.html","title":"Release Notes","generation":"markdown"},{"extension":[{"url":"http://hl7.org/fhir/tools/StructureDefinition/ig-page-name","valueUrl":"spec-sheet.html"}],"nameUrl":"spec-sheet.html","title":"Steckbriefe","generation":"markdown"},{"extension":[{"url":"http://hl7.org/fhir/tools/StructureDefinition/ig-page-name","valueUrl":"license.html"}],"nameUrl":"license.html","title":"Apache Licence","generation":"markdown"}]},"parameter":[{"code":"path-pages","value":"input/pagecontent"},{"code":"path-pages","value":"input/content"},{"code":"path-resource","value":"input/capabilities"},{"code":"path-resource","value":"input/examples"},{"code":"path-resource","value":"input/extensions"},{"code":"path-resource","value":"input/models"},{"code":"path-resource","value":"input/operations"},{"code":"path-resource","value":"input/profiles"},{"code":"path-resource","value":"input/resources"},{"code":"path-resource","value":"input/vocabulary"},{"code":"path-resource","value":"input/maps"},{"code":"path-resource","value":"input/testing"},{"code":"path-resource","value":"input/history"},{"code":"path-resource","value":"fsh-generated/resources"},{"code":"path-pages","value":"template/config"},{"code":"path-pages","value":"input/images"},{"code":"path-tx-cache","value":"input-cache/txcache"}]}}